,0,1,2,3,4,5,6,7,8,9,10,11,12,13,14,15,16,17,18,19,20,21,22,23,load_flag
210101,903.5,886.1,906.2,881.3,900.3,885.2,885.6,867.1,894.6,897.9,885.5,884.2,866.6,854.6,853.0,868.9,896.1,893.7,901.6,868.4,849.3,883.2,841.0,856.8,1
210102,845.3,852.8,854.3,797.8,806.9,795.0,802.0,833.8,823.8,839.5,795.1,830.8,910.4,885.0,889.7,937.4,929.2,875.6,872.3,929.1,923.6,909.8,898.6,919.2,1
210103,874.1,894.2,910.5,882.1,911.1,876.2,854.1,832.9,838.0,831.1999999999999,909.1,836.9000000000001,868.4000000000001,844.5999999999999,881.4,877.3,904.3,936.6,884.2,923.4,929.2,889.2,893.5,893.2,1
210104,879.6,906.7,902.6,866.7,821.9,869.8,853.7,893.9,1064.5,1110.0,1167.3999999999999,1178.8,1100.4,1127.2,1144.9,1109.3,1111.3999999999999,1101.6000000000001,1043.8,1016.0,975.6,979.7,982.6,933.4,0
210105,925.6,936.7,882.7,894.6,864.2,859.1,853.7,891.3,958.0,1092.0,1146.2,1178.1999999999998,1160.9,1189.5,1183.3000000000002,1183.1,1176.0,1150.8000000000002,1105.5,976.7,978.8,989.3,965.6,968.6,0
210106,941.6,938.5,908.3,922.8,889.1,909.2,890.2,958.8,1094.5,1179.1,1196.3,1207.3000000000002,1174.5,1186.4,1150.6,1128.4,1143.2,1150.4,1040.5,1043.8,1018.8,1017.6,978.0,958.3,0
210107,959.1,993.6,928.9,974.8,1028.6,985.0,971.7,1021.1,1077.4,1266.2,1377.2,1320.0,1329.8,1351.7,1351.0,1352.1999999999998,1358.4,1349.5,1279.1,1213.7,1264.2,1229.0,1223.8,1205.3,0
210108,1190.3,1182.8,1160.8,1122.6,1099.7,1116.8,1140.9,1152.3,1314.6,1387.3,1455.1000000000001,1433.0,1357.0,1370.8999999999999,1343.1,1316.1000000000001,1318.6000000000001,1346.1999999999998,1326.0,1207.8,1231.6,1258.3,1264.5,1202.8,0
210109,1180.5,1160.6,1145.0,1151.3,1130.1,1124.2,1109.2,1156.1,1175.2,1209.1,1131.1,1094.3999999999999,1105.4,1027.6,998.6,1046.3000000000002,1076.3,1104.3,1161.5,1207.8,1166.6,1139.0,1173.2,1194.2,1
210110,1206.1,1183.3,1186.5,1196.2,1189.9,1158.2,1185.6,1167.5,1170.8,1114.4,1130.0,1097.6999999999998,1067.6,1073.3999999999999,1098.8999999999999,1070.9,1114.9,1113.9,1110.0,1093.0,1076.5,1103.9,1072.9,1065.4,1
210111,1071.3,1016.5,1006.8,990.2,1030.1,1014.6,1000.6,1076.4,1124.1999999999998,1287.0,1352.9,1327.4,1300.0,1257.4,1263.8,1280.8,1255.3999999999999,1257.7,1208.7,1144.6,1192.8,1164.9,1137.9,1139.0,0
210112,1103.9,1081.5,1096.5,1079.5,1086.8,1104.5,1103.5,1127.4,1216.1,1298.2,1319.8,1242.1000000000001,1215.8,1241.8999999999999,1159.6000000000001,1208.1000000000001,1173.0,1211.8,1166.4,1115.3,1106.4,1068.2,1115.4,1124.7,0
210113,1055.1,1057.3,1026.0,1018.3,1027.7,1050.4,1017.1,1067.4,1074.0,1154.3,1189.6,1136.6999999999998,1128.5,1109.9,1082.3,1028.6,1058.0,1069.6,1048.9,964.3,1009.2,958.1,995.7,971.6,0
210114,937.3,952.6,954.1,942.8,932.4,980.0,950.7,999.0,1050.5,1193.8999999999999,1168.6999999999998,1138.9,1099.3000000000002,1016.5,983.9,977.0,956.9,964.4,935.0,923.3,933.5,972.0,933.4,930.2,0
210115,893.0,889.9,920.0,891.7,877.7,878.3,886.6,883.3,971.0,1085.7,1084.4,984.5,983.8,943.8,946.9,917.5999999999999,923.9,880.8000000000001,881.3,863.3,858.3,832.6,861.5,849.4,0
210116,845.9,824.4,835.7,829.7,843.1,823.5,866.0,839.6,864.7,923.4,907.7,822.2,894.0,929.5,908.6999999999999,964.8000000000001,964.8000000000001,966.6999999999999,984.5,952.1,990.0,981.7,967.7,962.4,1
210117,938.9,919.7,964.9,917.1,884.8,889.9,894.0,928.4,970.9000000000001,903.5,885.4,853.2,892.4,897.9000000000001,931.0,912.4,934.1999999999999,996.8,1052.7,1005.2,1030.8,981.3,975.4,985.2,1
210118,937.7,917.5,931.1,925.5,920.7,927.3,910.1,932.0,1031.9,1020.5,1005.5,993.5,973.5,959.7,987.3,960.6,983.7,1028.3,1053.8,1014.3,1058.1,1011.4,1001.7,1003.1,0
210119,935.0,914.5,897.2,932.0,956.3,946.1,925.8,932.0,1061.7,1142.9,1165.1,1143.1,1111.0,1102.4,1068.8999999999999,1067.3000000000002,1050.7,1055.8000000000002,1034.0,992.2,1057.5,1029.6,1007.3,1007.8,0
210120,959.1,949.1,928.9,967.7,1002.9,921.4,948.7,977.3,1022.8,1106.6,1124.1,1076.2,1040.7,997.4,994.8000000000001,962.3000000000001,957.1,996.0,1004.6,946.7,928.9,916.3,923.3,923.8,0
210121,872.0,864.1,841.8,828.1,809.4,855.7,846.9,844.8,941.4000000000001,1025.3999999999999,1004.4,984.6,969.0,968.1999999999999,977.1999999999999,962.3,958.4,964.5,938.8,886.3,873.1,873.2,849.2,797.6,0
210122,838.6,802.5,764.1,769.8,787.8,760.4,770.8,786.6,855.8,913.6,916.9,901.8,930.2,924.6,927.2,947.1,941.9,918.6999999999999,901.6,861.7,859.3,826.1,814.0,805.8,0
210123,769.8,779.4,788.6,734.6,716.7,765.4,730.3,725.9,715.9,741.6,776.6999999999999,763.4000000000001,731.0,756.6,769.9,797.3,788.4,782.4,775.8,782.4,769.9,765.8,784.9,753.2,1
210124,772.3,752.3,743.4,726.1,724.4,739.8,719.3,746.0,761.8,736.1,726.3,722.0,725.8,742.4,757.6999999999999,753.1,773.0,775.4,805.7,813.4,799.8,796.0,793.3,796.8,1
210125,795.3,801.9,741.1,740.6,760.8,777.9,774.5,803.4,888.6999999999999,941.6,964.0,945.6,885.5,871.0,870.4,868.9,856.6,842.5999999999999,801.8,788.0,782.6,831.8,808.5,819.0,0
210126,759.0,745.0,748.4,712.3,701.5,726.2,754.2,785.6,857.2,920.4,961.7,985.0999999999999,965.0999999999999,967.3000000000001,979.6999999999999,946.8,936.5,932.7,884.5,837.0,843.7,856.6,838.5,815.3,0
210127,812.1,802.6,806.0,822.9,777.8,772.2,784.3,775.5,890.5,954.5,981.1,976.8000000000001,917.8,903.8000000000001,914.7,946.5,936.4,958.4000000000001,932.0,904.8,930.0,903.2,899.6,863.7,0
210128,866.9,891.5,852.2,886.2,857.3,867.2,866.6,854.4,953.6,1020.6999999999999,1059.8,1031.0,970.1999999999999,973.4,960.1,986.0999999999999,965.8000000000001,988.4,969.3,953.0,961.3,933.3,943.1,909.9,0
210129,920.5,965.9,898.3,923.7,913.0,939.1,933.1,933.9,1010.3,1081.7,1140.2,1089.8,1090.8,1111.1,1049.8,1073.1,1024.7,1030.9,987.9,967.9,939.9,939.0,958.8,949.0,0
210130,934.6,911.1,967.2,931.1,906.3,912.7,899.2,886.1,865.1,884.6999999999999,864.9,880.3,801.0,834.5,861.6,856.3,901.6,915.1999999999999,889.8,862.6,859.4,859.6,867.6,913.0,1
210131,942.9,897.3,1007.0,932.4,905.1,906.0,893.3,865.7,813.5,889.5,857.6,850.5,804.7,798.1,842.5,826.0,853.9,905.1,874.7,832.0,825.9,850.5,839.4,899.6,1
210201,835.7,822.5,823.6,830.5,845.9,795.2,875.8,829.8,876.2,1058.0,1086.9,1003.2,1035.6,1005.3000000000001,1009.5,1069.3,1058.3,1016.6999999999999,1016.8,1028.6,1004.1,956.9,977.2,915.2,0
210202,840.9,839.7,836.6,831.0,845.5,805.3,863.7,847.8,926.1999999999999,1079.6,1093.5,1057.1000000000001,1051.0,1020.3,1025.4,1059.0,1047.2,1017.8000000000001,996.5,993.4,977.7,947.5,946.8,905.0,0
210203,912.3,881.9,870.2,849.2,849.6,832.6,840.9,941.6,1044.6,1083.1000000000001,1078.1999999999998,1092.2,1023.5,981.4,966.0999999999999,986.8000000000001,969.1,998.8,971.3,931.8,910.9,933.8,887.9,855.5,0
210204,835.3,852.4,816.7,790.3,790.8,824.5,789.3,845.6,956.3,1061.5,1088.1,1023.9,1036.3,1028.7,1054.4,1001.3,993.6999999999999,1021.2,961.6,939.4,953.8,948.1,905.5,938.2,0
210205,885.3,932.6,875.9,915.9,869.8,844.6,881.4,873.3,930.8,1013.0,1083.0,1071.1,991.9,982.8,997.3000000000001,950.0,927.6,945.2,875.7,846.2,871.8,861.5,826.8,822.9,0
210206,819.9,801.3,812.6,821.2,813.3,781.8,816.2,796.9,833.5999999999999,798.6,791.1999999999999,817.2,812.8000000000001,778.7,811.5,826.6999999999999,803.3,789.1999999999999,802.6,781.5,784.3,767.0,798.0,780.8,1
210207,771.1,784.1,765.0,778.3,759.2,738.2,753.2,754.0,754.5,766.7,733.6,726.5,715.0999999999999,751.0,730.3,787.6,780.5,816.6,837.6,831.2,827.0,846.2,813.3,818.3,1
210208,825.1,822.7,788.8,792.4,822.4,766.6,808.3,784.1,887.9,960.6,1009.5,996.9,1017.5,1038.4,989.5,983.3,992.4,1004.9,980.8000000000001,934.0,913.0,891.1,884.7,873.1,0
210209,852.1,834.6,811.8,796.2,786.9,815.4,816.7,796.9,955.6,1054.1,1057.6,1002.9000000000001,974.5,976.4,978.4000000000001,944.7,941.3,918.8000000000001,902.6,890.7,907.2,937.6,870.6,848.0,0
210210,886.1,852.0,835.1,839.8,860.3,841.0,840.2,842.4,926.1,952.4,996.6999999999999,977.1999999999999,924.5,922.9,914.6,884.7,910.1,891.5999999999999,834.2,823.2,802.2,780.6,814.7,759.2,0
210211,809.3,811.6,780.4,764.8,777.7,778.1,794.9,782.1,785.3,773.1,748.0,769.1,727.0,730.0999999999999,725.6,704.0,726.5,715.6,742.3,722.0,717.2,681.1,707.0,699.6,1
210212,722.0,723.8,747.1,718.5,707.6,731.5,737.1,720.5,731.0,727.5,726.6,696.9000000000001,666.1,645.3000000000001,650.3,650.4,688.2,702.0,714.5,695.6,698.6,714.8,721.2,747.0,1
210213,761.4,756.0,788.6,749.8,735.5,769.5,856.8,833.0,730.4,748.1,738.4,674.5999999999999,683.3,690.7,681.9,651.6,675.2,701.5,686.8,699.2,711.7,694.9,724.9,735.3,1
210214,754.4,761.8,744.7,714.2,733.2,678.6,702.1,718.8,709.3,677.6,685.2,701.4,668.5,653.5,713.5,680.7,722.0,702.9,699.0,690.3,706.8,718.2,727.6,701.2,1
210215,705.3,699.1,684.8,684.6,707.2,685.2,701.3,690.4,807.7,917.3000000000001,943.3000000000001,942.6,969.7,982.9,994.9000000000001,991.1,1014.1,1003.2,958.1,939.5,924.3,852.1,885.2,826.0,0
210216,834.9,790.1,806.2,783.8,771.5,782.6,813.2,822.3,914.0999999999999,1026.8,1049.1,1029.1,1019.6,1015.6,996.0,1005.4000000000001,989.9,995.4000000000001,948.3000000000001,923.2,920.0,902.9,887.7,871.3,0
210217,856.2,853.9,823.0,840.9,826.1,819.4,845.3,932.9,910.9,1062.5,1088.6000000000001,1110.3999999999999,1096.0,1108.3,1139.6000000000001,1142.3,1147.1000000000001,1157.1000000000001,1099.3999999999999,1051.0,1037.4,984.1,964.2,976.5,0
210218,960.6,904.2,901.5,882.7,876.8,899.1,879.2,871.7,989.7,1083.7,1098.6000000000001,1099.2,1022.9,1094.7,1078.3000000000002,1163.1000000000001,1133.8999999999999,1098.5,1032.9,1000.7,982.5,974.9,965.5,948.0,0
210219,905.5,885.4,894.4,861.3,876.3,902.2,890.7,926.0,995.9,1060.8,1072.8000000000002,1052.5,1016.2,1001.1,973.4,964.0,943.9,928.6,836.6,837.2,832.5,830.9,822.9,801.8,0
210220,795.5,832.2,822.9,810.9,784.3,777.3,823.8,799.2,778.8,792.3000000000001,839.1,749.6,723.1,744.0999999999999,761.1,763.8,741.1,773.1999999999999,739.5,714.3,751.4,706.6,748.0,738.7,1
210221,720.1,745.4,752.9,724.2,710.0,685.8,758.9,745.3,786.5,810.2,799.8,727.4,708.6,713.6,729.2,720.6,711.4000000000001,749.1,753.5,744.9,778.8,744.9,784.7,767.4,1
210222,698.6,661.0,687.4,657.6,664.5,652.9,699.0,742.5,813.6,860.6999999999999,848.3000000000001,813.5,790.2,797.9,803.9,804.8,817.1,821.0,801.0999999999999,793.4,812.3,828.0,828.7,797.9,0
210223,785.1,816.2,816.6,750.1,811.7,767.9,800.8,832.7,851.3,942.5,986.9,987.0999999999999,932.0,971.7,950.3,917.1,948.4,921.9,875.8,841.3,825.8,825.5,809.2,787.2,0
210224,803.8,768.5,826.9,797.8,803.3,808.2,801.2,836.6,925.4000000000001,967.0,1009.3,986.7,1000.0,957.7,951.5,962.5,936.9000000000001,972.4,907.4000000000001,884.4,918.3,864.6,848.4,824.8,0
210225,873.4,814.9,802.7,830.8,805.7,796.9,803.9,794.4,882.8000000000001,975.5,1017.6,991.9,997.2,967.6999999999999,998.5999999999999,984.4000000000001,963.8,930.0,894.5,856.4,819.8,827.5,799.8,782.9,0
210226,761.6,746.6,718.6,753.0,726.8,741.1,739.4,730.0,808.5,902.6,908.6,872.6,892.0,878.0,899.5,878.2,860.3000000000001,829.3,792.7,773.8,746.7,779.4,774.6,725.9,0
210227,719.7,703.8,704.0,723.4,698.7,710.1,703.2,683.1,727.1,722.8,702.0,692.5,673.6,688.8,647.1,694.6999999999999,656.1,676.6999999999999,661.1999999999999,652.9,674.9,721.7,705.3,703.9,1
210228,710.5,683.2,696.8,719.1,686.6,691.1,673.4,645.6,643.3,586.8,542.9000000000001,523.3000000000001,479.0,512.5,447.0,516.9,528.3,562.0,556.6,563.1,605.6,670.6,665.1,688.5,1
210301,700.9,677.6,643.0,691.4,648.9,628.9,599.4,632.6,634.7,649.6999999999999,679.9,678.4,683.4,707.4,702.8000000000001,693.4,715.4,749.4,738.3,730.5,747.8,765.0,751.3,738.5,0
210302,719.9,701.5,701.6,698.5,685.0,666.4,722.6,706.9,867.0,942.0,930.8,953.3,917.5,884.6,943.2,891.6,867.1,881.8,868.2,853.1,848.0,857.5,816.9,829.4,0
210303,771.0,801.9,791.9,794.5,765.2,777.1,812.0,865.9,888.6,1012.3,974.9,955.3000000000001,949.3000000000001,915.7,891.7,899.5,837.0,858.1,824.0,785.0,765.0,777.3,765.8,734.3,0
210304,730.8,704.1,693.7,712.0,685.4,695.0,689.3,725.5,831.6,939.5,909.9000000000001,945.3000000000001,943.9,911.0,906.6999999999999,941.1,895.9000000000001,900.3,833.2,798.9,819.8,795.1,809.8,797.6,0
210305,779.1,729.0,726.8,738.3,749.4,715.0,754.7,761.8,828.4,882.9,874.8,878.0999999999999,839.0,796.3,794.4,795.7,774.5,773.0,726.5,699.0,698.3,700.2,669.8,694.6,0
210306,683.2,684.9,667.5,642.4,668.4,660.7,687.9,665.6,646.7,691.4,669.2,667.9000000000001,671.3,654.4,655.1,667.5,658.7,642.6,658.4,662.9,650.9,638.8,634.3,661.2,1
210307,671.4,677.3,647.0,633.7,642.2,667.9,657.8,661.3,667.6,685.5,664.3,651.5,647.9000000000001,660.5,662.5,645.7,674.5999999999999,670.3000000000001,689.6,708.8,703.6,699.0,717.1,674.4,1
210308,671.4,683.2,646.6,650.9,672.6,645.9,663.6,674.9,778.2,862.5,854.6,864.6999999999999,823.7,817.9,833.6,811.0,799.4,783.5,749.3,763.9,731.6,778.1,715.0,706.1,0
210309,678.2,664.0,666.5,672.5,657.1,659.5,678.2,715.6,800.1,883.8000000000001,838.9000000000001,817.5,791.9000000000001,804.6,803.0,789.9,782.6,798.3,776.8,759.5,738.0,727.8,740.1,716.0,0
210310,718.1,690.7,674.2,663.8,698.3,680.4,682.8,709.8000000000001,789.4,873.5,853.7,820.0,777.6,767.9000000000001,790.7,818.8000000000001,745.8,731.1999999999999,714.8000000000001,700.6,658.3,669.4,685.1,684.9,0
210311,670.7,663.5,659.4,682.9,645.8,622.8,663.7,653.5,748.1,807.5,809.7,807.4000000000001,759.6,766.0,746.9,767.3000000000001,740.5,736.3000000000001,701.3000000000001,669.6,643.1,657.0,661.9,636.7,0
210312,622.9,641.1,664.6,626.5,619.5,601.2,641.1,624.5,721.0,778.8,797.3000000000001,805.0,817.2,790.1,817.5,802.5,795.3,787.1999999999999,716.8,667.7,689.1,687.3,676.0,660.2,0
210313,666.8,663.2,620.8,628.9,666.4,645.2,641.2,653.8000000000001,658.0,626.4000000000001,634.9,650.8000000000001,643.2,617.7,621.0,639.0,619.2,623.5999999999999,634.1,651.7,648.0,649.3,693.2,660.7,1
210314,651.4,624.0,660.6,661.5,640.7,678.4,669.8,664.0,665.5999999999999,656.5999999999999,658.9,637.1999999999999,618.3000000000001,646.8,626.2,624.1,615.7,629.8000000000001,639.0,621.5,614.5,621.4,676.8,638.5,1
210315,658.5,632.3,624.3,616.7,618.5,608.3,635.9,669.6999999999999,759.4,814.9,815.7,792.6,774.8000000000001,793.3,758.0,781.5,760.0,740.1,725.0,654.3,667.0,646.9,644.4,611.3,0
210316,613.1,618.8,625.4,590.6,617.9,588.9,600.8,636.4,709.4,763.5,792.9,780.9,763.0,759.5,745.6,745.8,770.2,735.4,722.0,685.8,720.3,726.0,710.1,700.7,0
210317,703.0,699.7,663.1,685.9,655.0,681.2,652.9,697.8,753.1,879.1999999999999,837.6,859.1,775.6999999999999,814.7,768.0,810.4000000000001,788.2,756.1,740.4,676.3,712.3,702.7,698.2,699.7,0
210318,682.6,651.9,642.0,627.7,649.9,616.5,666.0,711.0,729.8,797.1,806.9,778.3,744.1999999999999,752.5,786.4,801.0,756.0,722.2,700.1999999999999,692.7,698.5,723.6,718.6,651.7,0
210319,678.6,676.6,644.4,632.9,635.6,622.5,600.7,637.7,710.3000000000001,751.9,745.3000000000001,763.6,716.6,700.0999999999999,726.1,749.0,736.9,737.2,695.3,664.2,646.6,645.4,600.9,595.3,0
210320,617.2,578.1,571.6,594.4,616.4,613.9,586.8,584.7,610.6,630.6,612.0,641.1999999999999,629.6,644.6999999999999,648.5,666.8000000000001,666.3,645.5,712.4,673.4,663.5,689.9,708.3,655.2,1
210321,584.9,630.7,592.1,610.9,629.3,625.6,609.7,622.4000000000001,649.0,607.8000000000001,650.8,669.0,683.8000000000001,689.6,699.0,709.9,730.1999999999999,734.3,717.4000000000001,734.3,698.9,727.5,715.3,758.3,1
210322,719.0,678.8,645.1,661.4,638.3,646.7,651.8,663.1999999999999,797.1,844.5,928.1999999999999,935.2,857.7,871.8,866.7,841.2,825.8000000000001,847.8,784.7,779.1,763.8,726.1,718.0,718.1,0
210323,658.4,653.7,634.1,624.8,633.8,631.8,670.3,658.5,776.9,807.2,858.6999999999999,835.5,815.5,799.4000000000001,818.1,809.9,789.8000000000001,784.9000000000001,729.6,706.3,732.7,738.4,682.0,684.8,0
210324,693.8,657.9,659.7,666.3,677.1,673.7,684.4,666.0999999999999,764.1,818.9,844.7,823.7,766.4,818.7,790.7,808.6,769.7,765.3000000000001,722.1,695.1,695.3,706.2,664.2,658.0,0
210325,677.2,662.6,625.5,618.2,590.3,646.0,640.9,685.7,695.8,783.3,796.4,790.6999999999999,764.5,748.7,747.5,781.0,741.9,732.5,711.2,648.2,671.1,678.8,637.9,642.7,0
210326,656.5,631.2,630.5,611.6,625.5,620.9,636.3,627.1,695.0,741.9,775.1,775.6999999999999,744.4,729.4,752.3000000000001,720.6999999999999,686.7,674.3,643.8000000000001,650.5,618.6,637.3,592.0,596.3,0
210327,600.5,585.0,621.3,611.4,594.1,604.7,607.1,608.0,598.8,579.8,587.3,578.2,609.6,641.8,627.4,636.8,677.4,646.2,621.9,624.1,647.4,633.6,673.0,628.2,1
210328,658.6,596.5,646.4,636.1,626.8,625.9,612.1,618.5,633.2,626.9,626.9,640.7,618.9,639.5,666.6999999999999,651.0999999999999,644.8,634.5999999999999,682.9,643.9,651.2,629.5,628.1,634.4,1
210329,622.0,651.6,635.9,641.2,629.0,617.1,640.5,630.4,698.7,718.3,778.0,780.8,719.8000000000001,750.8000000000001,765.1,725.0,731.8,760.0,664.4000000000001,673.1,636.8,637.6,627.4,633.8,0
210330,628.8,623.3,607.7,569.6,601.4,613.7,638.9,640.9,711.4,730.1,746.0999999999999,772.5999999999999,763.4,743.0,763.8,764.3000000000001,713.3,727.5999999999999,716.7,684.5,680.2,655.7,652.1,646.9,0
210331,630.9,618.8,595.4,568.0,588.9,611.0,637.9,651.4,716.3000000000001,742.7,749.6999999999999,772.4000000000001,771.2,740.6,755.9,769.3,692.2,710.6,728.0,684.5,704.0,670.4,660.3,656.8,0
210401,590.5,577.8,591.0,585.3,593.0,581.1,601.9,583.2,640.5,715.9000000000001,747.9,728.5,745.7,751.5,805.9,770.5,743.9,727.3000000000001,693.4,644.5,687.0,663.2,636.8,635.1,0
210402,615.7,590.5,576.5,587.5,566.6,598.3,578.8,595.2,635.8000000000001,688.9,730.9,748.7,713.4,740.4,776.4,742.0999999999999,732.4000000000001,714.0,662.6999999999999,645.7,615.4,616.1,650.2,588.1,0
210403,597.2,597.7,590.3,574.6,566.7,558.9,585.7,593.6,586.4000000000001,587.0999999999999,586.9,600.0999999999999,609.1,629.8000000000001,631.3,626.0,621.5999999999999,619.4,628.0,624.8,616.3,626.0,611.4,632.5,1
210404,597.4,594.5,585.8,592.4,586.1,598.6,581.8,593.2,583.3,619.8,596.6999999999999,576.8000000000001,602.1,622.0,633.1999999999999,651.9,635.0999999999999,677.8000000000001,640.9,649.0,634.5,663.6,628.6,640.7,1
210405,635.1,616.7,646.6,639.6,642.6,600.9,610.2,615.1,678.6,736.0,790.6999999999999,755.8,750.6999999999999,759.5,779.5999999999999,785.1,775.3000000000001,769.4,706.9000000000001,659.2,690.3,696.2,668.3,661.7,0
210406,668.3,625.2,604.8,609.6,622.5,641.2,624.7,651.1,700.8,723.9,747.8,769.5,764.3000000000001,729.1,789.1,779.3,761.0,732.3,686.1,688.3,667.0,622.6,638.6,628.8,0
210407,676.5,654.4,588.5,592.9,588.9,599.7,618.1,600.6999999999999,662.0,701.0,758.1999999999999,738.0,726.9,752.0999999999999,781.0,776.4000000000001,767.1999999999999,711.6999999999999,744.9,645.1,655.5,644.7,628.5,682.3,0
210408,598.1,576.7,573.0,546.9,594.8,593.9,562.5,594.4,660.0,700.5,738.5,732.1,718.4000000000001,731.5,740.7,739.5,767.0999999999999,733.6999999999999,671.3,668.9,654.8,679.8,653.1,652.6,0
210409,630.8,642.1,620.6,617.9,639.9,592.8,618.4,624.2,691.0,770.8000000000001,740.7,763.6999999999999,750.1,736.2,756.8,783.3000000000001,740.5,699.7,682.3,628.4,652.4,619.3,593.0,583.6,0
210410,577.4,587.5,577.4,604.9,549.7,567.2,552.7,568.7,578.5999999999999,596.0,602.0,614.7,620.9,599.0,664.6999999999999,691.8,642.5,635.7,627.6999999999999,635.4,624.7,631.1,620.0,600.4,1
210411,607.9,623.0,627.3,573.4,604.9,587.2,591.8,574.0,576.2,591.8,592.2,580.9,613.4,639.8,669.1,664.6,663.6,620.9,632.4,601.7,625.0,614.6,618.1,599.1,1
210412,593.4,581.4,569.3,556.4,546.7,575.6,586.1,556.4000000000001,626.2,688.6,746.8000000000001,716.1,710.1,740.8000000000001,785.9,787.7,768.5,769.2,741.1,699.3,700.0,693.3,672.3,654.6,0
210413,655.5,637.7,648.2,637.8,615.6,631.1,596.3,627.8000000000001,661.5,739.8000000000001,752.6,776.8,771.3000000000001,784.2,755.9,811.9,765.8,749.9,710.3,683.5,679.0,678.4,672.2,633.2,0
210414,654.8,651.4,656.9,635.6,660.2,615.7,638.1,609.3,698.8,745.2,794.1999999999999,769.9000000000001,761.1,773.0,767.6,732.8,764.8,739.3,701.0,652.1,677.1,658.9,642.5,648.1,0
210415,638.2,620.9,641.2,653.9,638.3,609.9,640.5,622.0,681.1,750.7,781.0,777.0,751.4,797.4,775.5,738.8,755.6,750.4,695.3000000000001,665.5,668.8,672.2,674.2,663.5,0
210416,644.5,622.9,590.8,641.3,603.2,621.6,592.4,638.0,666.8,739.1999999999999,730.2,762.1,705.7,764.3000000000001,710.3,694.5999999999999,733.8,705.3,658.1,661.9,637.1,616.3,628.9,597.4,0
210417,618.9,578.6,568.9,579.7,573.5,569.2,576.4,581.1999999999999,579.4,569.3,579.3,612.0,570.9000000000001,640.1,663.0999999999999,644.5,661.6999999999999,634.2,604.6,618.1,604.2,622.9,645.6,673.6,1
210418,604.4,629.1,612.1,610.6,578.2,592.5,582.4,566.7,565.9,577.9,582.5,611.0999999999999,614.2,617.9,626.2,646.4000000000001,648.6,669.3000000000001,665.6999999999999,647.2,666.8,626.6,646.9,653.8,1
210419,643.8,631.2,630.2,587.3,624.2,617.6,651.7,643.0999999999999,658.4,712.8,758.0999999999999,758.7,748.9,801.6,807.1999999999999,785.4,744.8000000000001,738.3,707.9,690.9,666.1,675.1,682.6,670.3,0
210420,633.1,618.9,626.0,614.1,588.2,589.2,620.1,626.2,659.9,702.3000000000001,678.6,686.5,663.6,699.1,657.7,676.6,649.5,651.8000000000001,639.8000000000001,589.0,598.3,604.3,590.6,579.8,0
210421,599.7,574.8,585.3,574.0,586.6,574.5,585.6,587.4,629.3,722.8000000000001,734.1999999999999,716.3,758.1,739.5,754.8000000000001,739.8,738.6,740.8,681.6,672.6,661.2,658.7,650.7,643.2,0
210422,602.5,586.9,583.4,578.9,568.1,575.1,605.5,586.5,650.6,720.8,764.1,778.1999999999999,724.4000000000001,746.6,730.7,742.5999999999999,735.8,725.4,675.0,656.1,677.4,680.2,646.2,624.1,0
210423,632.3,605.4,598.3,580.6,570.0,589.0,585.1,562.6,621.7,688.3,695.6,770.6999999999999,754.2,757.6,773.5,818.9,767.7,792.8,701.4,667.5,655.8,658.8,642.5,612.6,0
210424,584.4,568.9,575.1,574.5,565.3,559.2,566.0,562.1999999999999,576.6999999999999,633.1999999999999,636.5,652.2,647.1999999999999,695.0,697.4,669.5,640.7,622.7,605.5,620.6,625.4,597.1,611.0,594.8,1
210425,577.4,560.3,573.1,566.2,559.6,555.6,577.2,570.7,584.4,605.0,616.5,651.7,658.2,656.5,663.7,628.5,657.3000000000001,636.1,591.4,616.9,612.8,618.3,609.0,590.6,1
210426,575.4,580.8,563.8,580.2,569.8,551.8,551.8000000000001,573.7,623.8,701.0,734.5,762.3,739.5,738.4,783.8,825.9,815.4,775.3,750.9,713.8,698.0,700.4,696.7,690.8,0
210427,656.7,643.4,607.8,605.3,570.3,576.0,584.9,618.5,685.4,757.3,759.5,790.5,772.6,820.8,793.5,821.6999999999999,812.1,773.4,743.2,732.1,692.9,708.8,702.9,647.4,0
210428,623.8,636.7,599.5,596.6,608.0,601.5,611.9,650.4,706.4,789.4,827.6999999999999,844.7,789.6,810.5,830.3,852.0999999999999,807.6999999999999,782.8,741.3000000000001,719.7,718.6,701.9,694.5,683.4,0
210429,658.3,642.8,616.3,609.8,617.3,605.7,632.9,610.0,654.7,774.4,813.3000000000001,818.5,791.9,827.7,852.5,847.8,846.6,858.3,794.4,739.6,745.3,748.9,693.2,673.6,0
210430,660.9,646.5,623.6,613.6,620.2,608.1,649.7,593.8,649.6,774.1,808.9,807.5999999999999,772.9,834.6999999999999,860.5,849.5,853.0,887.9000000000001,809.7,745.6,768.7,766.4,692.4,669.4,0
210501,649.2,598.8,635.0,567.3,574.5,601.2,586.0,575.3,585.6,595.7,618.0,603.3,627.2,637.4,612.9,674.8,651.1,637.9,610.5,622.0,616.1,619.0,652.6,650.5,1
210502,643.2,624.7,616.1,577.5,590.4,571.2,551.7,550.2,594.9,583.4,629.1,568.1,584.7,616.4,651.6,621.9,674.0,687.8,634.2,640.4,624.3,655.7,656.2,616.9,1
210503,614.5,603.7,558.0,650.1,572.9,584.0,560.6,602.7,675.4,786.7,795.2,814.4,802.6999999999999,856.9,873.9000000000001,862.5,855.7,820.9,770.9,714.3000000000001,742.7,681.6,685.9,667.2,0
210504,670.5,654.2,629.7,612.8,617.8,646.2,623.4,669.9,747.1999999999999,819.2,826.6,869.6999999999999,892.9,863.3,887.3000000000001,862.5,858.6,850.1,831.2,755.5,762.7,720.9,692.3,689.7,0
210505,672.9,630.1,619.8,662.6,653.4,643.5,625.2,640.5,653.9,710.7,722.5,703.5999999999999,725.1,729.4,744.5,733.4,736.8000000000001,730.1,684.5,714.8,719.3,662.2,650.8,660.1,1
210506,651.3,590.9,584.8,578.2,560.2,570.2,584.9,607.8,663.0,735.1999999999999,808.6,819.8,864.5,877.2,893.8000000000001,844.2,847.5,818.4,773.5,726.8000000000001,725.2,709.1,696.4,685.6,0
210507,679.7,649.9,634.9,626.4,653.2,615.7,639.4000000000001,657.0,683.7,795.1,818.4000000000001,762.7,800.5,821.2,817.3,787.3,782.5,759.2,718.8,713.3,719.4,679.7,688.7,667.5,0
210508,626.4,630.9,605.3,602.3,594.6,587.8,563.4,595.5,616.9,639.8,661.1999999999999,689.3000000000001,696.2,726.3,732.1,660.0999999999999,723.5,678.9,674.7,655.1,678.1,683.5,664.4,666.9,1
210509,660.4,650.3,624.4,613.5,608.8,582.4,590.6999999999999,588.4,613.9000000000001,641.4,655.1999999999999,704.5999999999999,660.9,700.0,715.4,713.8,717.8000000000001,699.6999999999999,680.6,657.5,692.9,674.4,674.2,688.8,1
210510,633.0,640.4,655.1,610.9,599.8,600.8,593.1,619.4,740.0,773.5999999999999,772.6,783.7,796.4,883.3,834.5,850.7,845.5999999999999,831.8,790.2,747.3000000000001,746.8,748.8,720.9,708.4,0
210511,707.5,682.7,672.3,641.2,633.3,656.0,626.9000000000001,666.4000000000001,748.5,799.5,873.4,894.5,855.2,930.5,920.1999999999999,945.5,887.5,867.7,853.4,800.8000000000001,814.2,807.5,795.1,742.9,0
210512,727.3,737.2,737.1,701.7,663.9,649.6,666.6999999999999,675.1,738.4,812.4,905.2,912.1,914.0,978.6,1004.9,1043.2,998.6,1008.1999999999999,939.5,917.5,869.9,888.6,863.4,799.5,0
210513,795.3,786.1,759.9,715.1,714.4,691.0,690.1999999999999,734.4,786.4000000000001,892.6999999999999,938.6,995.8000000000001,998.4,1072.3,1031.5,1160.3999999999999,1127.9,1062.0,984.1,891.6,871.2,873.6,831.9,819.4,0
210514,787.4,772.5,748.1,713.6,709.4,709.4,717.0,756.5,842.4,941.9,1032.0,1060.0,1036.9,1062.5,1082.2,1082.5,1011.0999999999999,942.1999999999999,871.2,757.9000000000001,741.7,711.5,670.0,649.4,0
210515,685.1,684.0,662.2,640.8,625.3,639.0,646.9,640.9,675.8,727.9000000000001,790.1,810.1,809.1,826.5,852.2,840.2,820.3000000000001,793.1999999999999,758.0,682.6,687.9,652.9,631.6,614.3,1
210516,578.6,588.8,566.3,552.9,535.7,547.9,545.4,522.2,542.3,540.6999999999999,577.1999999999999,598.1,639.0,655.3,675.3,670.9000000000001,650.3,666.6999999999999,668.9,667.0,686.0,664.1,657.8,639.7,1
210517,588.2,570.5,563.0,549.8,537.7,537.3,548.8,539.6,621.8000000000001,745.9,824.3,837.8,834.1,846.2,862.1999999999999,870.4,892.3,885.0,834.4,827.1,777.8,781.6,752.5,739.5,0
210518,723.5,674.3,669.0,637.3,642.1,636.4,660.1,639.3000000000001,695.5,798.3,847.1999999999999,894.8000000000001,855.8,946.5,939.0,944.1999999999999,959.1,920.6999999999999,891.4000000000001,775.1999999999999,751.3,765.3,746.0,727.3,0
210519,724.4,684.6,691.7,671.8,658.4,637.0,650.3000000000001,630.2,682.5,704.3,764.1,758.5999999999999,798.2,835.1,866.5,846.5999999999999,837.8,822.3,807.2,777.5,767.6,784.3,744.8,750.0,0
210520,718.0,708.1,712.1,710.6,659.7,684.6,673.7,698.0,717.6,798.6,817.3,817.9,817.3,845.3000000000001,857.6,891.1999999999999,899.8000000000001,855.8000000000001,821.7,785.4,762.4,760.4,778.5,720.2,0
210521,707.4,668.3,660.9,656.7,621.7,639.3,660.7,638.6,680.5,766.6999999999999,825.9,805.8,845.7,849.9,906.1,898.8000000000001,914.1,868.1999999999999,826.3000000000001,772.0999999999999,745.5,730.5,725.4,687.1,0
210522,684.2,649.0,664.0,607.5,640.9,623.2,621.8,601.2,652.4,712.9000000000001,716.2,745.2,753.0999999999999,745.5,775.1999999999999,760.4000000000001,753.7,786.2,752.0,747.1,718.6,722.0,714.0,697.5,1
210523,667.0,633.9,618.1,619.4,602.5,605.6,625.4,622.8,655.1,697.4,722.5,740.6999999999999,779.4000000000001,780.9,831.6,849.3,815.3000000000001,835.1,813.6,792.5,775.9,743.1,747.2,740.4,1
210524,740.9,700.1,684.2,671.5,682.3,654.0,683.2,674.2,742.6999999999999,850.1999999999999,910.5,933.7,938.0999999999999,934.8,1042.1,1039.2,1006.8,941.8,867.3,824.7,834.9,816.2,789.4,773.3,0
210525,760.9,775.2,712.8,684.5,665.5,662.8,671.9,655.3,748.4,812.8,873.3,897.9000000000001,889.1,938.4000000000001,964.1999999999999,958.8000000000001,937.8,929.4000000000001,885.6,823.9,784.2,802.7,787.3,773.6,0
210526,731.1,708.8,682.2,664.0,653.0,658.1,661.6,669.6,756.6999999999999,821.6,903.6,913.1,936.5,921.6999999999999,964.8000000000001,942.6,972.6,899.3,886.7,816.8,811.1,801.0,781.9,782.1,0
210527,733.1,718.2,711.9,691.1,689.8,672.1,696.4,695.1999999999999,748.6999999999999,805.4000000000001,854.4,847.9,867.3,921.8,948.5999999999999,955.1,939.2,933.6,919.4,835.6,814.8,811.1,807.3,767.1,0
210528,729.6,707.4,693.5,688.1,670.0,652.2,636.9,684.3000000000001,784.1,855.5,922.4,910.3000000000001,876.8,881.4,954.6,982.3,929.4,903.9,827.4,760.1,731.0,739.1,702.5,708.5,0
210529,723.3,694.3,663.2,657.4,666.2,658.8,649.1,684.7,663.6,714.9,770.7,802.5,790.0999999999999,798.1,820.0,848.1,824.6,788.6999999999999,798.1,756.0999999999999,781.4,765.1,726.1,732.8,1
210530,690.5,680.1,676.3,692.4,656.6,644.8,641.0,653.4,667.5,708.6999999999999,742.8000000000001,780.5,804.1999999999999,834.1999999999999,856.0,878.3,850.1,855.6,817.5999999999999,790.4,782.9,771.5,776.2,747.5,1
210531,688.6,667.1,682.2,701.7,649.7,644.0,637.3000000000001,642.0,666.9,709.5,740.1999999999999,780.0,807.5,840.5,861.3,886.4,853.6999999999999,863.1,823.0,793.3,784.4,773.6,779.9,756.6,0
210601,823.9,793.9,787.2,780.8,727.2,737.9,723.8000000000001,777.8,890.1999999999999,933.3,989.1,1003.2,1049.3,1064.8,1079.8000000000002,1051.5,1077.3000000000002,1064.2,985.8000000000001,916.0,893.1,886.1,878.1,858.6,0
210602,829.1,773.5,762.3,761.0,746.4,735.7,747.5,756.1,866.0,971.4,1012.2,1027.3,1057.8999999999999,1070.7,1069.0,1106.9,1077.8000000000002,1056.6,977.9,916.8,939.1,885.6,880.9,846.5,0
210603,834.4,810.5,790.1,790.3,754.0,759.9,791.4,806.5,811.4,957.6,972.9000000000001,974.1,970.9,1011.0,1025.3,1030.0,1040.8000000000002,1014.0,972.0,920.6,939.2,890.2,874.0,867.7,0
210604,823.8,797.0,788.9,772.2,739.4,757.2,728.4,770.7,842.8,927.6,941.8000000000001,1001.0,981.6999999999999,1047.9,1046.9,1048.6,1030.0,985.1,942.1999999999999,844.3,854.1,850.1,794.7,784.9,0
210605,744.1,751.8,744.8,712.9,729.2,681.9,696.9,710.2,712.0999999999999,772.4,798.0,832.6,894.4,851.3,907.3,884.7,885.9,924.4,839.6,847.0,831.3,843.2,842.8,831.4,1
210606,786.9,752.3,743.4,741.9,717.0,715.8,709.0,729.5999999999999,767.1,789.8000000000001,782.4,815.7,853.0999999999999,906.0,875.8,873.9,904.9,856.6,849.4,822.1,835.9,820.0,814.4,779.0,1
210607,774.4,734.6,733.5,742.9,699.8,685.9,693.9,704.0,828.6999999999999,952.4,1008.1999999999999,991.5999999999999,1003.8,1062.1,1097.6,1068.9,1087.9,1069.4,1004.7,972.5,976.2,940.4,921.2,871.1,0
210608,841.2,814.9,775.0,758.3,765.7,763.1,777.7,797.1,916.8000000000001,1009.5,1046.9,1085.5,1088.5,1171.1,1180.5,1206.0,1154.5,1149.0,1109.4,1031.3,1005.1,984.3,956.5,929.7,0
210609,884.2,834.3,807.8,822.7,800.8,762.0,785.8,797.1,917.8,1035.2,1074.8,1083.9,1175.5,1176.5,1230.8000000000002,1219.8999999999999,1209.0,1144.9,1084.6,1007.7,1010.6,982.2,962.1,923.4,0
210610,886.6,881.5,840.9,804.8,756.4,775.5,781.5,820.6999999999999,946.7,1054.3000000000002,1059.0,1088.4,1075.8,1140.4,1150.9,1102.7,1077.1999999999998,1079.0,996.1,982.6,951.1,916.6,911.9,848.5,0
210611,804.3,768.9,751.8,758.2,774.7,740.7,756.1,784.7,878.1,995.6,1102.1,1088.5,1083.0,1128.8,1147.0,1148.6000000000001,1135.9,1104.0,1052.3000000000002,989.5,954.8,951.5,887.2,889.8,0
210612,875.9,827.0,807.7,816.4,844.0,771.4,778.7,774.5,838.8000000000001,861.7,883.9,974.1,935.0,967.0,1006.6999999999999,1016.9,1008.5999999999999,973.7,956.5,960.1,928.1,956.4,911.7,888.7,1
210613,877.2,838.3,801.6,795.7,803.3,747.9,759.0,748.9,792.8,814.4,875.4000000000001,907.6,938.8,956.4,962.4,1045.5,1019.5,964.0,954.9,950.8000000000001,939.8,938.9,912.6,878.0,1
210614,874.8,837.2,796.3,786.1,782.2,742.1,756.3,743.7,782.3000000000001,824.3,894.5,926.0,945.0,949.0,926.7,1039.2,1064.2,974.5,964.6,950.8000000000001,944.5,932.5,915.1,875.6,0
210615,871.5,831.6,790.9,776.6,758.0,736.1,753.0,739.8,781.0999999999999,830.6999999999999,878.7,912.0999999999999,942.5,966.5,925.5,1048.5,1049.0,985.4000000000001,974.8,952.7,949.1,934.6,918.5,875.9,0
210616,867.5,823.1,785.7,768.0,733.4,730.7,752.6999999999999,752.1999999999999,823.9,892.0,923.6,980.4,987.7,1013.8,1006.6,1096.5,1091.3999999999999,1022.0,986.5999999999999,960.0,953.7,943.0,922.5,878.3,0
210617,863.3,813.6,780.6,760.6,711.4,726.6,752.8000000000001,760.5,855.1,920.2,949.0,1006.9,1009.2,1003.5999999999999,1016.4000000000001,1081.7,1090.3000000000002,1041.9,994.3,968.7,958.1,955.3,926.9,882.0,0
210618,859.0,804.7,775.7,755.2,694.6,724.9,754.5,770.4,886.0,949.0,935.2,999.4,1026.7,1047.5,1082.3999999999999,1107.5,1112.7,1075.3999999999999,1018.9000000000001,977.9,962.3,969.2,931.4,886.3,0
210619,855.1,798.1,771.3,752.3,685.8,726.3,758.1999999999999,791.5999999999999,933.6,993.6,973.8,1040.5,1094.8999999999999,1100.7,1183.9,1164.4,1162.6,1120.8,1036.8999999999999,989.1,966.9,982.1,935.8,890.3,1
210620,851.9,795.6,767.2,752.5,687.9,731.6,762.6,803.6999999999999,954.3,1034.2,1021.0,1077.3,1107.6000000000001,1122.6,1229.8,1175.8000000000002,1183.0,1132.8000000000002,1054.8,995.9,970.3,991.9,939.9,893.4,1
210621,849.6,798.8,763.7,756.3,703.5,741.8,770.5999999999999,817.2,975.8000000000001,1060.1000000000001,1048.9,1098.6,1117.4,1134.5,1252.8000000000002,1208.3,1194.1999999999998,1156.1999999999998,1066.3,1000.6,974.0,996.2,943.3,894.8,0
210622,848.5,809.5,760.8,764.4,735.5,757.7,780.2,819.5,969.0,1062.2,1081.5,1123.7,1137.2,1143.3000000000002,1241.4,1219.8,1195.5,1143.1000000000001,1072.1000000000001,997.4,977.5,992.5,945.9,893.7,0
210623,875.7,830.4,815.8,803.6,783.5,778.0,799.5,806.6999999999999,932.0,1020.0,1141.0,1141.0,1147.3999999999999,1159.6999999999998,1131.4,1122.8,1139.8,1110.1,1103.8000000000002,979.1,978.6,933.0,913.7,887.0,0
210624,859.9,846.6,824.9,807.0,826.8,796.5,795.6,844.6999999999999,919.1,1053.3,1121.0,1119.5,1121.9,1112.5,1166.2,1148.4,1128.4,1092.2,1032.3,986.8,958.8,956.9,941.3,892.4,0
210625,869.9,825.5,808.3,786.7,760.1,769.4,784.5,791.3000000000001,967.3000000000001,1104.2,1194.5,1204.6999999999998,1161.6000000000001,1145.7,1206.5,1188.8,1153.7,1095.2,1047.0,977.0,937.5,896.3,869.6,853.7,0
210626,841.4,823.5,824.1,813.3,782.2,777.7,794.0,755.9,813.8,876.8,902.6999999999999,948.9,981.6,936.8,965.3000000000001,944.2,934.9,933.6999999999999,905.5,919.4,940.1,872.6,865.1,873.9,1
210627,862.0,828.8,809.0,788.8,800.0,804.0,767.5,791.1999999999999,822.8000000000001,851.5,875.8000000000001,897.4,935.0,959.8,987.1,1012.5,983.6,970.5,952.8000000000001,960.1999999999999,924.8,893.4,916.7,894.6,1
210628,883.4,910.3,820.9,845.2,804.1,804.4,830.1,825.6,1074.0,1142.7,1237.3,1281.7,1264.2,1319.0,1329.1000000000001,1305.8999999999999,1206.6,1172.8999999999999,1108.1999999999998,1058.1000000000001,1019.8,991.0,977.8,963.0,0
210629,895.9,878.6,867.5,895.1,812.3,829.1,816.7,840.5,1016.6999999999999,1124.0,1161.7,1165.1,1212.8,1233.0,1306.2,1264.8,1339.0,1234.1,1145.4,1080.7,1043.2,1001.2,988.2,971.4,0
210630,906.5,874.8,882.3,921.6,816.7,841.5,811.1,854.9,1018.3000000000001,1128.0,1157.6999999999998,1168.5,1206.6,1244.1000000000001,1308.8,1287.7,1318.6999999999998,1245.6999999999998,1148.1,1086.1,1053.7,1004.0,993.4,974.9,0
210701,950.3,932.3,955.0,910.8,890.9,873.6,860.0,898.5,1115.1000000000001,1244.1,1259.1,1286.5,1299.8999999999999,1307.5,1300.3999999999999,1331.5,1305.6,1336.3000000000002,1245.1,1110.5,1102.9,1057.0,1033.3,1024.4,0
210702,1009.5,951.5,941.1,918.8,888.3,899.0,926.7,984.0,1072.8,1166.1999999999998,1226.4,1262.3,1267.3,1255.6,1275.7,1340.1,1294.8999999999999,1272.9,1166.0,1109.1,1050.8,1034.1,989.9,992.1,0
210703,961.5,898.8,915.3,896.3,865.8,854.8,878.1,899.4,903.5,949.3000000000001,937.1,926.5999999999999,922.9,920.8,927.9,957.4,952.8,963.3000000000001,997.5,1009.1,975.5,952.3,965.7,940.0,1
210704,967.9,964.4,926.6,896.5,886.5,872.9,875.7,857.8,888.6999999999999,893.8000000000001,918.9,945.0999999999999,927.2,984.8,970.2,1011.1,1062.2,1024.4,1012.8000000000001,964.6,997.5,966.3,952.1,933.7,1
210705,903.7,897.9,874.3,865.1,876.9,847.7,856.8,893.5,1045.6000000000001,1172.7,1160.3,1164.8999999999999,1141.3000000000002,1133.7,1139.7,1188.3999999999999,1151.5,1105.6,999.0,974.9,977.3,991.0,948.7,976.3,0
210706,926.9,916.2,879.8,884.1,873.1,867.0,867.5,879.9,992.4,1088.5,1123.8,1178.6999999999998,1192.1999999999998,1158.3,1203.6,1196.6,1211.0,1216.3000000000002,1077.6,1085.8,1079.0,1062.4,1044.8,998.7,0
210707,993.0,942.9,923.7,920.3,928.4,919.4,939.9,951.6,1106.8,1207.8,1276.9,1318.3,1305.4,1288.2,1355.1,1348.3,1325.5,1269.5,1205.6000000000001,1129.6,1089.4,1120.1,1075.9,1071.4,0
210708,1055.2,989.2,976.7,973.1,944.3,928.4,888.4,922.5,1036.1,1124.2,1122.6,1259.1000000000001,1223.8,1213.6000000000001,1289.0,1247.8,1238.6999999999998,1222.1,1143.5,1061.6000000000001,1057.2,1027.8,1043.0,1019.6,0
210709,1009.9,951.7,913.0,899.2,872.1,869.1,886.7,890.5,1061.6000000000001,1157.3,1195.0,1189.8999999999999,1219.8,1269.7,1285.2,1305.6999999999998,1275.4,1244.5,1118.8,1041.0,1009.9,961.2,967.1,964.1,0
210710,1023.6,931.4,907.3,915.7,885.5,886.1,909.2,887.5,934.3000000000001,940.5,968.6999999999999,976.1,1046.8999999999999,1043.4,1039.5,1062.3,1061.5,1058.5,1041.8,1010.8,977.0,1000.1,949.6,931.9,1
210711,915.8,907.3,873.7,878.5,876.7,842.1,846.4,852.2,873.9,921.5,957.3,951.6999999999999,952.6,994.8,1053.9,1051.3,1088.1,1074.8000000000002,1039.9,1033.2,1037.1,1003.2,975.8,963.8,1
210712,972.2,953.9,922.3,918.6,892.2,884.9,913.2,928.8,1111.6999999999998,1244.3,1289.1,1317.9,1328.4,1396.0,1392.9,1403.3,1373.9,1381.6000000000001,1310.3,1199.5,1221.8,1183.4,1136.8,1113.2,0
210713,1048.5,1050.1,1003.7,992.8,971.7,960.8,993.1,1031.5,1173.3,1272.8999999999999,1301.0,1358.5,1396.6,1336.4,1391.3,1418.0,1396.2,1311.8000000000002,1283.1,1173.2,1164.2,1137.6,1071.9,1101.5,0
210714,1020.3,985.5,1003.1,1000.1,971.7,953.5,959.5,985.6,1221.8999999999999,1315.8,1337.8,1352.5,1322.3,1359.5,1401.5,1436.1000000000001,1403.5,1348.7,1234.8000000000002,1159.5,1163.5,1144.8,1139.8,1063.5,0
210715,1062.1,988.5,956.4,943.3,946.0,942.0,1005.5,994.3,1132.1999999999998,1308.0,1350.1000000000001,1344.1,1329.6000000000001,1404.7,1438.3000000000002,1386.8000000000002,1394.8,1291.5,1208.5,1144.6999999999998,1143.9,1122.8,1095.4,1071.0,0
210716,1017.1,974.7,996.6,969.1,950.2,937.4,963.0,978.2,1184.1999999999998,1276.2,1329.3,1340.3999999999999,1305.0,1317.8,1415.2,1338.0,1305.3999999999999,1260.8000000000002,1152.6999999999998,1081.0,1038.2,1028.4,1008.7,997.7,0
210717,981.2,973.3,935.0,933.3,903.8,907.3,912.3,919.4000000000001,959.8,986.5,980.5,1028.2,1057.1,1068.8999999999999,1036.5,1060.3,1087.1000000000001,1056.6,1047.1,1003.7,984.9,1005.3,998.1,954.8,1
210718,983.1,941.4,924.8,911.9,891.2,879.9,878.5999999999999,876.6,921.3,932.3000000000001,974.6,958.9,992.6999999999999,1024.1,1051.6,1060.0,1047.3,1075.5,1002.6999999999999,1023.3000000000001,1005.2,1051.1,1028.0,971.5,1
210719,953.0,981.1,946.1,938.1,914.9,893.5,916.7,1009.5,1097.0,1240.0,1309.3,1358.6000000000001,1319.3,1377.2,1437.7,1404.6000000000001,1406.1,1376.4,1255.4,1154.5,1163.2,1088.3,1042.8,1024.9,0
210720,1019.8,1000.2,992.7,976.1,961.9,941.4,979.8000000000001,1008.2,1226.7,1305.8,1348.7,1355.2,1341.5,1438.3,1456.5,1469.7,1380.5,1351.5,1326.2,1197.1000000000001,1199.1,1173.7,1100.7,1136.6,0
210721,1050.3,1001.7,988.1,957.5,945.3,911.1,936.4,975.8,1157.8,1290.6000000000001,1383.0,1398.5,1393.9,1411.0,1467.1000000000001,1533.1000000000001,1482.8999999999999,1405.2,1313.2,1214.0,1142.9,1143.2,1118.0,1083.5,0
210722,1062.5,1069.2,980.6,1026.2,984.1,939.7,951.0,1052.6,1174.1,1299.8,1377.2,1406.3,1403.3,1412.5,1456.3,1518.9,1427.7,1415.1,1331.6,1250.4,1207.2,1185.0,1153.2,1100.3,0
210723,1033.4,1051.1,1012.7,1004.7,979.6,954.3,968.3000000000001,973.3000000000001,1183.5,1332.1,1377.4,1450.3000000000002,1407.1999999999998,1420.4,1509.8,1488.0,1427.6,1423.1,1257.1,1179.1000000000001,1125.9,1117.3,1077.1,1072.1,0
210724,1061.9,1019.5,1051.4,974.7,995.3,980.0,969.7,982.8,1025.7,1096.9,1115.3,1107.3,1168.6000000000001,1181.1,1179.1,1185.7,1164.6,1183.3000000000002,1186.9,1131.1000000000001,1120.3,1098.0,1061.3,1038.0,1
210725,1027.5,1002.2,980.1,955.4,928.4,919.7,941.1999999999999,935.8,971.2,992.7,1024.7,1045.4,1106.5,1079.0,1157.4,1187.5,1207.4,1179.5,1157.9,1146.3,1082.0,1071.5,1057.5,1050.7,1
210726,1025.9,1015.8,1007.7,950.7,976.7,959.2,962.3,1031.1999999999998,1222.5,1351.6000000000001,1377.2,1412.6,1398.3999999999999,1461.8000000000002,1503.7,1492.4,1486.2,1456.3999999999999,1357.4,1236.6,1216.3,1168.2,1125.8,1100.9,0
210727,1127.7,1046.0,899.0,913.2,852.7,813.9,865.8000000000001,885.3,1072.7,1237.3000000000002,1271.5,1315.1000000000001,1370.7,1333.1999999999998,1489.7,1380.3000000000002,1445.5,1416.9,1279.1999999999998,1204.0,1211.8,1170.1,1139.8,1064.5,0
210728,1033.0,987.3,1010.0,991.0,947.4,960.5,934.0,981.0,1261.5,1318.9,1376.4,1406.1000000000001,1420.3,1395.1,1473.3,1410.1999999999998,1425.1,1350.4,1275.5,1194.1000000000001,1157.8,1149.6,1133.0,1072.5,0
210729,1099.9,1091.1,1001.2,1004.0,978.9,967.5,949.0,1038.6,1204.1,1348.4,1368.1999999999998,1422.7,1436.7,1443.3000000000002,1470.7,1439.8,1444.1,1423.8000000000002,1251.6000000000001,1164.7,1159.8,1172.7,1133.2,1089.2,0
210730,1043.7,994.3,973.9,943.8,972.4,904.0,926.1,1067.7,1228.2,1324.1,1359.2,1369.4,1363.7,1421.3,1395.8999999999999,1415.5,1372.6000000000001,1373.0,1207.7,1126.4,1093.6,1092.1,1052.1,1041.5,0
210731,1039.4,984.4,963.8,935.4,969.3,883.6,917.5999999999999,1082.8,1237.6,1294.7,1358.1,1301.1000000000001,1306.3999999999999,1350.3000000000002,1360.6000000000001,1404.5,1324.5,1339.0,1178.3,1093.3,1054.6,1061.0,1013.0,1030.7,1
210801,1018.7,1001.3,989.1,959.5,958.2,949.6,969.3000000000001,989.6999999999999,1010.4,1056.9,1144.8000000000002,1079.0,1149.3,1175.0,1198.0,1154.2,1165.3999999999999,1130.1,1093.1,1103.1,1065.6,1088.5,1052.7,1026.9,1
210802,1008.6,1024.4,977.6,972.1,990.4,985.3,994.3,1040.8,1256.3000000000002,1363.4,1392.9,1424.5,1371.7,1427.1,1418.2,1478.6000000000001,1421.3,1446.4,1276.6999999999998,1191.7,1163.9,1154.1,1129.9,1045.6,0
210803,1041.7,1028.3,1006.3,1001.9,964.0,982.7,968.9,999.0999999999999,1118.6,1317.3,1392.8,1406.5,1377.1999999999998,1437.2,1532.5,1485.8,1508.0,1402.9,1347.4,1219.1000000000001,1213.7,1194.5,1159.4,1119.4,0
210804,1081.7,1024.3,1008.0,979.7,982.2,955.3,948.8000000000001,1020.8,1240.4,1369.3999999999999,1403.3,1450.1999999999998,1413.2,1460.8000000000002,1486.9,1462.1999999999998,1514.6000000000001,1440.0,1271.8,1206.2,1203.8,1157.8,1127.3,1070.1,0
210805,1045.0,1030.3,1056.6,995.8,984.8,938.5,965.6,1071.9,1210.3999999999999,1351.2,1423.6999999999998,1439.1000000000001,1454.1,1455.1,1500.1000000000001,1464.0,1508.8,1424.3999999999999,1320.3000000000002,1208.3000000000002,1218.7,1161.1,1145.2,1077.5,0
210806,1068.8,1033.4,1009.4,1031.3,983.3,972.8,969.4,1098.8999999999999,1218.3,1392.3999999999999,1442.6,1489.5,1484.4,1491.7,1492.3000000000002,1524.7,1527.3999999999999,1502.8,1139.7,1102.6999999999998,1060.6,1067.0,1036.2,991.8,0
210807,965.6,967.7,950.7,968.9,956.6,929.9,960.6,962.9,1004.7,1040.0,1115.5,1136.2,1156.2,1196.3999999999999,1262.0,1217.2,1227.0,1241.3999999999999,1182.6,1109.8999999999999,1119.7,1079.8,1053.6,1060.4,1
210808,1062.0,1011.9,1028.7,979.7,960.3,926.9,943.9,972.4,980.8,1034.8,1060.7,1050.0,1055.7,1070.7,1121.6,1129.2,1167.0,1053.6,1066.1999999999998,1046.8,1057.2,1049.6,1040.7,1016.7,1
210809,997.3,1001.1,962.3,944.3,918.3,931.5,955.8,979.0,1175.0,1308.8999999999999,1365.6,1376.6,1379.1,1416.3999999999999,1424.3000000000002,1444.1,1407.2,1367.1000000000001,1287.3,1149.6000000000001,1137.2,1123.4,1077.0,1066.9,0
210810,1038.5,1031.0,992.7,982.5,980.1,954.0,984.4,1009.3,1166.9,1298.3000000000002,1366.9,1406.8000000000002,1389.1000000000001,1456.8,1511.7,1468.5,1452.7,1363.1000000000001,1272.7,1249.3999999999999,1180.9,1113.5,1104.5,1073.4,0
210811,1039.0,1003.8,973.2,937.4,931.2,915.8,936.3,964.0,1135.5,1306.8000000000002,1368.1,1351.9,1394.2,1381.1000000000001,1375.1000000000001,1385.9,1380.8999999999999,1326.3999999999999,1222.0,1166.4,1132.1,1106.1,1093.1,1071.2,0
210812,1039.3,1026.8,985.5,942.5,958.4,921.4,919.5,962.6,1127.2,1265.2,1314.8000000000002,1339.2,1313.6000000000001,1333.5,1399.4,1337.3,1327.1,1297.4,1195.7,1148.8,1115.3,1113.8,1092.9,1044.2,0
210813,1016.1,978.5,970.0,931.3,954.8,928.7,911.7,952.7,1067.8999999999999,1155.6,1182.0,1250.6000000000001,1265.5,1284.5,1340.3,1314.1000000000001,1271.0,1241.7,1140.5,1104.3,1085.2,1046.6,1072.0,1028.0,0
210814,996.3,1003.7,973.9,984.0,966.0,959.6,924.3,939.3000000000001,947.8,959.1,990.2,1011.9,1030.8,1061.1999999999998,1050.4,1113.1999999999998,1073.3999999999999,1076.1,1126.1000000000001,1073.4,1001.5,969.4,955.2,930.1,1
210815,920.1,907.4,895.2,877.8,883.1,854.5,882.2,912.5,930.9,957.0,944.6,1011.6,1017.7,1055.4,1090.8000000000002,1061.1000000000001,1137.3,1078.5,1028.6,1006.1,1014.8,982.7,968.0,975.5,1
210816,959.1,955.3,954.0,960.1,923.6,916.1,886.0,927.1,948.4,1025.0,1058.1,1106.5,1100.3,1104.7,1165.3000000000002,1118.5,1100.6,1103.1,1080.3,1067.9,1032.6,1046.8,1041.0,1016.4,0
210817,1001.4,974.6,968.2,925.2,904.3,910.6,896.7,912.0999999999999,1044.1,1244.0,1293.7,1295.6,1289.5,1351.5,1351.8,1402.3,1383.8,1378.9,1284.2,1176.7,1129.7,1118.9,1065.0,1066.7,0
210818,1027.8,997.2,984.1,927.7,898.1,913.5,920.2,955.0,1109.6,1274.8000000000002,1321.8000000000002,1337.2,1352.5,1385.1000000000001,1331.3000000000002,1289.4,1269.8999999999999,1206.6999999999998,1127.6,1065.6000000000001,1033.8,1015.1,998.4,970.2,0
210819,971.5,971.4,952.5,932.8,898.1,887.3,909.4,921.1999999999999,1065.3,1217.0,1286.1000000000001,1329.1,1315.0,1298.6,1283.8,1305.5,1266.6000000000001,1212.7,1128.3999999999999,1097.0,1086.8,1027.8,995.2,1007.7,0
210820,944.6,901.0,887.5,879.8,879.9,868.5,853.0,929.3,1092.8,1219.5,1301.1,1298.6,1285.4,1311.7,1348.3,1396.3000000000002,1378.7,1260.7,1158.3999999999999,1069.4,1015.1,1002.4,993.1,948.0,0
210821,956.1,946.0,929.7,898.0,904.9,891.7,874.2,876.2,915.1,918.9,928.9,959.6,959.0,1029.6000000000001,1024.3,1100.0,1047.5,1063.8999999999999,1055.3000000000002,1028.9,1006.7,998.4,969.8,958.1,1
210822,932.7,962.4,947.3,961.1,911.5,888.6,890.5,887.1999999999999,939.3,973.9000000000001,981.3000000000001,1009.1,1035.1000000000001,1020.0,1115.8,1085.2,1108.8,1103.8999999999999,1079.6000000000001,1017.3,1045.4,1023.8,969.3,991.4,1
210823,957.9,939.3,979.4,933.7,900.6,921.0,920.4,946.3000000000001,1124.8,1181.4,1270.1,1297.2,1269.7,1353.6,1326.5,1334.0,1358.3,1315.9,1166.9,1083.4,1047.5,1015.2,1010.3,986.3,0
210824,949.8,990.0,923.5,934.5,902.3,894.3,888.3,877.4,990.9,1232.3,1260.8,1284.2,1323.4,1389.7,1367.5,1346.8999999999999,1357.0,1350.2,1260.4,1167.7,1121.9,1089.8,1075.5,1038.7,0
210825,1003.9,980.8,984.4,956.3,968.5,934.0,933.7,941.6,1138.0,1234.8999999999999,1262.1000000000001,1308.8,1318.1,1359.8,1359.5,1334.4,1314.1000000000001,1398.1,1256.6,1139.1,1147.1,1102.2,1087.5,1053.1,0
210826,1064.9,1019.2,1035.6,1001.0,940.6,954.8,945.7,951.8000000000001,1129.6,1258.3,1305.1,1320.6000000000001,1319.5,1324.3,1362.1999999999998,1419.3000000000002,1390.1,1325.0,1239.0,1127.4,1100.5,1091.4,1080.0,980.8,0
210827,996.3,959.6,941.9,926.9,909.4,912.3,907.4,942.2,1032.1,1241.1,1326.8999999999999,1354.8,1372.6,1324.1000000000001,1315.2,1320.1,1296.3,1220.9,1089.3,997.9,976.8,974.5,931.1,926.3,0
210828,911.2,904.2,895.3,879.7,897.3,879.1,867.4,878.1999999999999,884.5,989.5,1018.9,1027.9,994.7,1053.1,1095.0,1110.7,1077.6,1054.8999999999999,1047.3,1036.4,989.7,1011.5,982.5,942.1,1
210829,948.2,930.1,890.9,903.8,939.2,895.0,901.4,908.4,941.9,958.5,885.1,965.6999999999999,1013.4000000000001,1009.8,1059.1,1076.6,1092.7,1089.3,1084.5,1029.2,1028.5,996.6,969.9,964.7,1
210830,936.4,913.2,903.5,886.8,879.5,898.6,891.1,894.7,1085.3000000000002,1266.8,1327.1,1363.3,1343.6000000000001,1379.9,1366.5,1375.2,1381.6,1370.5,1249.6,1087.3,1112.1,1078.9,1067.4,1019.6,0
210831,931.3,906.0,913.7,878.0,857.3,901.8,885.7,886.8,1133.0,1317.4,1370.8,1438.3,1398.3,1494.8000000000002,1456.5,1491.3999999999999,1489.3,1436.1,1278.1,1099.3,1128.1,1102.3,1081.4,1049.2,0
210901,1005.3,958.3,961.9,935.1,941.9,955.7,950.9,997.8,1096.3,1245.6999999999998,1301.8,1295.4,1348.3999999999999,1345.3,1334.8000000000002,1363.8999999999999,1345.4,1287.6,1141.8,1084.1,1077.2,1068.8,1017.1,997.7,0
210902,957.5,921.1,889.5,883.5,875.2,874.3,885.6,890.2,1058.3,1187.1,1204.6,1233.2,1198.9,1206.6000000000001,1239.5,1203.8,1178.1000000000001,1212.0,1118.8000000000002,1066.7,1065.5,1029.0,996.7,958.0,0
210903,952.8,911.7,896.2,881.7,875.2,867.9,860.9,878.2,984.1,1065.1000000000001,1125.9,1169.8999999999999,1193.8,1195.7,1266.3,1271.3999999999999,1313.5,1250.2,1131.1,1088.8,1037.9,1032.3,962.7,943.9,0
210904,922.3,904.8,867.0,881.1,859.3,835.0,821.5,857.9000000000001,847.8000000000001,930.3000000000001,978.9,998.3,987.5,1029.2,1058.0,1053.3,1073.6000000000001,1017.0,997.3000000000001,961.4,964.6,959.2,938.3,953.0,1
210905,914.5,894.0,892.0,852.1,868.3,839.7,831.4,837.9,828.1,848.9,875.2,871.4000000000001,928.8,900.6,947.6,966.3,961.1999999999999,946.9,904.2,899.5,895.6,892.6,875.8,854.7,1
210906,849.9,834.1,821.6,780.7,773.9,759.5,762.9,799.6,851.5,977.9,1005.2,1059.3999999999999,1074.9,1079.6,1105.9,1123.9,1113.1000000000001,1066.7,1037.1,984.3,961.1,981.8,936.8,911.7,0
210907,868.2,895.2,849.0,818.3,792.6,807.8,817.6,847.2,952.5,1117.8,1089.2,1118.6,1114.1,1178.6,1178.8999999999999,1243.2,1170.6000000000001,1160.8,1084.9,1012.9,985.8,956.3,954.7,904.6,0
210908,884.5,858.0,843.5,815.0,802.6,793.4,800.5,815.5,921.9,1057.2,1148.9,1112.7,1171.2,1189.6000000000001,1168.6,1184.8,1221.9,1153.0,1089.8999999999999,997.2,951.2,950.3,915.2,887.2,0
210909,852.7,839.1,826.7,836.0,801.4,775.4,781.2,787.8,969.4000000000001,1031.0,1130.7,1127.7,1130.0,1188.0,1191.0,1210.2,1198.1000000000001,1172.7,1091.0,1025.9,1046.7,978.6,996.3,908.8,0
210910,910.2,890.4,886.0,850.8,840.9,829.5,825.8,869.7,941.4,1062.2,1084.0,1089.5,1082.4,1144.7,1169.8,1162.7,1170.6,1140.5,1060.9,976.7,960.0,941.0,934.2,923.4,0
210911,853.5,846.6,843.0,832.9,864.2,821.6,825.9,818.4,821.0,893.1,937.2,966.0,1036.4,981.7,1006.1999999999999,1089.5,1110.9,1062.1999999999998,1018.8,1007.0,984.6,953.5,926.7,915.5,1
210912,900.7,891.3,888.3,861.1,861.7,841.0,853.4,839.6,835.1999999999999,929.6,982.3000000000001,990.4,974.3000000000001,1012.4,1052.6,1075.3,1076.6000000000001,1055.2,1042.5,1003.3,990.6,986.2,970.1,927.9,1
210913,897.9,886.3,879.6,854.8,867.7,821.7,836.2,846.5,983.8000000000001,1105.8,1137.3,1190.0,1139.3,1210.6000000000001,1247.4,1239.9,1188.0,1164.5,1085.7,1054.7,1025.5,1002.3,973.8,942.5,0
210914,908.5,897.1,857.7,877.7,830.4,836.7,807.9,838.0,985.0,1073.0,1090.8,1110.8,1092.2,1154.1,1182.0,1165.7,1199.1999999999998,1163.3999999999999,1120.1,1039.9,1014.6,1019.1,960.8,964.6,0
210915,925.4,845.5,832.7,842.8,812.9,824.1,844.6,842.5,938.7,1087.2,1141.0,1143.1999999999998,1156.3,1211.8,1220.6000000000001,1255.7,1232.0,1212.4,1112.5,1027.5,975.5,964.2,936.4,907.7,0
210916,892.9,849.8,828.4,805.0,783.2,782.8,780.3,827.2,889.8000000000001,1017.6,1118.1,1128.0,1094.8,1122.3,1126.8,1142.7,1122.8,1088.3999999999999,1037.4,964.7,940.2,945.1,1011.1,887.0,0
210917,850.7,835.9,845.6,824.7,795.7,780.2,793.7,831.5,947.2,1018.6,1060.3000000000002,1070.6,1069.1999999999998,1119.0,1158.5,1166.7,1188.1000000000001,1131.3999999999999,1018.4,939.0,921.3,885.7,829.1,833.7,0
210918,795.6,811.1,759.7,747.0,771.7,740.2,747.6,747.6,765.4,802.0,806.1999999999999,812.9,858.1,860.4,906.5,876.4000000000001,882.8,853.7,834.0,818.1,797.7,777.4,762.6,780.5,1
210919,766.0,729.1,738.8,730.5,720.3,702.8,730.8,698.7,737.1,793.1,830.0,805.9,821.4,835.6,864.3000000000001,859.7,828.8,851.1999999999999,808.5,796.6,776.0,780.7,773.7,759.9,1
210920,761.2,731.5,737.4,724.2,694.6,699.0,712.6,699.5,731.9000000000001,761.0999999999999,811.7,842.9,800.8000000000001,823.9,842.4000000000001,813.5,858.4,874.3,807.3,805.9,807.8,813.8,795.8,792.6,0
210921,783.2,806.1,783.8,764.4,765.0,717.7,728.1,768.4,738.1,739.5,771.4,819.0999999999999,821.2,879.0,908.0,885.3000000000001,911.3000000000001,899.7,870.1999999999999,826.3,841.4,816.1,799.8,813.1,0
210922,774.2,748.1,760.8,748.0,738.3,748.6,767.3,751.1999999999999,781.9000000000001,840.0,814.9,789.8,853.8,910.0,900.6,941.5,921.9,896.3,841.3,868.1,852.0,819.9,828.2,794.6,0
210923,788.3,772.6,746.6,749.8,717.0,735.4,725.4,738.9,838.0,992.0,1028.5,1056.1,1067.1000000000001,1110.3,1121.8,1143.8,1099.3999999999999,1070.5,1036.2,945.6,914.4,886.6,897.5,850.8,0
210924,803.6,786.3,767.5,766.7,751.6,737.9,760.2,761.6,826.3,931.5,1016.5,1062.0,1082.8,1105.0,1101.7,1130.9,1148.7,1069.2,1009.9000000000001,977.1,940.4,912.9,885.3,878.5,0
210925,825.4,834.4,793.7,795.0,798.0,774.0,760.0,773.9,840.5,864.5999999999999,910.4,917.4000000000001,981.5,964.2,973.1,998.4,963.9000000000001,943.0999999999999,893.7,918.1,896.9,902.0,903.6,851.3,1
210926,850.8,830.5,817.7,773.3,768.7,788.7,772.5,763.6,796.4000000000001,809.8,853.5,885.4,894.0999999999999,942.0,945.5,953.5,944.5,956.8,922.3000000000001,925.4,884.0,869.6,868.8,853.6,1
210927,824.4,823.6,823.7,773.2,769.1,760.1,780.8,789.6999999999999,906.9,1013.0,1100.6000000000001,1095.8,1126.0,1143.6,1160.3,1149.3999999999999,1146.6000000000001,1125.2,1084.5,1040.5,986.7,959.7,936.3,925.4,0
210928,904.7,875.6,870.6,850.4,828.8,808.9,796.6,831.1999999999999,940.9,1078.6000000000001,1128.7,1133.3000000000002,1117.6,1160.0,1166.9,1161.3,1147.8999999999999,1147.0,1079.8,1007.3,1027.9,983.0,974.0,926.6,0
210929,933.6,920.4,882.5,874.8,855.8,836.1,847.4,852.4,1013.1,1053.3000000000002,1120.3000000000002,1116.6000000000001,1125.8,1110.1,1151.8999999999999,1156.6000000000001,1109.3,1093.8,1071.3,1028.9,969.2,985.2,952.1,942.4,0
210930,938.4,953.3,885.1,885.8,861.4,848.6,851.5,862.4,1045.6000000000001,1061.0,1145.7,1126.8,1163.1999999999998,1129.0,1182.6000000000001,1155.1,1113.9,1070.7,1062.4,1035.7,960.2,984.5,944.3,952.3,0
211001,860.8,802.9,808.4,802.9,772.3,760.9,757.6,742.3,824.0999999999999,962.5,1025.0,1076.4,1049.6,1106.7,1180.4,1171.5,1152.4,1120.6,1031.6,924.4,911.4,894.3,868.3,837.3,0
211002,847.1,825.2,793.5,754.4,760.6,739.4,760.5,766.8,802.2,837.7,876.6,925.1,925.2,939.6999999999999,992.4,1026.0,1043.0,935.0,896.7,891.5,893.2,897.1,837.0,805.9,1
211003,797.6,780.0,754.6,736.4,744.8,735.2,733.3,723.2,774.3,806.3,851.1999999999999,869.4,900.9,923.4,968.7,973.1,993.4,970.4,931.0,943.5,901.3,910.1,860.3,869.6,1
211004,824.6,850.5,791.5,784.1,775.2,800.3,819.0,812.7,861.5,893.1999999999999,930.2,982.0,945.8,1032.5,1043.2,1045.9,993.8,985.2,996.0999999999999,945.9,984.2,919.6,906.4,877.6,0
211005,855.4,840.2,800.4,823.5,800.4,782.3,807.0,821.7,964.3000000000001,1062.8,1149.5,1147.4,1181.8,1191.7,1225.2,1241.7,1242.2,1247.6000000000001,1172.0,1060.1,1042.8,1028.1,961.7,921.2,0
211006,884.6,851.7,813.7,818.4,801.6,788.2,789.4,821.4,945.3,1067.5,1170.0,1165.8,1174.5,1244.7,1189.3999999999999,1173.2,1196.2,1209.3999999999999,1118.5,1025.3,1040.0,982.7,939.2,919.7,0
211007,892.0,857.0,826.4,802.0,796.2,793.8,772.7,816.4,897.1999999999999,1038.3,1146.4,1135.3,1136.5,1155.1999999999998,1140.1,1116.3999999999999,1125.9,1128.3,1052.8999999999999,988.4,991.2,933.4,907.1,903.4,0
211008,872.4,842.8,819.4,819.8,802.9,796.3,804.1,800.1999999999999,897.5,982.1,1078.8,1037.1,1028.3999999999999,1069.9,1109.1,1087.5,1083.9,1046.7,1025.8,965.5,892.1,915.0,877.3,874.4,0
211009,850.6,821.7,834.7,798.7,775.9,771.9,771.2,767.3000000000001,810.0999999999999,846.5,880.0,910.9,901.3000000000001,942.8000000000001,963.3,1018.3,937.8,953.8000000000001,946.4,924.2,925.2,888.2,885.0,893.3,1
211010,841.9,842.0,817.0,818.6,787.9,810.7,790.9,793.6,816.1999999999999,847.4000000000001,838.0,886.8000000000001,935.6999999999999,1001.8,1008.0,973.5,954.0999999999999,979.5,979.9,967.6,946.5,920.4,907.0,851.6,1
211011,840.2,820.7,745.5,748.3,756.3,738.9,754.9,736.3000000000001,753.0,764.9,796.7,808.0,797.4000000000001,796.4000000000001,840.4000000000001,810.8000000000001,833.0999999999999,824.5,823.4,808.4,782.1,793.0,789.8,778.3,0
211012,770.5,762.1,768.5,732.9,738.2,752.8,734.1,731.9,830.9,881.0,955.4,938.2,934.5999999999999,934.9,929.5,967.6,959.8,920.7,928.2,852.3,850.3,839.4,846.7,810.2,0
211013,790.1,776.3,774.6,727.3,749.1,710.8,707.0,747.8000000000001,812.2,889.4,896.2,935.0,937.6,969.3,989.3,1023.5,1012.5,1005.8,949.4,923.9,897.4,879.7,859.6,825.9,0
211014,801.7,804.5,763.2,769.7,743.0,752.2,768.4,772.5,838.3,934.3,998.5,1000.9,1012.5,1068.8999999999999,1043.2,1106.1000000000001,1065.4,1054.3999999999999,949.1,920.1,868.4,887.9,823.7,837.6,0
211015,810.5,791.0,757.9,748.4,730.4,751.4,727.2,727.4,812.0,898.5,956.9000000000001,970.8000000000001,938.0,967.4000000000001,974.9,1010.0,991.3,972.5,889.5,814.9,836.1,812.0,787.0,776.7,0
211016,776.8,747.5,711.7,674.7,693.9,685.5,686.3,696.6,694.1,703.0,716.5,681.2,669.6,690.1999999999999,659.8,668.1,674.1,680.9,642.6,615.3,592.3,601.3,613.0,581.7,1
211017,580.1,582.2,570.7,546.5,555.5,548.0,553.9,546.4,537.3000000000001,553.0,545.8,563.1,592.0999999999999,606.0,607.2,613.8,620.5999999999999,648.9000000000001,596.1,624.9,630.0,586.3,595.8,592.5,1
211018,576.7,575.6,573.1,565.6,558.2,554.8,556.0,566.0,598.3000000000001,675.7,717.0999999999999,735.6,894.4,882.6,865.2,892.8,877.6,850.8000000000001,813.6,753.7,773.5,762.8,767.2,756.7,0
211019,700.8,702.5,683.4,696.7,668.9,665.0,656.7,660.1,706.4000000000001,783.5,823.2,889.2,842.1,807.5,881.4,934.9,885.2,848.5,769.0,763.5,736.9,769.0,723.6,712.9,0
211020,680.8,697.4,663.2,687.8,645.1,621.0,654.7,651.0,662.8,863.4,893.1999999999999,861.4000000000001,824.5,879.7,841.4,831.6,854.0,840.4,769.7,767.1,744.0,717.5,718.4,700.1,0
211021,721.3,693.5,661.8,692.7,678.6,686.2,658.9,675.3000000000001,724.3000000000001,797.1999999999999,813.1,816.8,741.0,775.9,774.1999999999999,790.8000000000001,754.0,784.5,738.2,685.2,682.7,678.3,686.9,665.0,0
211022,667.0,644.4,627.2,646.5,608.5,609.6,609.1,625.6,698.7,755.4,730.1,748.5,739.9,756.3,755.8000000000001,765.6999999999999,761.1,716.9,678.4,640.2,621.7,666.1,614.3,602.3,0
211023,635.9,598.3,597.7,588.8,577.2,586.0,585.3,591.9,556.5,586.3000000000001,624.9,634.6,638.5,643.7,660.1,648.4000000000001,647.4,626.9,631.0,648.9,634.2,576.9,582.7,606.4,1
211024,608.5,589.6,587.4,636.1,568.0,579.5,573.9,572.9000000000001,575.4,574.5,548.1999999999999,564.4,614.6999999999999,616.5,620.9,641.1,651.4000000000001,632.5,656.4,635.8,636.3,632.9,644.5,613.5,1
211025,622.6,613.1,603.1,591.0,616.6,578.1,586.8,627.0,645.7,747.2,747.0999999999999,777.4,749.0,767.2,800.4,778.3000000000001,772.2,743.1,723.7,694.9,708.7,699.9,681.9,669.5,0
211026,693.4,653.1,635.8,609.0,613.2,587.6,594.0,591.3000000000001,696.1999999999999,766.5,814.6,781.3,762.4000000000001,810.0,793.5,768.5,804.9,748.2,726.9,700.2,682.3,688.1,698.0,665.8,0
211027,655.1,656.5,654.8,631.0,617.7,628.2,649.1,603.8000000000001,681.1,732.9,791.4,814.6999999999999,797.3,764.0,777.6999999999999,788.1,757.9000000000001,754.9,719.7,687.1,704.1,703.6,713.1,679.4,0
211028,687.3,641.2,649.4,626.5,615.0,628.9,579.0,643.1,718.8,784.8,825.2,823.7,778.1999999999999,807.9,807.6,801.8000000000001,812.6999999999999,791.2,707.7,661.3,687.7,667.5,671.6,657.0,0
211029,671.6,643.2,653.3,613.2,611.7,618.7,590.6,622.8,654.5,710.4,743.6,738.3000000000001,723.8,724.1,748.3,734.1999999999999,742.9,737.2,692.6,655.1,672.2,662.6,652.9,650.6,0
211030,657.5,645.8,657.1,600.5,608.9,608.8,600.5,597.3,597.1,619.3,627.1,625.5,644.0,652.9000000000001,665.7,653.6,671.4,676.0999999999999,676.8,653.7,657.6,660.7,640.0,646.9,1
211031,653.9,647.0,659.4,591.6,606.9,601.6,601.7,595.6,592.2,602.5,633.0,651.1,666.1,679.5,692.9000000000001,660.5,672.9,663.9000000000001,663.1,653.2,644.6,661.0,630.3,645.0,1
211101,642.4,644.2,637.7,622.8,604.9,596.1,620.9,628.5,728.2,751.4,806.1,814.9,802.6999999999999,805.1,804.9,809.9,796.1,778.7,723.1,746.1,713.6,708.0,717.0,704.3,0
211102,656.0,670.0,655.0,643.9,605.5,623.7,613.2,620.3000000000001,718.2,801.1,844.4,790.9,800.0,797.3,798.1,822.4,821.1,805.0,760.8,735.2,702.1,705.1,667.4,689.3,0
211103,680.9,689.7,642.6,625.6,638.0,627.5,633.9,642.2,700.0,772.6999999999999,778.0,774.9,741.9,763.1999999999999,766.7,787.0999999999999,759.6,733.7,692.8,667.4,735.5,725.0,695.8,711.4,0
211104,650.6,644.9,620.6,638.9,642.2,591.7,598.3,615.5,711.3,796.5999999999999,799.7,795.9,797.6,777.9,825.8,805.9,816.5,812.9,734.5,718.4,720.6,725.8,733.2,702.6,0
211105,681.5,642.8,657.5,660.2,655.4,650.0,620.8,635.7,676.9,722.0,853.6,814.1,768.0,807.4,815.1999999999999,819.5,773.4,755.3,707.4,684.3,687.3,654.3,666.8,664.3,0
211106,657.4,649.1,634.6,640.6,643.3,625.7,609.5,621.1,631.6,657.6,727.4,709.2,702.1,735.4000000000001,746.6,755.5999999999999,720.3,705.6999999999999,683.6,659.0,660.5,658.6,658.0,657.9,1
211107,633.1,654.7,613.9,614.6,624.4,601.8,602.7,607.0,586.9,594.6999999999999,599.9,602.8000000000001,619.0,638.1,630.9,655.9,666.3,662.7,663.4,642.3,644.9,680.2,669.3,670.2,1
211108,632.5,650.4,642.5,616.1,603.6,590.9,613.0,601.8,715.5,776.3000000000001,805.6999999999999,805.1,819.2,866.2,826.0,813.5,863.9,833.8000000000001,790.6,763.3,702.1,716.8,715.1,707.5,0
211109,663.1,664.2,635.6,626.5,608.3,597.7,619.1,620.8,660.6999999999999,788.4000000000001,841.4,816.6999999999999,835.4,810.6,806.1,788.8000000000001,797.3000000000001,785.9000000000001,721.2,686.6,696.0,692.0,677.9,691.8,0
211110,651.2,616.1,612.9,632.8,630.0,628.2,668.1,666.4,737.8000000000001,789.2,791.9000000000001,816.9,849.9,819.0,815.6,812.2,780.6,795.6,749.7,726.3,712.4,701.6,703.9,685.0,0
211111,678.6,669.6,644.2,686.9,653.2,656.9,668.4,631.1,762.4000000000001,796.2,793.5,803.3,843.0,831.0,854.0,851.0,869.2,842.4,774.5,765.4,779.4,712.1,752.0,714.0,0
211112,707.4,686.3,693.2,643.5,643.2,674.2,645.4,663.4,773.7,822.8,842.0,812.1,795.8000000000001,833.1999999999999,842.6999999999999,844.9,822.5,832.2,798.8,735.4,745.0,708.2,730.8,715.5,0
211113,676.3,647.4,688.5,657.4,631.7,625.9,640.8,645.6,659.7,643.5,686.4,652.1999999999999,664.4,629.7,692.9,704.0,686.0,711.9,678.6,675.4,696.1,701.1,685.6,689.7,1
211114,701.6,656.6,679.3,646.9,635.1,632.9,633.1,631.8,628.4000000000001,652.1,624.1,605.4,614.0,670.5999999999999,634.4,664.6,658.5,674.9,680.8,686.3,684.4,690.4,706.6,684.6,1
211115,651.7,660.7,651.3,625.3,621.4,604.6,608.0,647.0,711.1,838.7,841.1,833.5,839.0,860.0,842.1999999999999,809.9,840.5,770.8,780.9,735.0,734.4,724.0,707.3,704.4,0
211116,717.9,685.9,693.3,685.6,651.8,620.9,684.8,651.8,731.7,801.8000000000001,842.7,815.9,781.3,809.8,745.7,779.7,799.3000000000001,783.0999999999999,737.4,728.6,698.5,700.8,715.1,691.1,0
211117,664.8,680.8,671.4,631.5,650.2,646.4,622.1,624.6,660.9,701.9,701.1999999999999,682.4,684.1,662.8000000000001,679.3,719.8,702.7,708.2,669.3,712.2,730.5,716.5,683.9,639.6,0
211118,636.2,635.4,658.8,621.7,604.4,613.2,597.8,630.3,700.6,782.0999999999999,795.3,797.0,784.2,752.8000000000001,792.6999999999999,783.4000000000001,781.8,773.1999999999999,721.4,743.4,732.8,728.3,697.5,720.1,0
211119,708.1,706.2,683.0,662.1,660.3,678.3,663.0,691.7,784.7,831.7,863.9,855.6,822.5999999999999,817.2,801.5,833.1,811.9,822.8,763.4,730.4,710.5,704.4,720.9,693.7,0
211120,694.7,664.3,682.9,692.9,683.1,675.0,651.6,651.3,696.0,702.4000000000001,720.6,681.8,690.6999999999999,663.6999999999999,710.7,688.8,679.3000000000001,695.4,712.7,671.1,702.0,713.2,759.9,681.5,1
211121,713.1,676.4,671.0,660.7,648.3,644.8,688.1,666.8,669.3,682.0,690.3,688.0,674.6,686.1,724.3,726.1,705.3000000000001,721.9,778.2,732.1,758.0,685.2,733.2,696.0,1
211122,703.1,686.6,650.6,688.9,696.8,681.9,701.4,739.1,782.7,859.5999999999999,856.1,850.5999999999999,870.4,876.4,925.6,929.7,873.8000000000001,833.1,795.5,746.9,739.0,719.9,724.6,743.0,0
211123,680.2,690.2,673.2,646.5,665.8,668.5,643.2,658.8,770.8,904.4000000000001,953.0,938.2,919.6,939.8000000000001,940.8,956.1,944.4,904.6,903.4,801.9,810.1,789.1,750.3,770.3,0
211124,739.1,745.3,703.8,667.1,681.1,679.1,720.9,695.9,824.6,882.1999999999999,898.1999999999999,933.5999999999999,869.2,856.8,853.4,854.1,845.7,817.9,792.0,768.6,732.9,737.0,750.0,746.7,0
211125,747.1,738.4,705.6,725.2,691.8,690.8,664.7,743.2,800.4,814.8,793.4,792.2,763.4,790.5,792.6,846.3,812.3,811.1,735.1,726.4,696.8,754.6,708.6,721.6,0
211126,685.8,686.8,686.0,679.9,684.9,712.8,721.8,710.0,811.0,843.5,845.9,829.4,850.0,837.6999999999999,868.8,881.3,864.0,829.2,759.5,755.3,724.1,720.2,703.4,687.5,0
211127,693.8,711.7,692.3,695.8,682.9,691.8,684.3,665.7,643.6,654.8,698.7,650.9000000000001,675.3,630.2,672.3000000000001,675.1,666.0,706.2,700.5,709.7,717.8,678.4,694.9,719.8,1
211128,712.2,686.7,738.1,715.3,700.1,696.6,669.2,690.3,691.1,669.0,632.9,670.5,661.9,619.5,645.8,668.4,705.6,738.9,695.1,727.7,756.1,717.8,717.5,751.4,1
211129,754.5,741.8,724.9,714.9,760.5,721.2,735.7,741.8,857.7,858.6999999999999,885.1,897.9,881.6999999999999,819.5,836.0,833.8000000000001,812.0,809.1,762.7,702.2,749.1,695.8,731.6,706.9,0
211130,787.3,768.3,718.3,714.5,796.6,738.9,774.1,776.8,922.9,897.3000000000001,879.4,888.7,854.4,820.8,844.1,829.1,820.7,837.6,792.6,693.9,749.4,688.4,742.5,700.2,0
211201,737.3,740.6,700.8,682.1,698.8,695.8,681.3,714.2,835.7,971.0999999999999,980.6999999999999,996.1,967.7,1036.3,1033.3,1008.0,1039.7,1001.7,888.7,823.4,843.5,841.6,838.2,821.0,0
211202,837.7,820.4,757.5,768.3,770.4,755.3,805.3,779.6,926.7,1052.3999999999999,1019.3,979.5,1021.5,1000.0,986.3000000000001,1009.8000000000001,1041.8,1029.1999999999998,948.9,851.0,850.9,884.0,812.9,805.0,0
211203,810.6,719.1,760.5,739.2,746.5,702.6,717.0,779.0,869.7,988.0999999999999,968.7,955.1,972.6,973.6,1022.2,992.3000000000001,1030.3,970.3000000000001,892.1,832.6,813.0,842.0,842.5,824.9,0
211204,708.5,732.1,735.0,693.1,765.9,749.3,713.0,745.7,778.1999999999999,753.7,779.5,675.6,781.0,814.0999999999999,835.2,778.4,832.9,820.6,807.9,794.2,816.6,772.3,728.0,773.4,1
211205,737.7,792.6,819.3,739.5,739.9,728.9,834.7,742.0,725.0,719.6999999999999,716.0,669.1,720.0,698.5,771.1,749.7,742.6999999999999,765.3000000000001,777.6,780.6,738.5,765.4,755.7,796.9,1
211206,824.4,846.3,767.7,756.8,747.0,713.3,771.2,772.3,871.8000000000001,950.0,1004.9,1001.4,936.1,935.1,925.9000000000001,934.5,941.4000000000001,949.5,842.3,779.6,792.6,802.5,763.1,782.3,0
211207,811.7,716.0,799.9,771.6,794.6,768.5,787.5,834.8,926.8000000000001,1046.1,1013.4,961.0,942.3000000000001,924.1,961.5,968.5,957.2,953.2,867.4,835.5,795.1,765.2,803.3,801.1,0
211208,793.3,769.5,766.2,756.9,834.2,738.2,783.7,807.4,860.5,987.8000000000001,1001.2,936.3000000000001,900.1999999999999,872.9000000000001,887.3000000000001,891.9,911.4,861.4000000000001,766.3,765.9,736.7,727.0,725.9,744.9,0
211209,769.9,742.0,721.1,685.4,672.4,702.3,700.8,726.4,837.3000000000001,941.6999999999999,947.2,883.2,811.8000000000001,771.1999999999999,805.7,801.7,750.5,780.9,742.6,714.7,715.4,728.5,714.3,708.0,0
211210,753.7,734.8,695.5,682.9,655.8,700.1,682.6,695.1,758.9,847.3,816.9,768.9,748.3000000000001,698.0999999999999,721.9,753.2,672.8,703.9000000000001,736.9,680.7,680.4,689.6,704.8,682.4,0
211211,739.8,728.3,676.5,687.4,640.4,708.1,667.2,667.6,673.3,749.0,699.9,647.9,667.4,665.9,701.0,683.3000000000001,654.4,660.4000000000001,735.8,690.3,684.0,679.5,698.7,679.5,1
211212,633.7,626.3,622.5,630.8,626.2,665.5,634.2,645.3,632.3,621.7,619.8,647.1,685.5999999999999,723.6999999999999,713.8000000000001,762.3,752.1,797.7,762.1,810.9,752.0,767.6,768.7,757.9,1
211213,744.9,702.2,750.1,687.9,704.5,709.2,722.0,787.7,856.0,1000.8,1001.8000000000001,1018.7,1049.6,988.5,1037.9,991.1,979.0,999.9,946.1,872.6,819.2,843.5,780.2,780.8,0
211214,785.4,764.6,787.6,801.7,748.0,770.2,743.0,771.3,851.1,1041.9,1042.1000000000001,1070.3,1010.5,983.1999999999999,1006.5999999999999,1019.0,1014.9,969.6,908.8,861.1,810.3,805.7,814.9,863.6,0
211215,743.6,768.1,742.2,774.0,723.7,738.5,798.5,760.5,888.5,987.8000000000001,985.5,1032.9,970.1999999999999,889.7,879.3,881.0,880.1999999999999,883.4,840.8,790.8,776.3,783.0,793.8,756.9,0
211216,774.5,762.4,735.5,715.2,692.9,714.2,710.2,759.7,875.6,939.6,943.8000000000001,1027.6000000000001,938.3,956.9,947.6,943.4,951.4000000000001,925.6,877.3,805.5,752.1,779.5,743.0,742.7,0
211217,710.5,744.3,710.5,713.9,693.9,697.5,725.6,745.7,944.2,1014.8,1009.3000000000001,1003.8,966.0,1053.3,1009.3,1083.6,1068.6,980.4,956.9,856.5,842.4,853.9,807.0,864.1,0
211218,891.1,783.7,837.0,842.5,844.1,800.8,827.7,875.1,881.5,843.5,857.3000000000001,794.1,815.6,781.1,829.6,846.9,829.1999999999999,823.9,888.2,855.3,889.0,856.8,923.9,861.1,1
211219,846.7,848.9,803.9,795.5,798.2,771.6,738.1,797.2,771.7,752.4,745.6,758.6,794.7,811.7,827.9,822.0,834.5,862.7,816.2,812.1,880.2,848.6,863.8,798.9,1
211220,808.3,784.9,804.3,792.6,805.9,798.3,796.0,838.5,923.3,1076.4,1083.0,1098.3,1007.5,1022.8,983.0,964.6,903.3,930.0,890.7,814.1,830.3,817.8,815.3,888.9,0
211221,827.8,788.2,780.5,805.4,746.8,787.1,822.2,810.5,951.3000000000001,1035.0,1019.1,1000.1,950.0,925.0,914.3,928.4000000000001,951.3,934.9,872.9,883.3,833.0,876.1,830.5,808.8,0
211222,769.5,783.0,805.3,810.6,849.7,845.8,855.4,879.7,960.6,1071.9,957.6999999999999,944.6999999999999,900.5,864.3000000000001,894.3,898.7,933.0999999999999,938.0,877.8,849.6,828.3,814.7,840.7,880.9,0
211223,808.8,803.2,794.2,794.6,850.1,794.7,790.0,846.5,953.1,1084.3999999999999,1063.4,983.4000000000001,958.9,935.0,948.9000000000001,936.5,960.3,929.2,927.2,809.7,805.8,788.2,794.0,779.1,0
211224,782.2,793.3,787.0,756.0,771.0,761.1,770.9,812.5,887.1,995.8,994.3,982.5,927.6999999999999,929.3,943.3000000000001,913.1,928.0,941.5,836.4,856.5,783.0,807.5,819.0,787.2,0
211225,810.9,799.7,769.8,810.6,817.2,856.7,788.2,825.8,836.8,829.6999999999999,813.2,827.0,817.9000000000001,863.1999999999999,895.4,882.1,960.3,907.7,909.2,890.9,870.7,928.2,863.7,813.9,1
211226,860.1,866.2,891.8,865.9,901.3,899.8,865.2,866.0,877.8,833.0999999999999,821.0,846.8000000000001,827.3000000000001,831.4,864.3000000000001,832.8,839.0,835.5,870.4,833.5,876.7,879.3,876.3,859.7,1
211227,862.1,868.6,836.0,849.5,886.9,861.9,888.2,896.7,1085.6,1188.8999999999999,1212.1000000000001,1175.8,1170.5,1125.1000000000001,1148.8999999999999,1148.0,1152.8999999999999,1139.0,1111.6,1011.1,1026.3,946.0,938.4,922.8,0
211228,885.6,890.9,859.7,875.7,868.3,853.8,850.5,868.5,959.1,1131.5,1125.7,1095.3000000000002,1086.8,1086.3000000000002,1141.7,1108.2,1072.2,1092.0,997.6,928.1,933.0,862.6,902.8,896.1,0
211229,847.5,877.3,824.7,813.5,836.8,774.4,809.9,853.0,977.0,1027.3,1030.0,1012.6,997.8000000000001,992.8000000000001,965.1999999999999,981.1,1013.5,957.5,893.3,871.3,902.9,878.8,910.0,869.2,0
211230,864.7,841.4,788.1,812.6,776.7,801.0,851.0,851.2,938.3000000000001,1032.5,1009.0,1021.4,1020.8000000000001,1006.0999999999999,1048.5,1042.5,1019.1,1006.0,949.4,883.0,900.5,841.5,871.5,856.0,0
211231,864.7,841.4,788.1,812.6,776.7,801.0,851.0,851.2,937.6,1020.8000000000001,1014.6,1027.0,1023.1,1031.0,1041.8,1043.8,1026.9,1006.0,949.4,883.0,900.5,841.5,871.5,856.0,0
