,0,1,2,3,4,5,6,7,8,9,10,11,12,13,14,15,16,17,18,19,20,21,22,23,TM_6,TM_9,TM_12,TM_15,TM_18,PR_9,PR_15,PR_21,PP_6,PP_9,PP_12,PP_15,PP_18,HM_6,HM_9,HM_12,HM_15,HM_18,WS_6,WS_9,WS_12,WS_15,WS_18,SK_6,SK_9,SK_12,SK_5,SK_18
210104,0.0,0.0,0.0,0.0,0.0,0.0,0.0,0.0,3.8,104.2,230.6,355.8,421.6,486.3999999999999,447.8,111.4,59.7,14.3,0.0,0.0,0.0,0.0,0.0,0.0,-1.0,-2.0,-4.0,-5.0,-6.0,0.0,0.0,0.0,30.0,30.0,30.0,30.0,30.0,55.0,60.0,65.0,65.0,70.0,6.1,3.3,2.7,2.1,2.8,4.0,4.0,4.0,4.0,4.0
210105,0.0,0.0,0.0,0.0,0.0,0.0,0.0,0.0,4.1,69.4,346.90000000000003,373.9,127.2,121.1,282.5,107.3,79.0,15.400000000000002,0.0,0.0,0.0,0.0,0.0,0.0,0.0,-2.0,-2.0,-2.0,-5.0,0.0,1.0,5.0,30.0,30.0,30.0,60.0,80.0,60.0,70.0,75.0,80.0,80.0,2.4,1.1,2.5,6.0,6.6,4.0,4.0,4.0,4.0,4.0
210106,0.0,0.0,0.0,0.0,0.0,0.0,0.0,0.0,1.6,48.2,226.0,465.7,369.5,513.1,487.7,361.1,232.6,7.4,0.0,0.0,0.0,0.0,0.0,0.0,-7.0,-9.0,-11.0,-11.0,-14.0,5.0,10.0,5.0,90.0,90.0,90.0,90.0,80.0,65.0,75.0,75.0,80.0,85.0,6.5,4.3,2.3,2.1,2.9,4.0,4.0,4.0,4.0,4.0
210107,0.0,0.0,0.0,0.0,0.0,0.0,0.0,0.0,0.0,0.7999999999999999,0.7,1.2,2.1,2.1,2.9,1.6,0.1,0.5,0.0,0.0,0.0,0.0,0.0,0.0,-7.0,-10.0,-12.0,-13.0,-13.0,0.0,1.0,1.0,30.0,10.0,10.0,60.0,60.0,65.0,70.0,75.0,80.0,85.0,3.7,1.3,1.3,1.6,2.2,4.0,1.0,1.0,3.0,4.0
210108,0.0,0.0,0.0,0.0,0.0,0.0,0.0,0.0,0.1,1.1,5.1,15.8,22.90000000000001,16.5,4.7,17.1,9.2,0.7999999999999999,0.0,0.0,0.0,0.0,0.0,0.0,-3.0,-5.0,-10.0,-12.0,-10.0,0.0,0.0,0.0,20.0,30.0,10.0,10.0,0.0,65.0,75.0,85.0,90.0,95.0,4.7,4.9,1.9,1.3,1.5,3.0,4.0,1.0,1.0,1.0
210111,0.0,0.0,0.0,0.0,0.0,0.0,0.0,0.0,3.5,62.2,78.1,159.4,107.90000000000002,110.2,139.6,99.2,61.2,12.4,0.0,0.0,0.0,0.0,0.0,0.0,3.0,0.0,-2.0,-3.0,-3.0,0.0,0.0,0.0,30.0,30.0,30.0,10.0,20.0,55.0,80.0,90.0,85.0,85.0,2.5,1.4,1.5,1.5,1.4,4.0,4.0,4.0,3.0,3.0
210112,0.0,0.0,0.0,0.0,0.0,0.0,0.0,0.0,0.1,1.9,24.0,55.900000000000006,271.70000000000005,396.3,371.1,103.2,74.6,21.300000000000004,0.0,0.0,0.0,0.0,0.0,0.0,10.0,5.0,2.0,2.0,0.0,0.0,0.0,0.0,0.0,10.0,30.0,30.0,20.0,55.0,80.0,95.0,95.0,95.0,4.5,1.4,0.9,0.6,1.3,1.0,3.0,4.0,4.0,3.0
210113,0.0,0.0,0.0,0.0,0.0,0.0,0.0,0.0,3.4,87.10000000000001,215.6,346.69999999999993,418.1,448.30000000000007,413.0,335.9,187.6,43.0,0.0,0.0,0.0,0.0,0.0,0.0,11.0,5.0,3.0,4.0,4.0,0.0,0.0,0.0,0.0,0.0,0.0,20.0,30.0,35.0,60.0,75.0,85.0,95.0,3.8,2.4,3.8,3.4,2.2,1.0,1.0,1.0,3.0,4.0
210114,0.0,0.0,0.0,0.0,0.0,0.0,0.0,0.0,2.8,61.7,252.9,389.2,481.2,502.1,455.6,360.20000000000005,210.8,45.1,0.0,0.0,0.0,0.0,0.0,0.0,14.0,10.0,5.0,2.0,0.0,1.0,0.0,0.0,30.0,60.0,30.0,30.0,30.0,60.0,85.0,90.0,85.0,80.0,6.0,3.8,3.7,4.5,5.0,4.0,4.0,4.0,4.0,4.0
210115,0.0,0.0,0.0,0.0,0.0,0.0,0.0,0.0,1.4,61.900000000000006,156.30000000000004,200.9,428.8,249.8,127.3,90.0,83.9,3.2,0.0,0.0,0.0,0.0,0.0,0.0,0.0,-1.0,-3.0,-3.0,-4.0,0.0,0.0,1.0,20.0,30.0,30.0,30.0,60.0,50.0,60.0,65.0,70.0,80.0,6.5,4.2,4.1,3.8,2.7,3.0,4.0,4.0,4.0,4.0
210119,0.0,0.0,0.0,0.0,0.0,0.0,0.0,0.0,5.6000000000000005,127.6,301.3,458.4,539.8,571.4999999999999,551.5,455.5999999999999,259.70000000000005,87.80000000000001,0.1,0.0,0.0,0.0,0.0,0.0,9.0,3.0,1.0,0.0,-1.0,0.0,0.0,0.0,0.0,20.0,30.0,20.0,30.0,45.0,75.0,90.0,95.0,95.0,3.1,1.7,2.7,2.4,2.0,1.0,3.0,4.0,3.0,4.0
210120,0.0,0.0,0.0,0.0,0.0,0.0,0.0,0.0,5.6,124.3,294.40000000000003,456.7,536.5,555.4,511.7,428.7000000000001,194.4,62.49999999999999,0.0,0.0,0.0,0.0,0.0,0.0,11.0,8.0,6.0,6.0,6.0,0.0,10.0,5.0,30.0,30.0,70.0,70.0,70.0,65.0,80.0,90.0,95.0,100.0,2.6,2.8,3.5,3.5,0.9,4.0,4.0,4.0,4.0,4.0
210121,0.0,0.0,0.0,0.0,0.0,0.0,0.0,0.0,5.6000000000000005,124.6,181.3,154.0,58.6,41.10000000000001,64.4,9.9,37.0,5.4,0.0,0.0,0.0,0.0,0.0,0.0,11.0,10.0,7.0,6.0,6.0,0.0,0.0,0.0,30.0,30.0,30.0,30.0,30.0,75.0,85.0,95.0,100.0,100.0,2.3,1.8,1.9,1.8,1.3,4.0,4.0,4.0,4.0,4.0
210122,0.0,0.0,0.0,0.0,0.0,0.0,0.0,0.0,0.1,9.9,57.7,38.6,89.50000000000001,203.50000000000003,83.3,66.1,47.1,5.0,0.0,0.0,0.0,0.0,0.0,0.0,12.0,10.0,8.0,7.0,6.0,5.0,0.0,0.0,80.0,80.0,30.0,30.0,30.0,70.0,80.0,85.0,85.0,85.0,2.5,2.3,1.8,1.9,2.1,4.0,4.0,4.0,4.0,4.0
210125,0.0,0.0,0.0,0.0,0.0,0.0,0.0,0.0,9.4,123.4,277.0,428.5,445.6,511.6000000000001,524.8000000000001,433.6,288.6,95.5,0.1,0.0,0.0,0.0,0.0,0.0,9.0,8.0,5.0,3.0,1.0,1.0,0.0,0.0,60.0,30.0,30.0,30.0,20.0,70.0,80.0,85.0,85.0,90.0,4.9,4.4,4.4,4.3,3.8,4.0,4.0,4.0,4.0,3.0
210126,0.0,0.0,0.0,0.0,0.0,0.0,0.0,0.0,0.0,9.3,19.9,52.900000000000006,51.70000000000001,52.5,203.4,117.7,51.3,1.9,0.0,0.0,0.0,0.0,0.0,0.0,8.0,4.0,1.0,-1.0,-2.0,0.0,0.0,0.0,10.0,10.0,20.0,20.0,20.0,25.0,35.0,50.0,65.0,70.0,5.0,2.3,1.4,1.2,0.9,1.0,3.0,3.0,3.0,3.0
210127,0.0,0.0,0.0,0.0,0.0,0.0,0.0,0.0,6.999999999999999,135.7,314.5,483.0,569.3000000000001,585.8000000000001,555.6,388.2000000000001,238.8,50.2,0.1,0.0,0.0,0.0,0.0,0.0,3.0,-1.0,-3.0,-4.0,-4.0,1.0,5.0,1.0,70.0,60.0,60.0,60.0,70.0,60.0,60.0,60.0,60.0,60.0,10.2,9.2,9.1,9.0,9.0,4.0,4.0,4.0,4.0,4.0
210129,0.0,0.0,0.0,0.0,0.0,0.0,0.0,0.0,1.1,29.4,89.2,223.8,420.6,405.7,550.8000000000001,486.6,326.0,111.2,0.6,0.0,0.0,0.0,0.0,0.0,9.0,5.0,0.0,-2.0,-2.0,0.0,0.0,0.0,30.0,30.0,20.0,20.0,20.0,55.0,80.0,90.0,90.0,90.0,5.4,1.4,0.8,1.2,1.7,4.0,4.0,3.0,3.0,3.0
210202,0.0,0.0,0.0,0.0,0.0,0.0,0.0,0.0,13.3,180.8,361.0,519.6,612.0,642.7000000000002,617.4,528.9000000000001,348.90000000000003,129.50000000000003,0.7,0.0,0.0,0.0,0.0,0.0,5.0,2.0,1.0,2.0,4.0,0.0,0.0,5.0,0.0,30.0,30.0,30.0,80.0,40.0,55.0,70.0,70.0,90.0,3.2,1.1,2.4,2.6,4.1,1.0,4.0,4.0,4.0,4.0
210203,0.0,0.0,0.0,0.0,0.0,0.0,0.0,0.0,4.5,113.2,347.99999999999994,505.0,585.8000000000001,610.9,585.1000000000001,483.80000000000007,298.70000000000005,79.2,0.7,0.0,0.0,0.0,0.0,0.0,3.0,0.0,-4.0,-4.0,-5.0,0.0,0.0,0.0,0.0,10.0,30.0,20.0,0.0,35.0,50.0,75.0,75.0,75.0,4.8,1.8,1.1,0.6,0.9,1.0,1.0,4.0,3.0,1.0
210204,0.0,0.0,0.0,0.0,0.0,0.0,0.0,0.0,8.5,90.5,278.90000000000003,518.2,613.2,639.4,615.9,531.2,370.1,147.8,2.1,0.0,0.0,0.0,0.0,0.0,8.0,5.0,3.0,2.0,0.0,0.0,0.0,0.0,20.0,30.0,30.0,30.0,0.0,35.0,55.0,70.0,85.0,95.0,3.8,1.4,2.9,0.9,0.9,3.0,4.0,4.0,4.0,1.0
210205,0.0,0.0,0.0,0.0,0.0,0.0,0.0,0.0,14.3,132.9,360.0,388.4,336.1,317.50000000000006,259.7,217.5,190.0,61.4,0.6,0.0,0.0,0.0,0.0,0.0,12.0,9.0,6.0,5.0,3.0,0.0,0.0,0.0,10.0,0.0,0.0,10.0,10.0,60.0,80.0,95.0,95.0,100.0,4.2,2.0,2.8,3.1,2.3,3.0,1.0,1.0,1.0,3.0
210208,0.0,0.0,0.0,0.0,0.0,0.0,0.0,0.0,19.6,169.50000000000003,350.49999999999994,504.7,600.0,641.0,628.1,547.0000000000001,400.2000000000001,189.5,2.9,0.0,0.0,0.0,0.0,0.0,6.0,3.0,-1.0,-3.0,-3.0,0.0,0.0,0.0,0.0,0.0,0.0,0.0,0.0,35.0,50.0,75.0,80.0,85.0,4.0,1.1,0.4,1.2,1.0,1.0,1.0,1.0,1.0,1.0
210209,0.0,0.0,0.0,0.0,0.0,0.0,0.0,0.0,20.8,176.3,351.6,498.7000000000001,579.0000000000001,626.6,615.5,533.8,391.0,159.20000000000002,3.8,0.0,0.0,0.0,0.0,0.0,9.0,6.0,3.0,0.0,-1.0,0.0,0.0,0.0,20.0,20.0,10.0,0.0,10.0,55.0,75.0,85.0,90.0,95.0,3.6,1.0,0.7,1.2,1.4,3.0,3.0,3.0,1.0,3.0
210210,0.0,0.0,0.0,0.0,0.0,0.0,0.0,0.0,22.5,159.09999999999997,337.9,478.8,538.3000000000001,575.8,552.8000000000001,468.1,343.7,108.9,1.7000000000000002,0.0,0.0,0.0,0.0,0.0,12.0,9.0,5.0,2.0,2.0,0.0,0.0,0.0,10.0,20.0,20.0,20.0,20.0,40.0,60.0,80.0,85.0,80.0,1.5,0.4,1.2,1.2,1.5,3.0,3.0,3.0,3.0,3.0
210215,0.0,0.0,0.0,0.0,0.0,0.0,0.0,0.0,0.0,1.5,3.0,138.5,124.6,183.3,218.9,131.1,126.4,29.6,1.3,0.0,0.0,0.0,0.0,0.0,6.0,0.0,-2.0,-3.0,-4.0,5.0,0.0,1.0,70.0,60.0,20.0,30.0,60.0,60.0,65.0,60.0,60.0,65.0,6.8,5.8,2.9,3.5,3.8,4.0,4.0,3.0,4.0,4.0
210216,0.0,0.0,0.0,0.0,0.0,0.0,0.0,0.0,29.9,190.3,372.1,508.7000000000001,598.3000000000002,649.1000000000001,491.0,110.6,16.0,25.8,4.6,0.0,0.0,0.0,0.0,0.0,-3.0,-3.0,-4.0,-5.0,-4.0,5.0,5.0,1.0,60.0,60.0,60.0,60.0,60.0,60.0,60.0,60.0,75.0,75.0,8.2,5.6,6.0,5.7,4.7,4.0,4.0,4.0,4.0,4.0
210217,0.0,0.0,0.0,0.0,0.0,0.0,0.0,0.0,0.5,0.0,2.4,3.7,4.9,17.4,14.8,22.4,3.3000000000000003,4.6,0.6,0.0,0.0,0.0,0.0,0.0,1.0,0.0,-1.0,-2.0,-3.0,0.0,0.0,0.0,30.0,30.0,30.0,30.0,30.0,50.0,55.0,65.0,75.0,85.0,7.1,4.0,1.6,1.1,1.0,4.0,4.0,4.0,4.0,4.0
210218,0.0,0.0,0.0,0.0,0.0,0.0,0.0,0.0,0.5,0.8,4.8,6.0,67.5,96.7,133.7,201.6,105.7,114.9,4.4,0.0,0.0,0.0,0.0,0.0,10.0,7.0,4.0,4.0,5.0,0.0,0.0,0.0,0.0,0.0,0.0,0.0,0.0,45.0,60.0,85.0,85.0,90.0,5.9,4.6,6.0,5.7,3.8,1.0,1.0,1.0,1.0,1.0
210219,0.0,0.0,0.0,0.0,0.0,0.0,0.0,0.0,33.0,167.6,280.6,325.2,408.5,464.7000000000001,492.1,507.8,370.8,183.9,9.7,0.0,0.0,0.0,0.0,0.0,15.0,11.0,7.0,6.0,5.0,0.0,0.0,0.0,0.0,0.0,0.0,0.0,0.0,50.0,65.0,90.0,95.0,95.0,5.2,3.2,3.2,2.6,2.7,1.0,1.0,1.0,1.0,1.0
210222,0.0,0.0,0.0,0.0,0.0,0.0,0.0,0.0,38.3,176.1,337.99999999999994,448.4,526.3,542.5,512.6,459.2,342.4,173.40000000000003,13.7,0.0,0.0,0.0,0.0,0.0,7.0,4.0,0.0,-2.0,-3.0,0.0,0.0,0.0,20.0,10.0,0.0,10.0,30.0,25.0,35.0,55.0,55.0,50.0,4.9,3.1,2.7,3.2,3.0,3.0,1.0,1.0,1.0,4.0
210223,0.0,0.0,0.0,0.0,0.0,0.0,0.0,0.0,27.4,220.2,422.5,472.50000000000006,481.50000000000006,561.3999999999999,432.69999999999993,397.3,316.3,173.29999999999998,16.6,0.0,0.0,0.0,0.0,0.0,10.0,9.0,3.0,1.0,1.0,0.0,0.0,0.0,30.0,20.0,10.0,10.0,20.0,25.0,40.0,60.0,75.0,85.0,2.1,1.7,1.2,1.7,2.5,4.0,3.0,1.0,3.0,3.0
210224,0.0,0.0,0.0,0.0,0.0,0.0,0.0,0.0,5.4,67.19999999999999,58.39999999999999,56.1,75.30000000000001,109.2,211.30000000000004,181.0,75.8,44.1,4.8,0.0,0.0,0.0,0.0,0.0,9.0,8.0,7.0,5.0,4.0,5.0,5.0,1.0,60.0,60.0,60.0,60.0,60.0,75.0,80.0,85.0,90.0,95.0,0.9,1.6,0.7,1.7,1.9,4.0,4.0,4.0,4.0,4.0
210225,0.0,0.0,0.0,0.0,0.0,0.0,0.0,0.0,2.0,6.1,43.00000000000001,88.99999999999999,47.2,48.2,69.3,69.80000000000001,10.6,4.0,0.7,0.0,0.0,0.0,0.0,0.0,14.0,12.0,8.0,5.0,3.0,0.0,0.0,0.0,20.0,20.0,20.0,20.0,20.0,35.0,40.0,50.0,65.0,75.0,5.5,2.6,2.3,3.1,2.9,3.0,3.0,3.0,3.0,3.0
210226,0.0,0.0,0.0,0.0,0.0,0.0,0.0,0.0,61.400000000000006,172.00000000000003,204.5,230.4,680.0,421.3,576.5,439.2,235.00000000000003,61.0,3.1,0.0,0.0,0.0,0.0,0.0,13.0,11.0,6.0,3.0,1.0,0.0,0.0,0.0,20.0,20.0,20.0,20.0,20.0,40.0,45.0,60.0,70.0,80.0,5.7,2.8,2.5,1.7,2.3,3.0,3.0,3.0,3.0,3.0
210301,0.0,0.0,0.0,0.0,0.0,0.0,0.0,0.0,1.2,8.799999999999999,35.6,58.79999999999999,46.39999999999999,78.6,42.50000000000001,7.6,1.5000000000000002,1.7000000000000002,0.5,0.0,0.0,0.0,0.0,0.0,8.0,6.0,1.0,-1.0,-2.0,0.0,0.0,0.0,10.0,0.0,0.0,0.0,0.0,45.0,55.0,80.0,85.0,90.0,4.8,3.3,1.8,1.3,1.1,1.0,1.0,1.0,1.0,1.0
210302,0.0,0.0,0.0,0.0,0.0,0.0,0.0,0.0,1.8,68.60000000000001,174.20000000000002,265.2,636.8,481.1,614.4,148.20000000000002,423.7,194.8,19.4,0.0,0.0,0.0,0.0,0.0,11.0,9.0,5.0,3.0,3.0,0.0,0.0,0.0,20.0,20.0,20.0,20.0,20.0,40.0,50.0,65.0,80.0,85.0,2.2,1.9,2.1,2.2,2.0,3.0,3.0,3.0,3.0,3.0
210303,0.0,0.0,0.0,0.0,0.0,0.0,0.0,0.2,71.2,209.6,451.1,381.7,577.4000000000001,641.0000000000001,656.3,569.9000000000001,231.40000000000003,82.80000000000001,8.3,0.0,0.0,0.0,0.0,0.0,10.0,10.0,9.0,7.0,5.0,10.0,5.0,0.0,80.0,80.0,80.0,70.0,10.0,80.0,85.0,90.0,90.0,95.0,2.8,1.8,2.1,2.0,1.7,4.0,4.0,4.0,4.0,3.0
210304,0.0,0.0,0.0,0.0,0.0,0.0,0.0,0.0,12.500000000000002,66.8,122.2,137.3,153.6,89.69999999999999,102.6,87.89999999999999,50.6,15.1,1.3,0.0,0.0,0.0,0.0,0.0,17.0,14.0,9.0,6.0,5.0,0.0,0.0,0.0,0.0,0.0,0.0,20.0,20.0,45.0,55.0,75.0,85.0,85.0,3.3,1.7,2.1,2.1,2.9,1.0,1.0,1.0,3.0,3.0
210305,0.0,0.0,0.0,0.0,0.0,0.0,0.0,0.1,61.400000000000006,250.79999999999995,432.69999999999993,552.2,618.4000000000001,644.5,582.2,558.0,388.80000000000007,156.4,18.6,0.0,0.0,0.0,0.0,0.0,16.0,13.0,8.0,6.0,5.0,0.0,5.0,0.0,20.0,30.0,60.0,30.0,30.0,50.0,65.0,65.0,70.0,75.0,2.3,0.5,2.9,2.4,1.5,3.0,4.0,4.0,4.0,4.0
210308,0.0,0.0,0.0,0.0,0.0,0.0,0.0,0.0,23.4,88.5,351.5,534.0,612.4,635.1,580.2,521.9,409.7000000000001,212.4,35.4,0.0,0.0,0.0,0.0,0.0,13.0,9.0,6.0,3.0,2.0,0.0,0.0,0.0,20.0,20.0,20.0,20.0,10.0,35.0,40.0,60.0,70.0,70.0,3.8,3.0,2.8,2.5,2.6,3.0,3.0,3.0,3.0,1.0
210309,0.0,0.0,0.0,0.0,0.0,0.0,0.0,0.1,69.1,216.3,314.8999999999999,473.9,577.5999999999999,607.8,538.4999999999999,484.9,255.1,187.8,36.900000000000006,0.0,0.0,0.0,0.0,0.0,17.0,14.0,8.0,5.0,3.0,0.0,0.0,0.0,0.0,0.0,0.0,0.0,10.0,30.0,50.0,75.0,85.0,90.0,2.2,2.1,0.8,1.1,1.4,1.0,1.0,1.0,1.0,1.0
210310,0.0,0.0,0.0,0.0,0.0,0.0,0.0,0.9,77.6,253.8,420.0,547.6,609.5,621.6,588.6,506.6,375.7,189.5,33.2,0.0,0.0,0.0,0.0,0.0,16.0,14.0,11.0,9.0,8.0,0.0,0.0,5.0,20.0,20.0,30.0,30.0,60.0,35.0,55.0,70.0,85.0,90.0,2.1,1.0,1.4,1.0,2.2,3.0,3.0,4.0,4.0,4.0
210311,0.0,0.0,0.0,0.0,0.0,0.0,0.0,0.2,59.70000000000001,124.4,247.4,409.4,560.2,580.0,490.3,489.5,218.3,170.20000000000002,39.00000000000001,0.0,0.0,0.0,0.0,0.0,11.0,11.0,9.0,7.0,5.0,5.0,0.0,0.0,70.0,60.0,30.0,20.0,10.0,80.0,75.0,80.0,90.0,95.0,4.2,3.9,4.0,2.6,1.7,4.0,4.0,4.0,3.0,3.0
210312,0.0,0.0,0.0,0.0,0.0,0.0,0.0,0.1,5.1000000000000005,42.5,136.5,170.1,226.7,193.4,172.70000000000002,252.79999999999995,68.39999999999999,82.9,2.5,0.0,0.0,0.0,0.0,0.0,15.0,12.0,7.0,5.0,3.0,0.0,0.0,0.0,20.0,10.0,0.0,0.0,0.0,45.0,55.0,80.0,85.0,95.0,4.0,2.9,1.6,0.8,0.9,3.0,1.0,1.0,1.0,1.0
210315,0.0,0.0,0.0,0.0,0.0,0.0,0.0,5.0,110.8,219.5,276.8,457.9,533.1000000000001,568.2,545.9999999999999,550.6999999999999,282.9,68.2,3.6,0.0,0.0,0.0,0.0,0.0,14.0,9.0,4.0,2.0,0.0,0.0,0.0,0.0,0.0,0.0,0.0,0.0,0.0,30.0,40.0,60.0,80.0,80.0,4.8,3.4,2.7,2.3,2.6,1.0,1.0,1.0,1.0,1.0
210316,0.0,0.0,0.0,0.0,0.0,0.0,0.0,0.9,89.69999999999999,224.20000000000005,365.19999999999993,558.1999999999999,653.8,685.1999999999999,619.8,600.9,426.5,262.2,58.8,0.0,0.0,0.0,0.0,0.0,17.0,13.0,7.0,5.0,4.0,0.0,0.0,0.0,0.0,0.0,0.0,0.0,0.0,30.0,50.0,70.0,80.0,90.0,2.1,2.3,0.9,1.2,1.1,1.0,1.0,1.0,1.0,1.0
210317,0.0,0.0,0.0,0.0,0.0,0.0,0.0,4.800000000000001,94.90000000000002,273.20000000000005,455.8,584.9999999999999,565.0999999999999,497.3999999999999,459.69999999999993,496.00000000000006,459.3,186.90000000000003,54.8,0.0,0.0,0.0,0.0,0.0,19.0,14.0,9.0,7.0,6.0,0.0,0.0,0.0,0.0,0.0,10.0,20.0,20.0,40.0,55.0,70.0,85.0,85.0,1.7,3.4,1.0,2.1,1.8,1.0,1.0,3.0,3.0,3.0
210318,0.0,0.0,0.0,0.0,0.0,0.0,0.0,4.7,96.2,281.3,429.7,554.9,611.9,617.5999999999999,605.6999999999999,536.6,422.7,241.8,59.3,0.0,0.0,0.0,0.0,0.0,19.0,17.0,12.0,10.0,9.0,0.0,0.0,5.0,20.0,30.0,20.0,30.0,30.0,45.0,55.0,65.0,75.0,75.0,1.7,1.1,2.5,2.3,3.0,3.0,4.0,3.0,4.0,4.0
210319,0.0,0.0,0.0,0.0,0.0,0.0,0.0,3.2,62.50000000000001,206.7,425.8,498.3,599.8000000000001,476.6,527.8,532.2,364.7,147.49999999999997,23.4,0.0,0.0,0.0,0.0,0.0,13.0,12.0,9.0,6.0,5.0,5.0,0.0,0.0,60.0,30.0,30.0,30.0,30.0,75.0,75.0,80.0,85.0,85.0,1.8,2.1,2.8,4.1,4.0,4.0,4.0,4.0,4.0,4.0
210322,0.0,0.0,0.0,0.0,0.0,0.0,0.0,6.9,140.2,342.5,491.6,618.0999999999999,657.8,669.4999999999999,676.5999999999998,593.5,462.69999999999993,273.3,67.60000000000001,0.1,0.0,0.0,0.0,0.0,16.0,13.0,7.0,5.0,3.0,0.0,0.0,0.0,0.0,0.0,0.0,0.0,0.0,35.0,50.0,75.0,90.0,95.0,5.5,3.1,2.1,1.8,1.9,1.0,1.0,1.0,1.0,1.0
210323,0.0,0.0,0.0,0.0,0.0,0.0,0.0,8.1,105.99999999999996,272.79999999999995,436.7000000000001,544.6999999999999,627.0,694.6999999999998,633.3,563.6,428.6,249.9,67.9,0.1,0.0,0.0,0.0,0.0,17.0,14.0,9.0,6.0,6.0,0.0,0.0,0.0,20.0,20.0,0.0,0.0,10.0,40.0,50.0,75.0,85.0,90.0,3.3,2.0,1.2,1.1,1.0,3.0,3.0,1.0,1.0,1.0
210324,0.0,0.0,0.0,0.0,0.0,0.0,0.0,5.6000000000000005,100.4,249.3,273.5,425.5,240.2,299.40000000000003,221.9,305.6,192.8,99.9,127.4,0.0,0.0,0.0,0.0,0.0,21.0,17.0,10.0,6.0,5.0,0.0,0.0,0.0,0.0,0.0,0.0,0.0,0.0,35.0,50.0,75.0,90.0,90.0,2.7,2.4,0.9,1.1,1.1,1.0,1.0,1.0,1.0,1.0
210325,0.0,0.0,0.0,0.0,0.0,0.0,0.0,10.7,111.5,295.20000000000005,455.9,565.1999999999999,622.4,650.5,596.4000000000001,557.8999999999999,442.5,270.1,76.9,0.0,0.0,0.0,0.0,0.0,24.0,21.0,13.0,10.0,9.0,0.0,0.0,0.0,10.0,0.0,0.0,0.0,20.0,20.0,25.0,55.0,70.0,85.0,3.7,2.2,2.8,2.6,2.9,1.0,1.0,1.0,1.0,3.0
210326,0.0,0.0,0.0,0.0,0.0,0.0,0.0,25.700000000000003,113.3,218.00000000000003,472.8,591.8,586.6,625.1,610.0999999999999,549.3000000000001,156.4,264.9,56.4,0.0,0.0,0.0,0.0,0.0,16.0,16.0,16.0,14.0,10.0,40.0,20.0,5.0,60.0,60.0,62.0,73.0,66.0,80.0,85.0,85.0,90.0,95.0,7.6,6.0,4.4,3.5,4.5,4.0,4.0,4.0,4.0,4.0
210329,0.0,0.0,0.0,0.0,0.0,0.0,0.0,9.1,92.2,199.6,332.8,478.7000000000001,549.0999999999999,601.1,562.1,459.0,350.79999999999995,171.29999999999998,49.900000000000006,0.5,0.0,0.0,0.0,0.0,20.0,18.0,11.0,8.0,5.0,0.0,0.0,0.0,0.0,0.0,0.0,0.0,0.0,20.0,35.0,55.0,65.0,70.0,3.9,2.1,1.8,1.5,1.5,1.0,1.0,1.0,1.0,1.0
210330,0.0,0.0,0.0,0.0,0.0,0.0,0.0,14.300000000000002,70.19999999999999,167.4,403.30000000000007,546.8000000000001,633.6999999999999,650.8,632.4,576.7,459.9,287.30000000000007,89.4,0.5,0.0,0.0,0.0,0.0,23.0,20.0,14.0,10.0,8.0,0.0,0.0,0.0,0.0,0.0,0.0,0.0,10.0,25.0,50.0,65.0,75.0,80.0,1.4,0.4,1.3,1.9,2.3,1.0,1.0,1.0,1.0,1.0
210401,0.0,0.0,0.0,0.0,0.0,0.0,0.0,14.6,103.0,425.69999999999993,273.0,240.4,487.8,350.1,393.9,331.8,132.89999999999998,92.09999999999998,15.0,0.1,0.0,0.0,0.0,0.0,23.0,22.0,18.0,16.0,15.0,0.0,0.0,0.0,30.0,30.0,30.0,20.0,20.0,45.0,55.0,65.0,75.0,80.0,5.6,3.0,2.7,3.2,3.8,4.0,4.0,4.0,3.0,3.0
210402,0.0,0.0,0.0,0.0,0.0,0.0,0.0,17.3,117.4,295.4,425.1,384.4000000000001,189.80000000000004,397.6,285.2,233.7,150.29999999999998,96.4,38.4,0.0,0.0,0.0,0.0,0.0,17.0,18.0,16.0,13.0,12.0,5.0,5.0,5.0,60.0,60.0,60.0,60.0,60.0,90.0,85.0,85.0,90.0,90.0,4.5,4.0,1.3,0.5,2.3,4.0,4.0,4.0,4.0,4.0
210405,0.0,0.0,0.0,0.0,0.0,0.0,0.0,28.4,130.5,347.0,513.6,620.5999999999999,686.9000000000001,652.5,653.0999999999999,580.5,450.3,282.7,104.4,0.6,0.0,0.0,0.0,0.0,19.0,15.0,11.0,7.0,6.0,0.0,0.0,0.0,0.0,0.0,0.0,0.0,0.0,25.0,35.0,55.0,75.0,75.0,4.9,2.7,1.9,1.1,1.7,1.0,1.0,1.0,1.0,1.0
210406,0.0,0.0,0.0,0.0,0.0,0.0,0.0,20.4,110.6,118.7,239.2,584.1,570.6,679.3000000000001,636.2,581.0999999999999,464.2000000000001,292.1,94.8,0.7,0.0,0.0,0.0,0.0,21.0,18.0,12.0,8.0,7.0,0.0,0.0,0.0,0.0,0.0,0.0,0.0,0.0,25.0,40.0,60.0,70.0,80.0,3.9,3.3,0.9,0.7,0.9,1.0,1.0,1.0,1.0,1.0
210407,0.0,0.0,0.0,0.0,0.0,0.0,0.0,30.6,144.2,325.19999999999993,483.5,585.0999999999999,636.4,668.1,624.6999999999999,538.5,468.69999999999993,302.4,99.0,0.6,0.0,0.0,0.0,0.0,17.0,14.0,10.0,7.0,5.0,0.0,0.0,0.0,0.0,0.0,0.0,0.0,0.0,20.0,40.0,55.0,60.0,70.0,4.9,3.1,2.8,2.3,1.8,1.0,1.0,1.0,1.0,1.0
210408,0.0,0.0,0.0,0.0,0.0,0.0,0.0,25.200000000000003,136.4,344.1000000000001,456.6,610.8,655.4999999999999,659.9999999999999,644.2,577.0,487.3,306.2,109.9,0.6,0.0,0.0,0.0,0.0,20.0,16.0,12.0,8.0,6.0,0.0,0.0,0.0,0.0,0.0,0.0,0.0,0.0,25.0,40.0,60.0,60.0,75.0,0.2,4.1,2.9,3.7,2.5,1.0,1.0,1.0,1.0,1.0
210409,0.0,0.0,0.0,0.0,0.0,0.0,0.0,32.0,153.29999999999998,377.2,388.4,416.7,607.5000000000001,602.4,651.4000000000001,558.3000000000001,426.5,264.90000000000003,90.0,0.7,0.0,0.0,0.0,0.0,20.0,17.0,12.0,8.0,6.0,0.0,0.0,0.0,20.0,0.0,0.0,0.0,0.0,30.0,35.0,60.0,80.0,85.0,1.9,1.6,1.7,1.5,2.3,3.0,1.0,1.0,1.0,1.0
210412,0.0,0.0,0.0,0.0,0.0,0.0,0.0,8.1,30.8,88.2,121.1,79.9,61.90000000000001,52.6,30.6,32.5,88.39999999999999,24.0,0.7999999999999999,0.0,0.0,0.0,0.0,0.0,14.0,10.0,7.0,6.0,5.0,0.0,0.0,0.0,10.0,0.0,10.0,20.0,0.0,45.0,45.0,60.0,65.0,70.0,6.1,3.9,2.9,3.0,3.3,1.0,1.0,1.0,3.0,1.0
210413,0.0,0.0,0.0,0.0,0.0,0.0,0.0,1.3000000000000005,69.0,35.7,155.70000000000002,278.20000000000005,436.0,396.0,529.6,581.4999999999999,499.2,259.79999999999995,114.4,1.2000000000000002,0.0,0.0,0.0,0.0,16.0,13.0,7.0,4.0,2.0,0.0,0.0,0.0,0.0,0.0,0.0,0.0,0.0,25.0,30.0,60.0,75.0,85.0,5.4,2.9,1.1,1.2,1.1,1.0,1.0,1.0,1.0,1.0
210414,0.0,0.0,0.0,0.0,0.0,0.0,0.1,33.6,121.1,352.7,545.3000000000001,649.8,680.0,740.0,674.6,594.1,497.7,322.70000000000005,117.9,1.1,0.0,0.0,0.0,0.0,18.0,16.0,10.0,9.0,8.0,0.0,0.0,0.0,20.0,10.0,0.0,10.0,20.0,25.0,30.0,50.0,65.0,80.0,3.6,2.8,2.7,3.0,3.1,3.0,3.0,1.0,1.0,3.0
210415,0.0,0.0,0.0,0.0,0.0,0.0,0.0,48.9,168.1,360.5,523.6,622.8,647.3,552.7,420.1,544.1,480.1,306.4,113.2,0.9,0.0,0.0,0.0,0.0,16.0,15.0,13.0,11.0,8.0,0.0,0.0,0.0,30.0,30.0,20.0,20.0,20.0,60.0,70.0,80.0,90.0,95.0,3.5,1.7,1.5,1.1,1.1,4.0,4.0,3.0,3.0,3.0
210416,0.0,0.0,0.0,0.0,0.0,0.0,0.0,3.8,19.8,244.1,230.7,234.0,279.4,416.3,93.7,96.2,153.8,105.8,48.3,0.5,0.0,0.0,0.0,0.0,15.0,12.0,8.0,7.0,7.0,0.0,0.0,0.0,10.0,0.0,0.0,0.0,20.0,35.0,40.0,55.0,60.0,70.0,6.6,5.2,3.6,3.5,3.1,1.0,1.0,1.0,1.0,3.0
210419,0.0,0.0,0.0,0.0,0.0,0.0,0.6,38.2,179.10000000000002,365.2000000000001,506.2,601.6999999999999,671.1999999999999,685.8,657.4999999999999,591.4999999999999,471.00000000000006,292.2,108.3,1.2000000000000002,0.0,0.0,0.0,0.0,25.0,21.0,15.0,11.0,10.0,0.0,0.0,0.0,0.0,0.0,10.0,20.0,20.0,25.0,30.0,50.0,60.0,70.0,2.7,2.5,1.1,1.2,1.4,1.0,1.0,1.0,3.0,3.0
210420,0.0,0.0,0.0,0.0,0.0,0.0,1.0,47.400000000000006,170.3,349.6,531.0,544.0999999999999,634.6999999999999,644.9,623.1,556.4000000000001,440.8999999999999,274.9,97.1,1.1,0.0,0.0,0.0,0.0,27.0,24.0,18.0,14.0,13.0,0.0,0.0,0.0,30.0,30.0,30.0,30.0,30.0,20.0,30.0,50.0,60.0,70.0,3.5,1.8,1.4,1.7,1.7,4.0,4.0,4.0,4.0,4.0
210421,0.0,0.0,0.0,0.0,0.0,0.0,0.3,51.80000000000001,132.4,385.1,486.2000000000001,523.6999999999999,626.0999999999999,391.9,347.5,205.3,90.8,119.3,31.000000000000004,0.5,0.0,0.0,0.0,0.0,26.0,23.0,19.0,16.0,16.0,0.0,0.0,0.0,30.0,30.0,30.0,30.0,30.0,25.0,35.0,50.0,55.0,55.0,4.2,1.6,2.0,2.2,1.9,4.0,4.0,4.0,4.0,4.0
210422,0.0,0.0,0.0,0.0,0.0,0.0,0.1,27.1,136.7,229.3,205.1,437.8999999999999,190.1,177.29999999999998,230.2,161.0,97.09999999999998,12.4,9.6,0.8,0.0,0.0,0.0,0.0,26.0,23.0,18.0,14.0,13.0,0.0,0.0,0.0,10.0,30.0,20.0,20.0,20.0,20.0,25.0,40.0,50.0,60.0,4.8,2.1,1.4,1.3,1.7,1.0,4.0,3.0,3.0,3.0
210423,0.0,0.0,0.0,0.0,0.0,0.0,0.0,40.50000000000001,108.19999999999996,364.9,214.1,661.4,281.2,382.0999999999999,263.90000000000003,367.2,168.2,165.8,55.6,1.3,0.0,0.0,0.0,0.0,25.0,21.0,17.0,14.0,12.0,0.0,0.0,0.0,20.0,30.0,10.0,10.0,0.0,35.0,40.0,50.0,65.0,75.0,1.9,1.1,1.2,1.7,1.5,3.0,4.0,3.0,1.0,1.0
210426,0.0,0.0,0.0,0.0,0.0,0.0,1.0,57.7,109.8,317.3,448.8,553.2,498.1000000000001,427.00000000000006,402.2000000000001,565.8000000000001,448.8,275.30000000000007,95.3,1.6,0.0,0.0,0.0,0.0,21.0,20.0,17.0,14.0,14.0,0.0,0.0,0.0,30.0,30.0,20.0,20.0,30.0,35.0,40.0,60.0,80.0,90.0,3.0,2.1,1.6,1.3,2.0,4.0,4.0,3.0,3.0,4.0
210427,0.0,0.0,0.0,0.0,0.0,0.0,0.9,76.7,74.30000000000001,277.70000000000005,255.9,443.30000000000007,320.6,309.5999999999999,237.2,338.6,149.5,130.4,29.5,0.7,0.0,0.0,0.0,0.0,24.0,21.0,17.0,14.0,12.0,0.0,0.0,0.0,20.0,20.0,20.0,30.0,30.0,25.0,30.0,50.0,60.0,70.0,0.1,2.2,1.2,1.6,1.2,3.0,3.0,3.0,4.0,4.0
210428,0.0,0.0,0.0,0.0,0.0,0.0,0.8,48.8,189.7,359.5,425.8,551.1999999999999,340.5,518.9000000000001,554.5,358.6,301.6,113.10000000000002,35.4,0.9,0.0,0.0,0.0,0.0,23.0,22.0,17.0,14.0,13.0,0.0,1.0,5.0,0.0,0.0,10.0,60.0,67.0,20.0,20.0,40.0,70.0,85.0,3.4,4.2,3.0,5.1,8.0,1.0,1.0,3.0,4.0,4.0
210429,0.0,0.0,0.0,0.0,0.0,0.0,0.8999999999999999,64.3,101.29999999999998,330.99999999999994,509.0,601.1000000000001,648.6,664.6,635.4,546.9,455.4,244.0,55.2,1.3,0.0,0.0,0.0,0.0,18.0,16.0,13.0,11.0,10.0,0.0,5.0,10.0,0.0,20.0,30.0,60.0,60.0,35.0,40.0,65.0,75.0,80.0,4.7,2.1,1.3,1.2,3.2,1.0,3.0,4.0,4.0,4.0
210503,0.0,0.0,0.0,0.0,0.0,0.0,3.1,48.3,190.1,354.79999999999995,486.7,580.7,637.7000000000002,646.1,623.0999999999999,561.9,436.30000000000007,201.7,61.7,2.1,0.0,0.0,0.0,0.0,20.0,18.0,18.0,16.0,13.0,5.0,20.0,0.0,60.0,60.0,67.0,60.0,30.0,80.0,85.0,85.0,90.0,90.0,5.1,6.6,5.4,3.8,3.5,4.0,4.0,4.0,4.0,4.0
210504,0.0,0.0,0.0,0.0,0.0,0.0,0.1,12.0,129.2,78.2,176.4,288.8,291.1,152.3,136.29999999999998,91.0,64.10000000000001,7.800000000000001,0.2,0.0,0.0,0.0,0.0,0.0,20.0,17.0,12.0,9.0,7.0,0.0,0.0,0.0,0.0,0.0,0.0,0.0,0.0,20.0,25.0,55.0,65.0,70.0,5.5,3.6,0.5,0.3,1.4,1.0,1.0,1.0,1.0,1.0
210506,0.0,0.0,0.0,0.0,0.0,0.0,4.6000000000000005,50.0,205.5,380.00000000000006,411.7000000000001,442.80000000000007,555.9000000000001,567.7,516.3000000000001,359.3,114.1,72.89999999999998,56.3,1.7,0.0,0.0,0.0,0.0,19.0,17.0,12.0,9.0,7.0,0.0,0.0,0.0,20.0,0.0,0.0,0.0,0.0,40.0,35.0,60.0,70.0,80.0,3.2,4.2,0.4,1.2,0.3,3.0,1.0,1.0,1.0,1.0
210507,0.0,0.0,0.0,0.0,0.0,0.0,2.0,56.80000000000001,171.00000000000003,289.4,286.99999999999994,47.50000000000001,45.99999999999999,109.9,26.2,302.8,365.5,255.80000000000004,102.1,3.0,0.0,0.0,0.0,0.0,23.0,21.0,16.0,13.0,9.0,0.0,0.0,0.0,0.0,10.0,20.0,10.0,0.0,30.0,50.0,80.0,85.0,80.0,5.0,3.3,2.6,1.3,1.6,1.0,1.0,3.0,1.0,1.0
210510,0.0,0.0,0.0,0.0,0.0,0.0,0.1,19.8,92.8,198.4,191.7,305.3,320.4,431.00000000000006,227.2,107.1,159.79999999999998,90.6,52.2,1.9,0.0,0.0,0.0,0.0,23.0,22.0,19.0,16.0,15.0,0.0,0.0,0.0,20.0,20.0,10.0,10.0,0.0,50.0,55.0,50.0,55.0,60.0,4.6,2.7,2.6,1.8,1.9,3.0,3.0,3.0,1.0,1.0
210511,0.0,0.0,0.0,0.0,0.0,0.0,3.4,57.10000000000001,109.4,170.09999999999997,329.0,323.29999999999995,364.7,346.2,272.6,325.5,150.20000000000002,87.70000000000002,57.5,3.4000000000000004,0.0,0.0,0.0,0.0,28.0,26.0,21.0,18.0,16.0,0.0,0.0,0.0,30.0,10.0,0.0,0.0,0.0,45.0,45.0,65.0,80.0,90.0,3.4,2.5,1.0,1.4,1.3,4.0,3.0,1.0,1.0,1.0
210512,0.0,0.0,0.0,0.0,0.0,0.0,4.5,53.60000000000001,239.00000000000003,310.00000000000006,491.50000000000006,587.1,633.8,640.3999999999999,620.4,544.8000000000001,370.7,285.0,90.6,3.5,0.0,0.0,0.0,0.0,29.0,25.0,21.0,18.0,16.0,0.0,0.0,0.0,10.0,20.0,20.0,0.0,0.0,40.0,45.0,65.0,80.0,90.0,1.2,1.5,1.0,1.4,0.9,3.0,3.0,3.0,1.0,1.0
210513,0.0,0.0,0.0,0.0,0.0,0.0,7.000000000000001,59.900000000000006,188.1,342.40000000000003,468.3999999999999,565.4000000000001,569.0,636.8000000000001,434.5,583.3,421.4,279.0,114.1,11.4,0.0,0.0,0.0,0.0,29.0,25.0,21.0,20.0,20.0,0.0,0.0,5.0,10.0,20.0,30.0,30.0,30.0,50.0,60.0,75.0,85.0,90.0,4.0,3.2,2.3,3.3,2.6,3.0,3.0,4.0,4.0,4.0
210514,0.0,0.0,0.0,0.0,0.0,0.0,8.9,81.8,197.1,300.3,403.19999999999993,559.1999999999999,495.4,427.6,395.19999999999993,315.4,312.40000000000003,125.6,85.39999999999999,3.1,0.0,0.0,0.0,0.0,23.0,23.0,22.0,21.0,21.0,1.0,5.0,20.0,60.0,30.0,30.0,60.0,70.0,85.0,80.0,85.0,90.0,95.0,3.3,2.4,2.4,2.7,2.8,4.0,4.0,4.0,4.0,4.0
210517,0.0,0.0,0.0,0.0,0.0,0.0,0.9,8.9,42.6,85.60000000000001,233.2,103.0,49.400000000000006,50.39999999999999,177.9,132.6,146.50000000000003,107.5,66.2,24.9,0.0,0.0,0.0,0.0,24.0,22.0,18.0,15.0,13.0,0.0,0.0,0.0,30.0,20.0,0.0,0.0,0.0,55.0,60.0,80.0,85.0,90.0,2.3,3.0,0.8,0.6,0.9,4.0,3.0,1.0,1.0,1.0
210518,0.0,0.0,0.0,0.0,0.0,0.0,12.8,30.2,97.3,160.4,305.7,673.0999999999999,347.4,556.8000000000001,215.3,482.8,509.3,284.1,138.60000000000002,10.200000000000005,0.0,0.0,0.0,0.0,28.0,26.0,21.0,18.0,17.0,0.0,0.0,0.0,0.0,0.0,10.0,20.0,30.0,30.0,50.0,65.0,75.0,75.0,1.9,1.3,1.7,1.6,1.8,1.0,1.0,3.0,3.0,4.0
210519,0.0,0.0,0.0,0.0,0.0,0.0,3.0,78.0,183.8,376.2000000000001,506.5,595.7,632.8000000000001,632.2,570.9999999999999,385.4,242.2,158.6,87.00000000000001,4.1,0.0,0.0,0.0,0.0,18.0,18.0,17.0,15.0,15.0,5.0,0.0,0.0,80.0,70.0,30.0,30.0,30.0,85.0,85.0,90.0,90.0,90.0,0.2,1.7,2.3,3.9,3.0,4.0,4.0,4.0,4.0,4.0
210520,0.0,0.0,0.0,0.0,0.0,0.0,0.2,6.800000000000001,61.00000000000001,52.1,138.2,141.79999999999998,60.1,64.2,90.4,40.5,64.70000000000002,34.99999999999999,4.7,0.1,0.0,0.0,0.0,0.0,20.0,18.0,15.0,13.0,12.0,0.0,0.0,0.0,20.0,20.0,20.0,0.0,0.0,60.0,65.0,80.0,90.0,95.0,3.7,3.6,1.4,1.3,1.4,3.0,3.0,3.0,1.0,1.0
210521,0.0,0.0,0.0,0.0,0.0,0.0,0.0,34.900000000000006,24.4,120.29999999999998,298.4,262.4,713.8,533.2,682.1,607.5,598.5,280.8,136.3,28.0,0.0,0.0,0.0,0.0,26.0,24.0,18.0,15.0,13.0,0.0,0.0,0.0,0.0,0.0,0.0,0.0,0.0,40.0,50.0,75.0,85.0,85.0,3.4,2.6,1.2,1.4,1.5,1.0,1.0,1.0,1.0,1.0
210524,0.0,0.0,0.0,0.0,0.0,0.0,1.3,67.4,139.9,191.7,483.6,583.7,644.6999999999998,282.0,630.9999999999999,542.3,465.2,354.90000000000003,143.5,18.7,0.0,0.0,0.0,0.0,22.0,20.0,15.0,13.0,12.0,0.0,0.0,0.0,0.0,0.0,0.0,0.0,0.0,40.0,40.0,70.0,85.0,90.0,5.2,3.5,1.0,0.9,1.3,1.0,1.0,1.0,1.0,1.0
210525,0.0,0.0,0.0,0.0,0.0,0.0,1.4,8.7,48.79999999999999,14.1,157.3,654.5,654.5,661.6,644.1999999999999,608.4,499.3,337.0999999999999,142.8,13.1,0.0,0.0,0.0,0.0,24.0,22.0,19.0,16.0,15.0,0.0,0.0,10.0,30.0,30.0,20.0,30.0,61.0,40.0,50.0,60.0,80.0,85.0,4.0,5.0,5.2,3.6,1.4,4.0,4.0,3.0,4.0,4.0
210526,0.0,0.0,0.0,0.0,0.0,0.0,5.9,44.2,201.8,232.5,409.1000000000001,267.7,303.4,132.6,480.7000000000001,162.20000000000002,213.6,108.2,48.4,10.4,0.0,0.0,0.0,0.0,23.0,21.0,16.0,14.0,13.0,0.0,0.0,0.0,20.0,0.0,0.0,0.0,0.0,55.0,55.0,80.0,90.0,85.0,3.5,2.8,1.2,1.6,1.8,3.0,1.0,1.0,1.0,1.0
210527,0.0,0.0,0.0,0.0,0.0,0.0,2.1,11.7,14.3,27.099999999999994,93.3,56.2,264.7,308.7,488.1000000000001,410.9,485.9,322.9,154.0,22.3,0.0,0.0,0.0,0.0,22.0,19.0,16.0,15.0,14.0,10.0,0.0,0.0,70.0,10.0,30.0,30.0,0.0,75.0,65.0,80.0,85.0,85.0,4.6,4.3,3.0,3.8,2.9,4.0,1.0,4.0,4.0,1.0
210528,0.0,0.0,0.0,0.0,0.0,0.0,11.3,68.2,208.7,363.3,491.5,508.6,87.0,143.9,510.9,590.1000000000001,466.9,300.5,175.1,16.1,0.0,0.0,0.0,0.0,25.0,23.0,18.0,15.0,14.0,0.0,0.0,0.0,0.0,0.0,10.0,10.0,20.0,35.0,45.0,70.0,80.0,85.0,3.2,2.0,1.7,1.2,2.1,1.0,1.0,3.0,3.0,3.0
210601,0.0,0.0,0.0,0.0,0.0,0.0,16.799999999999997,75.6,269.50000000000006,342.5,490.9,563.8,629.6,636.9,593.1,272.1,362.3,300.2,65.9,14.8,0.0,0.0,0.0,0.0,29.0,26.0,22.0,20.0,19.0,0.0,0.0,0.0,0.0,0.0,0.0,0.0,0.0,45.0,55.0,70.0,85.0,85.0,4.1,2.7,2.5,2.9,2.3,1.0,1.0,1.0,1.0,1.0
210602,0.0,0.0,0.0,0.0,0.0,0.0,24.4,77.09999999999998,122.5,288.0,391.9,572.3,426.3999999999999,349.1,377.1000000000001,280.50000000000006,145.20000000000002,341.6,133.99999999999997,26.1,0.0,0.0,0.0,0.0,23.0,22.0,19.0,19.0,18.0,0.0,1.0,0.0,30.0,30.0,60.0,30.0,30.0,80.0,85.0,90.0,90.0,95.0,3.4,1.1,2.9,1.4,2.1,4.0,4.0,4.0,4.0,4.0
210603,0.0,0.0,0.0,0.0,0.0,0.0,0.6,10.8,23.5,56.1,199.7,89.30000000000001,87.0,30.9,63.6,93.69999999999996,68.2,14.700000000000005,4.2,0.8999999999999999,0.0,0.0,0.0,0.0,25.0,24.0,18.0,15.0,14.0,0.0,0.0,0.0,0.0,0.0,0.0,0.0,0.0,35.0,40.0,75.0,90.0,90.0,3.9,3.5,1.7,1.7,1.3,1.0,1.0,1.0,1.0,1.0
210604,0.0,0.0,0.0,0.0,0.0,0.0,5.6,79.19999999999999,197.50000000000003,261.40000000000003,227.1,624.4000000000001,642.3,663.0999999999999,649.6,599.9,488.4,342.1,210.8,24.5,0.0,0.0,0.0,0.0,28.0,25.0,21.0,19.0,17.0,0.0,0.0,0.0,0.0,0.0,0.0,0.0,0.0,55.0,60.0,80.0,90.0,95.0,4.8,3.6,1.7,1.7,1.7,1.0,1.0,1.0,1.0,1.0
210607,0.0,0.0,0.0,0.0,0.0,0.0,13.199999999999998,71.10000000000001,180.0,343.40000000000003,501.2,399.8,301.5,509.3,562.0999999999999,440.0,387.3,279.2,108.80000000000004,29.1,0.0,0.0,0.0,0.0,32.0,30.0,24.0,22.0,20.0,0.0,0.0,0.0,0.0,0.0,0.0,0.0,0.0,35.0,50.0,75.0,90.0,95.0,1.5,1.6,1.1,1.1,1.3,1.0,1.0,1.0,1.0,1.0
210608,0.0,0.0,0.0,0.0,0.0,0.0,29.0,64.4,196.6,339.6,470.7000000000001,570.1,624.6000000000001,604.4000000000001,574.1,516.3000000000002,354.0,300.40000000000003,114.90000000000002,48.6,0.0,0.0,0.0,0.0,32.0,29.0,24.0,22.0,21.0,0.0,0.0,0.0,0.0,0.0,0.0,0.0,0.0,50.0,50.0,60.0,70.0,75.0,3.8,3.2,2.2,2.0,2.1,1.0,1.0,1.0,1.0,1.0
210609,0.0,0.0,0.0,0.0,0.0,0.0,6.500000000000001,59.49999999999999,194.6,353.3,377.1,548.5,565.9000000000001,604.5,635.1,179.3,404.69999999999993,144.60000000000002,147.79999999999998,5.1000000000000005,0.0,0.0,0.0,0.0,28.0,25.0,23.0,22.0,22.0,0.0,20.0,70.0,30.0,30.0,60.0,66.0,80.0,55.0,70.0,80.0,90.0,95.0,5.5,4.2,5.0,4.1,4.5,4.0,4.0,4.0,4.0,4.0
210610,0.0,0.0,0.0,0.0,0.0,0.0,22.3,66.0,215.2,329.7,151.6,193.8,327.0,239.1,159.70000000000002,77.2,81.80000000000001,49.7,0.3,1.1,0.0,0.0,0.0,0.0,27.0,27.0,22.0,20.0,19.0,0.0,0.0,0.0,30.0,20.0,10.0,30.0,30.0,70.0,65.0,85.0,90.0,95.0,0.9,1.8,1.2,0.7,0.9,4.0,3.0,3.0,4.0,4.0
210611,0.0,0.0,0.0,0.0,0.0,0.0,3.2,30.6,39.7,218.1,559.8,260.1,299.7,512.2,453.7000000000001,474.6,443.4,274.0,140.8,28.0,0.1,0.0,0.0,0.0,30.0,28.0,24.0,22.0,20.0,0.0,0.0,0.0,20.0,10.0,20.0,30.0,30.0,55.0,60.0,75.0,85.0,95.0,1.9,3.1,0.9,0.8,0.1,3.0,3.0,3.0,4.0,4.0
210622,0.0,0.0,0.0,0.0,0.0,0.0,10.7,82.2,190.2,335.8,457.7000000000001,542.3,592.8,301.1,502.3,577.3,411.9,181.7,65.79999999999998,6.8,0.0,0.0,0.0,0.0,24.0,24.0,21.0,20.0,19.0,10.0,1.0,0.0,60.0,60.0,60.0,30.0,30.0,75.0,75.0,85.0,90.0,95.0,2.3,2.4,1.4,1.6,1.5,4.0,4.0,4.0,4.0,4.0
210623,0.0,0.0,0.0,0.0,0.0,0.0,3.9,64.2,106.8,181.9,400.5,518.2,611.9,193.0,152.6,143.50000000000003,373.6,258.1,181.0,28.1,0.0,0.0,0.0,0.0,26.0,24.0,22.0,21.0,19.0,5.0,5.0,0.0,60.0,60.0,60.0,60.0,30.0,60.0,70.0,80.0,90.0,95.0,1.3,2.1,0.9,0.8,1.1,3.0,4.0,4.0,4.0,4.0
210624,0.0,0.0,0.0,0.0,0.0,0.0,12.1,94.09999999999998,162.4,250.6,406.1,285.40000000000003,308.7,343.79999999999995,460.1,234.7,176.7,113.5,106.8,10.7,0.0,0.0,0.0,0.0,29.0,27.0,23.0,22.0,21.0,0.0,0.0,5.0,30.0,30.0,30.0,30.0,30.0,50.0,60.0,75.0,85.0,90.0,2.2,2.1,0.7,0.9,1.1,4.0,4.0,4.0,4.0,4.0
210625,0.0,0.0,0.0,0.0,0.0,0.0,8.6,30.3,190.8,313.5,512.5999999999999,593.5,553.7,324.3,242.1,158.3,122.0,119.0,6.4,1.0,0.0,0.0,0.0,0.0,28.0,26.0,24.0,22.0,20.0,1.0,0.0,0.0,20.0,60.0,30.0,20.0,0.0,50.0,60.0,75.0,85.0,95.0,2.3,2.0,1.3,1.4,1.3,3.0,4.0,4.0,3.0,1.0
210628,0.0,0.0,0.0,0.0,0.0,0.0,6.8,35.800000000000004,200.7,326.1,472.6,546.9000000000001,510.9999999999999,569.4000000000001,563.8999999999999,215.6,25.3,102.4,55.2,27.4,0.0,0.0,0.0,0.0,28.0,27.0,23.0,21.0,21.0,40.0,0.0,0.0,60.0,60.0,20.0,20.0,20.0,65.0,65.0,80.0,90.0,95.0,2.0,1.8,0.4,1.3,1.2,3.0,4.0,3.0,3.0,3.0
210629,0.0,0.0,0.0,0.0,0.0,0.0,1.3000000000000005,20.8,48.50000000000001,149.4,183.5,202.3,544.4000000000001,334.4,465.6000000000001,313.3,367.1,166.2,121.2,6.499999999999999,0.0,0.0,0.0,0.0,28.0,28.0,24.0,22.0,21.0,20.0,0.0,0.0,60.0,60.0,30.0,20.0,0.0,60.0,60.0,75.0,85.0,90.0,0.7,1.2,1.3,1.3,1.6,4.0,3.0,4.0,3.0,1.0
210701,0.0,0.0,0.0,0.0,0.0,0.0,11.7,79.39999999999999,112.0,354.1,451.7,553.9999999999999,617.8000000000001,461.3,531.4,563.6,331.40000000000003,349.9,165.6,8.5,0.0,0.0,0.0,0.0,30.0,28.0,25.0,24.0,23.0,4.0,0.0,0.0,60.0,60.0,30.0,20.0,0.0,60.0,65.0,80.0,90.0,90.0,0.8,1.7,1.7,1.9,1.9,3.0,3.0,4.0,3.0,1.0
210702,0.0,0.0,0.0,0.0,0.0,0.0,4.0,57.8,154.9,173.59999999999997,468.5999999999999,509.1,314.0,190.00000000000003,344.79999999999995,477.1,116.4,108.9,37.0,2.4000000000000004,0.0,0.0,0.0,0.0,22.0,24.0,25.0,25.0,24.0,2.0,3.0,0.0,60.0,60.0,60.0,63.0,66.0,90.0,90.0,90.0,90.0,95.0,5.7,4.5,4.9,5.4,4.1,4.0,4.0,4.0,4.0,4.0
210705,0.0,0.0,0.0,0.0,0.0,0.0,4.6,17.3,30.4,69.3,68.69999999999999,60.8,123.7,113.6,58.7,114.0,115.8,30.9,2.8,1.2,0.0,0.0,0.0,0.0,24.0,25.0,24.0,24.0,24.0,1.0,1.0,2.0,60.0,60.0,60.0,60.0,63.0,95.0,90.0,95.0,95.0,95.0,1.8,1.8,1.1,0.9,1.2,4.0,4.0,4.0,4.0,4.0
210706,0.0,0.0,0.0,0.0,0.0,0.0,0.1,0.0,1.2,8.9,57.400000000000006,74.7,59.99999999999999,26.4,8.7,85.1,28.5,36.0,3.0,2.1,0.0,0.0,0.0,0.0,26.0,26.0,25.0,25.0,24.0,0.0,0.0,0.0,60.0,30.0,60.0,30.0,30.0,90.0,90.0,95.0,95.0,95.0,1.7,1.7,1.5,1.9,1.4,4.0,4.0,4.0,4.0,4.0
210707,0.0,0.0,0.0,0.0,0.0,0.0,0.0,3.1,40.0,34.3,24.6,53.00000000000001,144.00000000000003,44.8,291.00000000000006,176.49999999999997,62.3,65.5,27.4,13.1,0.0,0.0,0.0,0.0,27.0,26.0,24.0,23.0,23.0,0.0,0.0,0.0,20.0,30.0,60.0,30.0,30.0,85.0,85.0,90.0,95.0,95.0,2.6,2.3,1.4,1.8,1.7,3.0,4.0,4.0,4.0,4.0
210708,0.0,0.0,0.0,0.0,0.0,0.0,0.5,9.5,42.6,83.8,163.29999999999998,506.5,193.2,109.3,310.40000000000003,49.1,205.2,174.8,24.8,3.0,0.0,0.0,0.0,0.0,30.0,28.0,25.0,24.0,23.0,0.0,0.0,0.0,60.0,20.0,30.0,30.0,30.0,65.0,75.0,90.0,95.0,95.0,3.9,2.9,1.3,1.1,1.9,3.0,3.0,4.0,4.0,4.0
210709,0.0,0.0,0.0,0.0,0.0,0.0,4.3,8.5,137.9,146.4,219.8,150.0,377.8,548.4,247.1,476.1,436.4,297.1,166.2,30.2,0.0,0.0,0.0,0.0,30.0,28.0,26.0,25.0,24.0,0.0,0.0,0.0,30.0,20.0,30.0,20.0,30.0,70.0,80.0,90.0,95.0,95.0,2.5,2.8,1.2,1.8,1.8,4.0,3.0,4.0,3.0,4.0
210712,0.0,0.0,0.0,0.0,0.0,0.0,0.7,22.6,43.8,192.1,335.4,241.29999999999995,423.4,580.1999999999999,286.1,321.6,275.8,192.6,137.2,42.4,0.0,0.0,0.0,0.0,31.0,30.0,27.0,26.0,25.0,0.0,0.0,0.0,20.0,0.0,0.0,0.0,0.0,70.0,70.0,85.0,90.0,95.0,3.3,2.3,1.9,2.4,2.0,3.0,1.0,1.0,1.0,1.0
210713,0.0,0.0,0.0,0.0,0.0,0.0,9.3,57.7,157.20000000000002,156.8,173.60000000000002,552.3,618.3999999999999,231.6,327.9,506.8,252.9,95.0,127.49999999999996,11.8,0.0,0.0,0.0,0.0,31.0,30.0,27.0,25.0,24.0,0.0,0.0,0.0,30.0,30.0,0.0,0.0,20.0,65.0,70.0,85.0,95.0,95.0,3.0,3.0,1.6,1.5,1.6,4.0,4.0,1.0,1.0,3.0
210714,0.0,0.0,0.0,0.0,0.0,0.0,8.8,92.7,142.1,123.6,214.2,213.1,187.50000000000003,267.7,326.2,335.7,424.6,191.3,87.79999999999998,24.200000000000003,0.0,0.0,0.0,0.0,32.0,30.0,27.0,25.0,24.0,0.0,0.0,0.0,60.0,30.0,30.0,20.0,30.0,60.0,70.0,85.0,95.0,95.0,2.5,2.1,1.5,1.2,1.5,3.0,4.0,4.0,3.0,4.0
210715,0.0,0.0,0.0,0.0,0.0,0.0,5.9,50.2,187.7,328.6,460.0,584.6,601.1,520.5,543.9000000000001,305.6,220.6,91.7,84.20000000000002,28.2,0.0,0.0,0.0,0.0,30.0,29.0,26.0,25.0,23.0,0.0,0.0,0.0,60.0,20.0,20.0,20.0,20.0,65.0,70.0,85.0,90.0,95.0,1.5,1.3,1.2,1.3,1.2,3.0,3.0,3.0,3.0,3.0
210716,0.0,0.0,0.0,0.0,0.0,0.0,2.6,38.1,169.89999999999998,271.0,386.30000000000007,571.2,312.40000000000003,441.4,500.2,128.7,102.1,46.400000000000006,2.9000000000000004,2.8,0.1,0.0,0.0,0.0,29.0,28.0,25.0,24.0,24.0,0.0,0.0,0.0,60.0,20.0,20.0,0.0,0.0,70.0,75.0,85.0,90.0,90.0,2.5,1.9,1.3,1.9,1.5,3.0,3.0,3.0,1.0,1.0
210719,0.0,0.0,0.0,0.0,0.0,0.0,1.8000000000000005,14.3,61.2,118.8,447.7,653.1999999999999,425.2,485.7000000000001,241.40000000000003,109.2,339.40000000000003,309.40000000000003,85.60000000000001,48.1,0.5,0.0,0.0,0.0,32.0,31.0,27.0,25.0,23.0,0.0,0.0,0.0,30.0,0.0,0.0,0.0,0.0,55.0,65.0,80.0,90.0,90.0,2.3,1.4,1.5,1.2,1.4,4.0,1.0,1.0,1.0,1.0
210720,0.0,0.0,0.0,0.0,0.0,0.0,1.4,43.3,100.0,130.1,220.7,365.1,334.2,514.9,522.7,249.3,201.9,179.4,231.8,19.6,0.0,0.0,0.0,0.0,34.0,33.0,28.0,25.0,23.0,0.0,0.0,0.0,0.0,0.0,0.0,0.0,0.0,50.0,55.0,75.0,90.0,90.0,2.5,2.0,1.2,1.2,1.6,1.0,1.0,1.0,1.0,1.0
210721,0.0,0.0,0.0,0.0,0.0,0.0,0.7999999999999999,53.79999999999999,174.0,204.0,487.3,562.6,603.2,634.5,608.0000000000001,547.7,351.6,217.9,188.0,43.70000000000001,0.6,0.0,0.0,0.0,33.0,32.0,27.0,25.0,24.0,0.0,0.0,0.0,0.0,0.0,20.0,20.0,0.0,45.0,55.0,80.0,85.0,90.0,2.6,2.1,1.5,1.9,1.1,1.0,1.0,3.0,3.0,1.0
210722,0.0,0.0,0.0,0.0,0.0,0.0,2.8,35.6,173.3,356.4,255.7,557.9999999999999,625.7,592.2,417.1,652.8,109.5,142.5,153.6,43.900000000000006,0.0,0.0,0.0,0.0,33.0,31.0,27.0,25.0,24.0,0.0,0.0,0.0,0.0,0.0,30.0,20.0,30.0,45.0,60.0,80.0,85.0,90.0,3.0,2.0,1.1,1.4,1.5,1.0,1.0,4.0,3.0,4.0
210723,0.0,0.0,0.0,0.0,0.0,0.0,1.5,61.2,208.40000000000003,373.5,294.8,506.7,516.7,286.3,543.5,192.1,245.00000000000003,181.6,71.5,23.6,0.0,0.0,0.0,0.0,34.0,32.0,27.0,25.0,24.0,0.0,0.0,0.0,20.0,20.0,0.0,0.0,0.0,50.0,55.0,75.0,85.0,85.0,3.4,1.9,1.5,1.9,2.2,3.0,3.0,1.0,1.0,1.0
210726,0.0,0.0,0.0,0.0,0.0,0.0,8.4,59.10000000000001,243.8,410.0,274.9,537.0000000000001,620.4000000000001,555.0999999999999,473.2,442.1,309.6,335.9,139.2,19.7,0.0,0.0,0.0,0.0,34.0,32.0,28.0,26.0,24.0,0.0,0.0,0.0,20.0,0.0,20.0,20.0,20.0,45.0,55.0,75.0,85.0,95.0,2.4,2.6,1.0,1.0,1.0,3.0,1.0,3.0,3.0,3.0
210727,0.0,0.0,0.0,0.0,0.0,0.0,2.0,26.7,165.5,326.7,454.69999999999993,558.6999999999999,634.7,328.5,590.1,152.3,399.3,237.8,43.5,19.6,0.0,0.0,0.0,0.0,34.0,31.0,28.0,26.0,24.0,0.0,0.0,0.0,20.0,30.0,60.0,20.0,20.0,50.0,60.0,80.0,90.0,95.0,1.6,2.5,0.8,1.2,0.9,3.0,4.0,4.0,3.0,3.0
210728,0.0,0.0,0.0,0.0,0.0,0.0,4.0,43.9,158.8,307.2,441.5,545.4,602.6,455.1,615.6,109.9,493.6,176.3,71.5,3.0,0.0,0.0,0.0,0.0,33.0,31.0,27.0,25.0,23.0,0.0,0.0,0.0,0.0,0.0,0.0,0.0,0.0,55.0,60.0,80.0,90.0,95.0,2.7,2.2,1.1,1.3,1.4,1.0,1.0,1.0,1.0,1.0
210729,0.0,0.0,0.0,0.0,0.0,0.0,3.5,42.1,152.1,319.6,446.5,573.5999999999999,412.8,198.9,232.2,202.00000000000003,230.40000000000003,89.5,34.0,5.9,0.0,0.0,0.0,0.0,32.0,30.0,28.0,26.0,26.0,0.0,0.0,0.0,30.0,30.0,30.0,30.0,30.0,55.0,65.0,80.0,90.0,95.0,3.2,2.7,2.0,1.8,1.5,4.0,4.0,4.0,4.0,4.0
210730,0.0,0.0,0.0,0.0,0.0,0.0,1.8,35.2,154.20000000000002,319.6,439.9,537.1999999999999,571.9,493.7000000000001,105.5,125.9,153.20000000000002,77.9,33.9,0.1,0.0,0.0,0.0,0.0,34.0,31.0,27.0,26.0,25.0,0.0,0.0,0.0,0.0,0.0,0.0,0.0,20.0,55.0,60.0,80.0,85.0,90.0,2.1,2.5,0.9,0.5,0.8,1.0,1.0,1.0,1.0,3.0
210802,0.0,0.0,0.0,0.0,0.0,0.0,0.0,31.5,229.0,95.7,82.10000000000001,360.4,115.2,269.4,39.2,472.50000000000006,148.3,85.0,40.0,9.7,0.0,0.0,0.0,0.0,32.0,31.0,27.0,25.0,24.0,0.0,0.0,0.0,60.0,0.0,0.0,0.0,0.0,60.0,65.0,80.0,90.0,95.0,3.0,2.6,1.5,1.1,1.3,4.0,1.0,1.0,1.0,1.0
210803,0.0,0.0,0.0,0.0,0.0,0.0,0.0,4.800000000000001,23.6,83.5,161.3,261.3,229.90000000000003,375.7,532.4,316.29999999999995,491.5,293.99999999999994,130.7,11.5,0.0,0.0,0.0,0.0,33.0,32.0,28.0,26.0,25.0,0.0,0.0,0.0,60.0,0.0,0.0,0.0,0.0,60.0,60.0,80.0,90.0,90.0,2.6,2.0,1.3,1.1,1.2,3.0,1.0,1.0,1.0,1.0
210804,0.0,0.0,0.0,0.0,0.0,0.0,1.4,37.00000000000001,146.6,287.1,377.7000000000001,509.3,136.9,121.3,227.0,325.1,441.6,138.40000000000003,15.9,11.6,0.0,0.0,0.0,0.0,33.0,31.0,28.0,26.0,25.0,11.0,0.0,0.0,60.0,60.0,30.0,20.0,20.0,60.0,70.0,85.0,95.0,95.0,1.0,1.8,1.1,1.1,1.4,4.0,3.0,4.0,3.0,3.0
210805,0.0,0.0,0.0,0.0,0.0,0.0,1.7999999999999998,51.5,106.80000000000004,290.5,409.1,424.6000000000001,456.3,256.90000000000003,507.3,173.29999999999998,273.8,109.3,76.3,63.5,0.0,0.0,0.0,0.0,35.0,32.0,28.0,26.0,25.0,0.0,0.0,0.0,0.0,0.0,0.0,0.0,0.0,50.0,65.0,80.0,90.0,95.0,1.3,2.7,1.6,1.8,1.6,1.0,1.0,1.0,1.0,1.0
210806,0.0,0.0,0.0,0.0,0.0,0.0,1.9,34.19999999999999,149.9,300.6,433.3,527.6999999999999,580.8,353.1,323.90000000000003,303.99999999999994,332.8,340.6,34.800000000000004,21.2,0.0,0.0,0.0,0.0,33.0,30.0,27.0,26.0,25.0,0.0,0.0,0.0,60.0,20.0,20.0,20.0,0.0,60.0,70.0,80.0,90.0,90.0,3.6,2.3,1.6,1.3,0.9,4.0,3.0,3.0,3.0,1.0
210809,0.0,0.0,0.0,0.0,0.0,0.0,0.3,26.700000000000003,150.7,306.0,436.2000000000001,528.6,574.1999999999999,602.6999999999999,582.0000000000001,515.9,282.2,132.9,53.9,3.2,0.0,0.0,0.0,0.0,31.0,29.0,26.0,24.0,22.0,0.0,0.0,0.0,20.0,20.0,20.0,20.0,0.0,65.0,70.0,85.0,90.0,95.0,2.3,2.6,0.9,0.8,0.8,3.0,3.0,3.0,3.0,1.0
210810,0.0,0.0,0.0,0.0,0.0,0.0,1.0,43.5,160.3,91.3,402.00000000000006,516.6999999999999,577.1,543.6,378.8,194.7,310.40000000000003,230.3,63.1,4.9,0.0,0.0,0.0,0.0,32.0,30.0,26.0,24.0,23.0,0.0,0.0,0.0,20.0,20.0,0.0,20.0,0.0,50.0,60.0,80.0,90.0,95.0,2.6,2.8,0.9,1.0,1.0,3.0,3.0,1.0,3.0,1.0
210811,0.0,0.0,0.0,0.0,0.0,0.0,0.0,39.0,113.3,291.5,428.0,536.1,502.00000000000006,371.2,128.7,134.70000000000002,238.5,107.4,37.50000000000001,1.1,0.0,0.0,0.0,0.0,32.0,28.0,26.0,25.0,24.0,0.0,0.0,0.0,30.0,30.0,30.0,30.0,20.0,60.0,75.0,85.0,95.0,95.0,1.1,1.3,1.1,0.9,1.1,4.0,4.0,4.0,4.0,3.0
210812,0.0,0.0,0.0,0.0,0.0,0.0,1.1,27.600000000000005,133.5,304.5,220.4,272.5,279.1,247.2,307.8,75.69999999999999,106.2,75.3,4.6000000000000005,0.3,0.0,0.0,0.0,0.0,31.0,29.0,26.0,25.0,24.0,0.0,3.0,3.0,30.0,30.0,30.0,60.0,60.0,55.0,70.0,80.0,90.0,90.0,1.4,1.4,0.8,1.3,0.9,4.0,4.0,4.0,4.0,4.0
210813,0.0,0.0,0.0,0.0,0.0,0.0,0.1,29.099999999999994,73.6,101.7,153.20000000000002,353.2,599.4,267.4,577.9,346.90000000000003,235.6,102.9,41.6,0.1,0.0,0.0,0.0,0.0,28.0,27.0,24.0,22.0,21.0,0.0,0.0,0.0,30.0,30.0,20.0,0.0,0.0,65.0,70.0,80.0,90.0,90.0,2.0,1.1,1.1,1.6,1.2,4.0,4.0,3.0,1.0,1.0
210816,0.0,0.0,0.0,0.0,0.0,0.0,0.2,26.5,145.10000000000002,304.8,443.6,552.6,606.2,617.6999999999999,571.3,150.70000000000002,99.7,86.0,62.8,4.300000000000001,0.0,0.0,0.0,0.0,31.0,28.0,24.0,22.0,21.0,0.0,0.0,0.0,60.0,30.0,30.0,20.0,20.0,60.0,70.0,85.0,95.0,95.0,2.4,1.3,1.1,1.3,1.3,4.0,4.0,4.0,3.0,3.0
210817,0.0,0.0,0.0,0.0,0.0,0.0,0.0,7.399999999999999,54.50000000000001,324.1,467.2,568.8,628.4,644.1999999999999,455.7000000000001,544.9,437.6,299.8,118.9,6.499999999999999,0.0,0.0,0.0,0.0,28.0,25.0,23.0,22.0,21.0,0.0,0.0,0.0,60.0,60.0,60.0,20.0,30.0,70.0,80.0,85.0,90.0,95.0,2.1,1.7,0.9,0.4,0.7,3.0,4.0,3.0,3.0,4.0
210818,0.0,0.0,0.0,0.0,0.0,0.0,0.8999999999999999,38.7,85.7,386.2000000000001,462.1,622.1999999999999,622.1999999999999,643.3,142.10000000000002,45.7,24.3,2.0,7.2,2.8,0.0,0.0,0.0,0.0,28.0,25.0,23.0,21.0,20.0,4.0,0.0,0.0,60.0,60.0,20.0,20.0,0.0,65.0,75.0,90.0,95.0,95.0,2.7,0.5,0.4,1.5,1.1,3.0,3.0,3.0,3.0,1.0
210819,0.0,0.0,0.0,0.0,0.0,0.0,0.0,56.29999999999999,198.6,249.5,466.5,567.5,600.1,106.8,114.2,195.8,44.99999999999999,8.0,87.39999999999999,22.4,0.0,0.0,0.0,0.0,29.0,27.0,25.0,24.0,24.0,0.0,0.0,0.0,20.0,0.0,20.0,30.0,30.0,60.0,70.0,85.0,90.0,90.0,3.9,3.1,2.5,3.7,3.2,3.0,1.0,3.0,4.0,4.0
210820,0.0,0.0,0.0,0.0,0.0,0.0,0.2,35.7,149.20000000000002,304.7,366.5,555.2,258.7,511.6,241.10000000000005,625.9,469.4,110.6,23.8,1.0,0.0,0.0,0.0,0.0,26.0,27.0,25.0,24.0,23.0,1.0,0.0,0.0,60.0,60.0,60.0,60.0,30.0,85.0,85.0,90.0,95.0,95.0,5.5,3.7,2.3,2.2,2.0,4.0,4.0,4.0,4.0,4.0
210823,0.0,0.0,0.0,0.0,0.0,0.0,0.0,3.3,19.2,13.6,97.9,100.0,77.4,129.1,111.2,104.9,110.6,32.0,4.9,0.0,0.0,0.0,0.0,0.0,28.0,27.0,25.0,25.0,24.0,0.0,0.0,0.0,60.0,30.0,30.0,30.0,30.0,80.0,85.0,90.0,95.0,95.0,5.8,4.1,2.8,2.3,1.7,4.0,4.0,4.0,4.0,4.0
210824,0.0,0.0,0.0,0.0,0.0,0.0,0.0,0.0,0.1,58.4,7.9,42.2,131.60000000000002,419.8,180.4,110.4,97.7,86.9,27.1,1.3,0.0,0.0,0.0,0.0,26.0,26.0,25.0,24.0,23.0,0.0,0.0,0.0,62.0,60.0,30.0,30.0,20.0,90.0,90.0,95.0,95.0,95.0,1.6,1.7,1.5,1.3,1.2,4.0,4.0,4.0,4.0,3.0
210825,0.0,0.0,0.0,0.0,0.0,0.0,0.0,5.0,41.5,7.0,30.5,158.6,261.9,269.0,357.40000000000003,156.70000000000002,87.7,274.0,3.7,0.0,0.0,0.0,0.0,0.0,30.0,28.0,24.0,23.0,22.0,0.0,0.0,0.0,20.0,20.0,0.0,0.0,0.0,65.0,75.0,85.0,90.0,95.0,2.4,1.5,1.2,1.0,1.1,3.0,3.0,1.0,1.0,1.0
210826,0.0,0.0,0.0,0.0,0.0,0.0,0.2,23.8,179.4,178.00000000000003,183.2,539.6,511.69999999999993,338.0,421.19999999999993,626.7,471.50000000000006,95.8,35.9,0.0,0.0,0.0,0.0,0.0,28.0,25.0,24.0,22.0,22.0,7.0,0.0,0.0,60.0,60.0,30.0,30.0,20.0,85.0,90.0,95.0,95.0,95.0,4.3,1.4,1.2,1.5,1.3,4.0,4.0,4.0,4.0,3.0
210827,0.0,0.0,0.0,0.0,0.0,0.0,0.0,4.4,10.3,161.70000000000002,306.2,345.1,208.9,93.4,14.6,58.00000000000001,141.29999999999998,3.4,0.2,0.0,0.0,0.0,0.0,0.0,29.0,27.0,23.0,22.0,22.0,0.0,0.0,0.0,30.0,30.0,60.0,20.0,30.0,55.0,70.0,85.0,85.0,90.0,2.3,1.7,1.1,1.0,0.4,4.0,4.0,4.0,3.0,4.0
210830,0.0,0.0,0.0,0.0,0.0,0.0,0.0,12.5,94.4,152.29999999999998,493.8,280.5,515.8000000000001,380.1,210.6,227.7,145.5,51.3,1.6,0.0,0.0,0.0,0.0,0.0,29.0,27.0,25.0,24.0,24.0,0.0,0.0,0.0,60.0,30.0,30.0,30.0,30.0,70.0,85.0,90.0,95.0,95.0,1.5,0.8,1.4,2.0,2.5,4.0,4.0,4.0,4.0,4.0
210901,0.0,0.0,0.0,0.0,0.0,0.0,0.0,10.3,4.2,1.7999999999999998,45.1,111.7,325.79999999999995,137.8,79.1,40.10000000000001,330.6,74.7,7.499999999999999,0.0,0.0,0.0,0.0,0.0,24.0,23.0,22.0,21.0,20.0,0.0,0.0,0.0,60.0,60.0,30.0,60.0,60.0,85.0,90.0,95.0,95.0,95.0,2.5,1.3,1.4,1.9,2.1,4.0,4.0,4.0,4.0,4.0
210902,0.0,0.0,0.0,0.0,0.0,0.0,0.0,19.3,61.99999999999999,67.8,93.9,103.9,93.9,73.4,118.7,81.0,153.9,62.3,26.600000000000005,0.0,0.0,0.0,0.0,0.0,28.0,25.0,22.0,21.0,20.0,0.0,0.0,0.0,20.0,60.0,30.0,30.0,30.0,65.0,75.0,90.0,95.0,95.0,1.4,1.2,0.2,1.3,1.1,3.0,4.0,4.0,4.0,4.0
210903,0.0,0.0,0.0,0.0,0.0,0.0,0.0,5.199999999999999,57.6,171.29999999999998,417.9,437.30000000000007,347.6,301.0,591.1999999999998,535.9000000000001,419.1,250.6,35.6,0.0,0.0,0.0,0.0,0.0,27.0,25.0,23.0,22.0,21.0,0.0,0.0,0.0,30.0,30.0,30.0,30.0,30.0,60.0,75.0,80.0,85.0,90.0,0.5,0.8,1.6,1.9,1.0,4.0,4.0,4.0,4.0,4.0
210906,0.0,0.0,0.0,0.0,0.0,0.0,0.0,3.5000000000000004,19.7,75.00000000000001,62.00000000000001,162.39999999999998,124.5,98.5,174.5,102.1,80.8,11.2,9.000000000000002,0.0,0.0,0.0,0.0,0.0,26.0,24.0,22.0,21.0,21.0,0.0,0.0,0.0,60.0,30.0,30.0,30.0,30.0,80.0,85.0,90.0,90.0,90.0,4.4,2.4,2.1,2.3,2.2,4.0,4.0,4.0,4.0,4.0
210907,0.0,0.0,0.0,0.0,0.0,0.0,0.0,1.4,20.4,72.7,23.4,107.5,100.9,75.5,32.6,179.40000000000003,110.8,52.2,15.8,0.0,0.0,0.0,0.0,0.0,27.0,24.0,20.0,18.0,18.0,0.0,0.0,0.0,0.0,0.0,0.0,0.0,0.0,60.0,75.0,90.0,95.0,95.0,3.3,2.3,1.2,0.9,1.1,1.0,1.0,1.0,1.0,1.0
210908,0.0,0.0,0.0,0.0,0.0,0.0,0.0,34.300000000000004,124.6,166.9,475.3,167.5,569.6999999999999,696.6000000000001,353.7,241.9,489.9000000000001,190.2,71.19999999999999,0.5,0.0,0.0,0.0,0.0,29.0,26.0,23.0,21.0,20.0,0.0,0.0,0.0,30.0,30.0,30.0,30.0,30.0,60.0,75.0,85.0,95.0,95.0,1.0,1.1,0.5,1.2,1.3,4.0,4.0,4.0,4.0,4.0
210909,0.0,0.0,0.0,0.0,0.0,0.0,0.0,31.4,173.9,289.80000000000007,377.4,396.5,480.00000000000006,585.0,319.90000000000003,348.4,187.8,73.2,9.8,0.0,0.0,0.0,0.0,0.0,24.0,23.0,21.0,20.0,20.0,0.0,0.0,0.0,30.0,30.0,30.0,30.0,30.0,85.0,90.0,95.0,95.0,100.0,2.6,1.1,1.4,1.3,1.1,4.0,4.0,4.0,4.0,4.0
210910,0.0,0.0,0.0,0.0,0.0,0.0,0.0,1.5,23.000000000000004,6.9,48.3,109.5,96.3,229.7,233.2,161.6,96.8,84.39999999999999,7.1000000000000005,0.0,0.0,0.0,0.0,0.0,30.0,27.0,23.0,21.0,20.0,0.0,0.0,0.0,0.0,0.0,20.0,20.0,20.0,60.0,75.0,90.0,95.0,100.0,1.8,1.5,0.8,0.7,1.4,1.0,1.0,3.0,3.0,3.0
210913,0.0,0.0,0.0,0.0,0.0,0.0,0.0,22.2,87.59999999999998,219.9,289.1,353.69999999999993,486.3,360.9,511.5,364.5,105.6,78.5,7.4,0.0,0.0,0.0,0.0,0.0,25.0,24.0,22.0,21.0,20.0,0.0,0.0,0.0,60.0,60.0,30.0,60.0,20.0,80.0,85.0,90.0,90.0,90.0,4.3,2.9,2.3,2.6,2.2,4.0,4.0,4.0,4.0,3.0
210914,0.0,0.0,0.0,0.0,0.0,0.0,0.0,18.3,55.1,59.400000000000006,105.5,142.4,125.6,91.8,139.79999999999998,105.4,213.6,83.8,9.7,0.0,0.0,0.0,0.0,0.0,28.0,25.0,21.0,19.0,19.0,0.0,0.0,0.0,30.0,20.0,30.0,30.0,20.0,55.0,65.0,75.0,80.0,90.0,3.9,3.2,2.5,2.3,2.1,4.0,3.0,4.0,4.0,3.0
210915,0.0,0.0,0.0,0.0,0.0,0.0,0.0,15.3,52.8,338.4,471.9,571.3000000000001,628.3,646.0,609.4,525.1,398.1,220.7,47.2,0.0,0.0,0.0,0.0,0.0,27.0,24.0,22.0,21.0,20.0,0.0,5.0,0.0,30.0,30.0,70.0,60.0,20.0,65.0,75.0,80.0,90.0,90.0,3.3,1.9,3.4,3.8,9.6,4.0,4.0,4.0,4.0,3.0
210916,0.0,0.0,0.0,0.0,0.0,0.0,0.0,33.800000000000004,87.30000000000001,222.8,293.6,330.99999999999994,364.2,97.5,114.4,38.1,37.3,29.5,0.7000000000000001,0.0,0.0,0.0,0.0,0.0,28.0,25.0,22.0,20.0,19.0,0.0,0.0,0.0,30.0,30.0,30.0,30.0,30.0,70.0,70.0,75.0,85.0,90.0,4.5,3.0,2.5,0.8,0.6,4.0,4.0,4.0,4.0,4.0
210917,0.0,0.0,0.0,0.0,0.0,0.0,0.0,11.8,71.3,134.4,153.00000000000003,244.6,201.4,265.6,443.1,454.00000000000006,402.4,294.7,10.8,0.0,0.0,0.0,0.0,0.0,28.0,25.0,21.0,20.0,18.0,0.0,0.0,0.0,30.0,30.0,20.0,30.0,20.0,60.0,70.0,85.0,90.0,95.0,1.0,1.2,0.6,1.2,1.2,4.0,4.0,3.0,4.0,3.0
210920,0.0,0.0,0.0,0.0,0.0,0.0,0.0,12.1,130.9,319.1,469.9,570.1999999999999,588.5000000000001,588.5999999999999,575.3000000000001,224.5,282.3,174.8,15.000000000000002,0.0,0.0,0.0,0.0,0.0,26.0,24.0,21.0,20.0,20.0,0.0,0.0,0.0,20.0,20.0,0.0,0.0,30.0,70.0,75.0,90.0,95.0,95.0,3.1,1.7,1.7,1.7,1.7,3.0,3.0,1.0,1.0,4.0
210921,0.0,0.0,0.0,0.0,0.0,0.0,0.0,6.4,34.8,2.6,148.70000000000002,63.4,197.6,623.9000000000001,387.2,160.20000000000002,255.2,205.0,22.6,0.0,0.0,0.0,0.0,0.0,28.0,24.0,20.0,18.0,17.0,0.0,0.0,0.0,0.0,0.0,0.0,0.0,0.0,55.0,70.0,85.0,95.0,95.0,3.9,1.7,1.4,1.1,1.6,1.0,1.0,1.0,1.0,1.0
210922,0.0,0.0,0.0,0.0,0.0,0.0,0.0,7.199999999999999,127.9,295.3,156.9,89.99999999999999,596.3000000000001,614.9000000000001,569.5000000000001,488.6,343.7,174.89999999999998,7.6,0.0,0.0,0.0,0.0,0.0,26.0,22.0,18.0,16.0,16.0,0.0,0.0,0.0,0.0,0.0,20.0,0.0,0.0,45.0,65.0,85.0,90.0,90.0,3.4,1.5,1.1,1.2,1.7,1.0,1.0,3.0,1.0,1.0
210923,0.0,0.0,0.0,0.0,0.0,0.0,0.0,9.8,110.7,328.6,423.5,349.1,485.2000000000001,658.1,606.0999999999999,498.2000000000001,310.8,111.6,63.5,0.0,0.0,0.0,0.0,0.0,27.0,24.0,20.0,19.0,17.0,0.0,0.0,0.0,0.0,30.0,30.0,0.0,0.0,45.0,65.0,80.0,90.0,90.0,1.4,1.3,1.7,1.6,1.4,1.0,4.0,4.0,1.0,1.0
210924,0.0,0.0,0.0,0.0,0.0,0.0,0.0,28.7,85.39999999999999,363.6,453.0,595.6,556.9000000000001,513.0,590.0999999999999,492.3,386.9,209.6,7.1000000000000005,0.0,0.0,0.0,0.0,0.0,26.0,23.0,20.0,18.0,17.0,0.0,0.0,0.0,30.0,30.0,20.0,20.0,20.0,65.0,75.0,85.0,90.0,90.0,2.6,2.0,1.2,1.3,1.2,4.0,4.0,3.0,3.0,3.0
210927,0.0,0.0,0.0,0.0,0.0,0.0,0.0,8.9,72.00000000000001,163.3,403.7000000000001,507.3,658.1,177.3,201.8,166.6,144.60000000000002,2.6,0.1,0.0,0.0,0.0,0.0,0.0,26.0,24.0,22.0,22.0,22.0,0.0,0.0,0.0,30.0,30.0,30.0,30.0,30.0,70.0,75.0,90.0,90.0,95.0,1.7,1.8,2.3,2.1,2.1,4.0,4.0,4.0,4.0,4.0
210928,0.0,0.0,0.0,0.0,0.0,0.0,0.0,5.4,89.5,177.8,411.3,251.6,241.1,249.3,139.70000000000002,137.4,82.6,8.9,0.0,0.0,0.0,0.0,0.0,0.0,24.0,23.0,21.0,21.0,20.0,4.0,3.0,0.0,60.0,60.0,60.0,60.0,30.0,85.0,90.0,95.0,95.0,95.0,1.9,2.2,0.8,1.0,2.0,4.0,4.0,4.0,4.0,4.0
210929,0.0,0.0,0.0,0.0,0.0,0.0,0.0,5.8,48.5,77.89999999999999,202.9,284.1,234.7,50.10000000000001,73.60000000000001,306.79999999999995,15.700000000000005,5.7,0.6,0.0,0.0,0.0,0.0,0.0,28.0,25.0,20.0,19.0,17.0,0.0,0.0,0.0,0.0,0.0,0.0,0.0,0.0,50.0,70.0,90.0,95.0,95.0,2.3,2.1,1.1,1.7,1.0,1.0,1.0,1.0,1.0,1.0
211001,0.0,0.0,0.0,0.0,0.0,0.0,0.0,4.2,55.8,144.9,282.40000000000003,529.0,581.2,585.8,539.0000000000001,452.8,329.5,138.6,3.3,0.0,0.0,0.0,0.0,0.0,28.0,25.0,20.0,18.0,18.0,0.0,0.0,0.0,0.0,0.0,0.0,0.0,0.0,50.0,65.0,85.0,95.0,95.0,1.3,0.2,1.3,0.8,1.9,1.0,1.0,1.0,1.0,1.0
211004,0.0,0.0,0.0,0.0,0.0,0.0,0.0,34.50000000000001,136.3,263.1,429.69999999999993,484.2,355.2,604.6,560.5000000000001,349.6000000000001,172.7,49.50000000000001,7.700000000000001,0.0,0.0,0.0,0.0,0.0,28.0,25.0,21.0,18.0,17.0,0.0,0.0,0.0,0.0,20.0,0.0,0.0,0.0,55.0,70.0,90.0,95.0,95.0,2.8,1.3,1.1,0.9,0.7,1.0,3.0,1.0,1.0,1.0
211005,0.0,0.0,0.0,0.0,0.0,0.0,0.0,7.7,116.3,294.79999999999995,440.0,557.4,644.6999999999999,534.0,433.4,492.9,350.5,140.6,3.0,0.0,0.0,0.0,0.0,0.0,29.0,25.0,22.0,20.0,19.0,0.0,0.0,0.0,0.0,0.0,30.0,30.0,0.0,45.0,65.0,90.0,90.0,95.0,0.2,1.2,0.8,1.6,1.7,1.0,1.0,4.0,4.0,1.0
211007,0.0,0.0,0.0,0.0,0.0,0.0,0.0,8.4,111.0,282.2,425.3,566.8000000000001,425.8,151.49999999999997,9.9,64.4,48.69999999999999,35.2,1.9,0.0,0.0,0.0,0.0,0.0,26.0,24.0,22.0,21.0,20.0,0.0,0.0,0.0,30.0,30.0,30.0,20.0,20.0,70.0,80.0,90.0,95.0,95.0,0.8,0.9,1.2,1.2,1.7,4.0,4.0,4.0,3.0,3.0
211008,0.0,0.0,0.0,0.0,0.0,0.0,0.0,5.4,48.7,87.4,193.3,175.10000000000002,156.59999999999997,278.79999999999995,213.9,114.00000000000004,125.0,71.7,1.0,0.0,0.0,0.0,0.0,0.0,29.0,26.0,22.0,21.0,19.0,0.0,0.0,0.0,20.0,0.0,0.0,0.0,0.0,55.0,70.0,85.0,90.0,95.0,2.4,1.3,1.6,1.7,1.3,3.0,1.0,1.0,1.0,1.0
211011,0.0,0.0,0.0,0.0,0.0,0.0,0.0,1.9,6.6000000000000005,29.2,109.8,109.2,114.9,76.5,64.9,64.60000000000001,25.9,6.499999999999999,0.0,0.0,0.0,0.0,0.0,0.0,22.0,20.0,18.0,17.0,17.0,0.0,0.0,0.0,30.0,30.0,30.0,30.0,30.0,75.0,80.0,85.0,85.0,90.0,3.5,2.0,2.1,2.5,1.4,4.0,4.0,4.0,4.0,4.0
211012,0.0,0.0,0.0,0.0,0.0,0.0,0.0,0.0,2.5,15.2,50.1,101.7,101.2,57.3,49.9,61.8,16.6,13.3,0.0,0.0,0.0,0.0,0.0,0.0,26.0,23.0,21.0,19.0,18.0,0.0,0.0,0.0,30.0,30.0,30.0,30.0,30.0,65.0,75.0,85.0,90.0,90.0,1.4,0.3,1.1,1.3,1.5,4.0,4.0,4.0,4.0,4.0
211013,0.0,0.0,0.0,0.0,0.0,0.0,0.0,2.3000000000000003,61.2,107.0,258.70000000000005,434.50000000000006,336.3,333.90000000000003,197.2,139.2,156.50000000000003,31.9,0.0,0.0,0.0,0.0,0.0,0.0,25.0,22.0,19.0,17.0,17.0,0.0,0.0,0.0,20.0,0.0,20.0,30.0,30.0,65.0,75.0,90.0,95.0,95.0,2.6,1.2,1.0,0.9,0.9,3.0,1.0,3.0,4.0,4.0
211014,0.0,0.0,0.0,0.0,0.0,0.0,0.0,2.3,157.3,240.4,387.7,523.3,212.8,324.3,99.9,478.9,169.0,22.0,0.6,0.0,0.0,0.0,0.0,0.0,20.0,19.0,18.0,17.0,17.0,0.0,0.0,0.0,60.0,60.0,60.0,60.0,30.0,80.0,80.0,90.0,95.0,95.0,2.8,2.4,2.2,1.8,2.6,4.0,4.0,4.0,4.0,4.0
211015,0.0,0.0,0.0,0.0,0.0,0.0,0.0,5.300000000000001,147.99999999999997,151.7,193.9,242.50000000000003,230.2,236.50000000000003,126.3,169.9,45.8,9.8,0.0,0.0,0.0,0.0,0.0,0.0,13.0,11.0,9.0,7.0,5.0,0.0,0.0,0.0,30.0,30.0,30.0,20.0,0.0,50.0,50.0,60.0,60.0,60.0,5.4,3.7,4.8,5.1,5.2,4.0,4.0,4.0,3.0,1.0
211018,0.0,0.0,0.0,0.0,0.0,0.0,0.0,4.5,119.0,313.0,469.3,567.4000000000001,618.1,619.4,566.9000000000001,462.19999999999993,309.6,100.20000000000002,0.1,0.0,0.0,0.0,0.0,0.0,16.0,12.0,9.0,7.0,4.0,0.0,0.0,0.0,20.0,0.0,0.0,0.0,0.0,60.0,55.0,70.0,70.0,80.0,5.5,2.3,1.6,1.6,1.4,3.0,1.0,1.0,1.0,1.0
211019,0.0,0.0,0.0,0.0,0.0,0.0,0.0,0.7,37.4,33.3,516.5,526.4,527.3,80.69999999999999,133.6,183.4,174.1,56.3,0.1,0.0,0.0,0.0,0.0,0.0,16.0,12.0,8.0,6.0,4.0,0.0,0.0,0.0,0.0,0.0,0.0,0.0,0.0,40.0,65.0,80.0,90.0,90.0,2.3,1.4,1.7,1.3,1.6,1.0,1.0,1.0,1.0,1.0
211020,0.0,0.0,0.0,0.0,0.0,0.0,0.0,2.2,103.4,248.90000000000003,450.0,533.0999999999999,573.5,494.2000000000001,241.6,190.5,110.9,39.4,0.0,0.0,0.0,0.0,0.0,0.0,16.0,12.0,8.0,7.0,6.0,0.0,0.0,0.0,30.0,30.0,0.0,0.0,0.0,45.0,60.0,80.0,80.0,80.0,3.1,1.7,1.3,1.4,1.4,4.0,4.0,1.0,1.0,1.0
211021,0.0,0.0,0.0,0.0,0.0,0.0,0.0,2.9,141.8,285.4,402.8,557.3000000000001,432.8,615.3,516.6,460.2,305.9,67.8,0.1,0.0,0.0,0.0,0.0,0.0,16.0,13.0,9.0,7.0,5.0,0.0,0.0,0.0,0.0,0.0,0.0,0.0,0.0,40.0,50.0,65.0,80.0,85.0,5.1,1.9,1.5,1.5,1.4,1.0,1.0,1.0,1.0,1.0
211022,0.0,0.0,0.0,0.0,0.0,0.0,0.0,3.1,106.3,291.1,450.69999999999993,570.8000000000001,620.6999999999999,616.4,460.4,434.5,214.9,94.0,0.0,0.0,0.0,0.0,0.0,0.0,19.0,14.0,9.0,7.0,6.0,0.0,0.0,0.0,0.0,0.0,0.0,0.0,0.0,35.0,55.0,80.0,85.0,90.0,1.7,2.2,1.9,1.5,1.4,1.0,1.0,1.0,1.0,1.0
211025,0.0,0.0,0.0,0.0,0.0,0.0,0.0,1.6,97.8,270.6,427.6,540.5,588.1999999999999,587.9000000000001,530.5,425.7,256.4,71.5,0.1,0.0,0.0,0.0,0.0,0.0,20.0,15.0,11.0,11.0,9.0,0.0,0.0,0.0,0.0,30.0,30.0,30.0,30.0,40.0,65.0,85.0,90.0,95.0,2.6,1.8,0.8,0.1,0.9,1.0,4.0,4.0,4.0,4.0
211026,0.0,0.0,0.0,0.0,0.0,0.0,0.0,3.2,99.2,263.4,392.0,239.50000000000003,577.4,580.5,516.2,405.0,225.10000000000005,61.2,0.0,0.0,0.0,0.0,0.0,0.0,19.0,14.0,10.0,7.0,6.0,0.0,0.0,0.0,0.0,0.0,0.0,0.0,0.0,40.0,55.0,75.0,85.0,85.0,3.7,1.7,1.3,1.4,1.7,1.0,1.0,1.0,1.0,1.0
211027,0.0,0.0,0.0,0.0,0.0,0.0,0.0,1.6,79.4,200.3,323.69999999999993,434.1,540.5999999999999,424.9,508.9000000000001,427.1,244.1,74.10000000000001,0.0,0.0,0.0,0.0,0.0,0.0,20.0,14.0,10.0,8.0,7.0,0.0,0.0,0.0,20.0,0.0,0.0,0.0,20.0,35.0,65.0,85.0,85.0,90.0,3.1,1.5,2.0,1.6,1.8,3.0,1.0,1.0,1.0,3.0
211028,0.0,0.0,0.0,0.0,0.0,0.0,0.0,1.9,97.5,276.1,433.1,534.5,589.5,590.0,558.4,443.4,277.8,73.1,0.0,0.0,0.0,0.0,0.0,0.0,21.0,16.0,11.0,9.0,9.0,0.0,0.0,0.0,0.0,0.0,20.0,20.0,20.0,40.0,65.0,80.0,90.0,90.0,0.8,0.8,1.3,1.1,1.7,1.0,1.0,3.0,3.0,3.0
211101,0.0,0.0,0.0,0.0,0.0,0.0,0.0,0.8999999999999999,50.8,199.9,355.50000000000006,465.5,530.6,446.2000000000001,490.5,217.70000000000005,195.30000000000004,34.0,0.0,0.0,0.0,0.0,0.0,0.0,17.0,13.0,9.0,7.0,5.0,0.0,0.0,0.0,20.0,30.0,20.0,0.0,0.0,55.0,65.0,85.0,95.0,95.0,3.1,1.8,1.2,1.1,1.6,3.0,4.0,3.0,1.0,1.0
211102,0.0,0.0,0.0,0.0,0.0,0.0,0.0,1.2000000000000002,104.3,184.2,365.2000000000001,217.2,613.0000000000001,326.79999999999995,291.4,214.5,104.3,20.9,0.0,0.0,0.0,0.0,0.0,0.0,18.0,13.0,9.0,8.0,7.0,0.0,0.0,0.0,0.0,0.0,0.0,20.0,30.0,45.0,70.0,85.0,90.0,95.0,2.6,1.3,1.7,0.8,0.4,1.0,1.0,1.0,3.0,4.0
211103,0.0,0.0,0.0,0.0,0.0,0.0,0.0,1.2000000000000002,82.00000000000001,240.0,391.7000000000001,473.9,561.0000000000001,558.5000000000001,501.9,395.2,108.7,16.4,0.0,0.0,0.0,0.0,0.0,0.0,21.0,15.0,10.0,8.0,7.0,0.0,0.0,0.0,0.0,0.0,0.0,0.0,0.0,40.0,65.0,85.0,90.0,95.0,2.0,1.9,1.8,1.6,1.9,1.0,1.0,1.0,1.0,1.0
211104,0.0,0.0,0.0,0.0,0.0,0.0,0.0,0.0,67.30000000000001,234.5,376.0,487.7,531.9,545.9,498.5,373.3,203.00000000000003,48.9,0.0,0.0,0.0,0.0,0.0,0.0,20.0,15.0,11.0,10.0,9.0,0.0,0.0,0.0,20.0,20.0,20.0,20.0,30.0,30.0,60.0,75.0,85.0,95.0,2.1,2.3,2.2,1.9,2.2,3.0,3.0,3.0,3.0,4.0
211105,0.0,0.0,0.0,0.0,0.0,0.0,0.0,1.0,81.2,187.1,384.4,458.4,334.4,299.00000000000006,193.0,144.9,70.7,13.4,0.0,0.0,0.0,0.0,0.0,0.0,22.0,16.0,12.0,9.0,8.0,0.0,0.0,0.0,0.0,0.0,0.0,0.0,0.0,40.0,65.0,75.0,85.0,95.0,2.8,2.0,1.9,1.6,1.6,1.0,1.0,1.0,1.0,1.0
211108,0.0,0.0,0.0,0.0,0.0,0.0,0.0,0.0,1.5,1.6,6.1000000000000005,15.9,39.00000000000001,572.1,111.8,84.2,100.8,4.9,0.0,0.0,0.0,0.0,0.0,0.0,11.0,9.0,7.0,6.0,6.0,0.0,0.0,0.0,30.0,20.0,20.0,20.0,30.0,60.0,65.0,70.0,80.0,80.0,5.0,2.7,2.1,2.8,3.1,4.0,3.0,3.0,3.0,4.0
211109,0.0,0.0,0.0,0.0,0.0,0.0,0.0,0.0,8.7,90.70000000000002,292.3,26.300000000000004,648.7,88.0,119.1,283.90000000000003,81.5,4.9,0.0,0.0,0.0,0.0,0.0,0.0,10.0,9.0,8.0,8.0,7.0,0.0,0.0,0.0,30.0,30.0,60.0,30.0,30.0,65.0,80.0,85.0,85.0,85.0,6.0,1.8,1.6,1.6,1.3,4.0,4.0,4.0,4.0,4.0
211110,0.0,0.0,0.0,0.0,0.0,0.0,0.0,0.0,1.9,51.39999999999999,48.5,86.70000000000002,31.8,28.4,41.1,33.2,43.2,6.7,0.0,0.0,0.0,0.0,0.0,0.0,11.0,8.0,6.0,5.0,4.0,0.0,0.0,0.0,30.0,30.0,20.0,60.0,30.0,65.0,70.0,80.0,85.0,90.0,5.2,1.7,1.6,1.8,1.7,4.0,4.0,3.0,4.0,4.0
211111,0.0,0.0,0.0,0.0,0.0,0.0,0.0,0.1,68.7,189.2,51.400000000000006,268.3,139.70000000000002,86.80000000000001,16.0,114.6,20.2,3.6,0.0,0.0,0.0,0.0,0.0,0.0,10.0,8.0,6.0,4.0,4.0,0.0,0.0,0.0,60.0,30.0,30.0,30.0,30.0,70.0,75.0,80.0,90.0,90.0,2.6,1.5,1.9,1.4,1.2,4.0,4.0,4.0,4.0,4.0
211112,0.0,0.0,0.0,0.0,0.0,0.0,0.0,0.0,46.3,277.6,415.7000000000001,269.6,67.5,237.40000000000003,44.70000000000001,370.0,14.9,4.8,0.0,0.0,0.0,0.0,0.0,0.0,15.0,11.0,7.0,6.0,5.0,0.0,0.0,0.0,20.0,20.0,0.0,20.0,20.0,50.0,70.0,85.0,95.0,95.0,3.0,1.8,1.8,1.6,1.5,3.0,3.0,1.0,3.0,3.0
211115,0.0,0.0,0.0,0.0,0.0,0.0,0.0,0.0,51.2,152.5,359.4,465.4,524.1,476.2,390.8,242.1,165.70000000000002,19.000000000000004,0.0,0.0,0.0,0.0,0.0,0.0,16.0,10.0,6.0,5.0,3.0,0.0,0.0,0.0,0.0,0.0,0.0,0.0,0.0,40.0,65.0,80.0,85.0,85.0,2.8,1.5,1.3,1.2,1.9,1.0,1.0,1.0,1.0,1.0
211116,0.0,0.0,0.0,0.0,0.0,0.0,0.0,0.1,52.3,171.5,323.2,444.3,450.2000000000001,481.9,377.7000000000001,313.4,166.6,16.5,0.0,0.0,0.0,0.0,0.0,0.0,15.0,10.0,7.0,6.0,5.0,0.0,0.0,0.0,20.0,20.0,20.0,20.0,30.0,50.0,75.0,85.0,90.0,95.0,1.8,1.4,0.5,0.7,1.2,3.0,3.0,3.0,3.0,4.0
211117,0.0,0.0,0.0,0.0,0.0,0.0,0.0,0.0,51.5,198.7,363.0,482.4,542.5,530.6999999999999,493.5,366.1,173.29999999999998,11.6,0.0,0.0,0.0,0.0,0.0,0.0,17.0,12.0,8.0,6.0,5.0,0.0,0.0,0.0,20.0,20.0,0.0,0.0,0.0,60.0,80.0,95.0,95.0,100.0,1.9,1.6,1.0,0.7,0.1,3.0,3.0,1.0,1.0,1.0
211118,0.0,0.0,0.0,0.0,0.0,0.0,0.0,0.0,47.50000000000001,186.4,339.2,448.2,502.2,499.1,417.0,333.7,156.9,14.3,0.0,0.0,0.0,0.0,0.0,0.0,18.0,13.0,9.0,8.0,8.0,0.0,0.0,0.0,20.0,0.0,0.0,0.0,0.0,65.0,85.0,100.0,100.0,100.0,2.4,1.6,1.2,1.4,1.8,3.0,1.0,1.0,1.0,1.0
211119,0.0,0.0,0.0,0.0,0.0,0.0,0.0,0.0,24.1,136.2,340.0,472.0,506.69999999999993,531.2,482.6,325.40000000000003,157.1,11.3,0.0,0.0,0.0,0.0,0.0,0.0,18.0,13.0,9.0,8.0,7.0,0.0,0.0,0.0,20.0,30.0,20.0,20.0,20.0,55.0,70.0,85.0,95.0,95.0,1.6,1.7,1.8,2.0,1.5,3.0,4.0,3.0,3.0,3.0
211122,0.0,0.0,0.0,0.0,0.0,0.0,0.0,0.0,33.7,44.6,460.8,189.9,298.0,76.7,180.40000000000003,132.0,29.4,3.3,0.0,0.0,0.0,0.0,0.0,0.0,6.0,5.0,4.0,4.0,4.0,0.0,0.0,0.0,60.0,30.0,30.0,30.0,30.0,75.0,75.0,80.0,80.0,75.0,4.2,1.4,2.0,1.9,1.6,4.0,4.0,4.0,4.0,4.0
211123,0.0,0.0,0.0,0.0,0.0,0.0,0.0,0.0,7.3,34.6,310.1,297.4,58.6,43.2,126.1,53.2,16.3,0.5,0.0,0.0,0.0,0.0,0.0,0.0,13.0,8.0,5.0,5.0,6.0,0.0,0.0,0.0,0.0,30.0,30.0,30.0,30.0,50.0,65.0,85.0,90.0,90.0,4.5,1.6,1.6,1.6,1.5,1.0,4.0,4.0,4.0,4.0
211124,0.0,0.0,0.0,0.0,0.0,0.0,0.0,0.0,38.5,219.2,197.3,344.70000000000005,211.5,126.8,350.7,199.6,174.4,9.2,0.0,0.0,0.0,0.0,0.0,0.0,12.0,7.0,3.0,2.0,1.0,0.0,0.0,0.0,0.0,20.0,0.0,0.0,20.0,55.0,70.0,85.0,90.0,90.0,4.1,1.3,1.3,1.5,1.3,1.0,3.0,1.0,1.0,3.0
211125,0.0,0.0,0.0,0.0,0.0,0.0,0.0,0.0,14.1,147.10000000000002,289.3,402.0,439.4,488.4,426.7000000000001,359.4,151.60000000000002,9.5,0.0,0.0,0.0,0.0,0.0,0.0,10.0,6.0,5.0,3.0,2.0,0.0,0.0,0.0,0.0,0.0,20.0,20.0,20.0,50.0,75.0,80.0,80.0,80.0,2.3,1.3,1.2,2.0,1.5,1.0,1.0,3.0,3.0,3.0
211126,0.0,0.0,0.0,0.0,0.0,0.0,0.0,0.0,43.4,195.8,363.4,485.9,556.5000000000001,544.7,500.6,376.0,169.10000000000002,10.0,0.0,0.0,0.0,0.0,0.0,0.0,10.0,5.0,2.0,1.0,0.0,0.0,0.0,0.0,0.0,0.0,0.0,0.0,0.0,40.0,60.0,70.0,75.0,75.0,2.3,2.1,1.5,1.7,1.8,1.0,1.0,1.0,1.0,1.0
211129,0.0,0.0,0.0,0.0,0.0,0.0,0.0,0.0,38.49999999999999,183.9,347.5,488.69999999999993,600.0,504.50000000000006,470.6,178.79999999999998,168.2,6.5,0.0,0.0,0.0,0.0,0.0,0.0,10.0,7.0,5.0,4.0,3.0,0.0,0.0,0.0,60.0,30.0,0.0,20.0,20.0,85.0,75.0,70.0,65.0,70.0,6.7,8.1,6.6,5.5,7.9,4.0,4.0,1.0,3.0,3.0
211201,0.0,0.0,0.0,0.0,0.0,0.0,0.0,0.0,8.6,138.5,281.6,301.4,98.0,270.6,46.89999999999999,142.20000000000002,70.3,2.1,0.0,0.0,0.0,0.0,0.0,0.0,8.0,5.0,4.0,4.0,4.0,0.0,0.0,0.0,30.0,30.0,30.0,30.0,30.0,65.0,70.0,80.0,85.0,85.0,2.9,1.8,2.3,1.6,1.7,4.0,4.0,4.0,4.0,4.0
211202,0.0,0.0,0.0,0.0,0.0,0.0,0.0,0.0,1.9,189.7,348.70000000000005,487.4,532.8,570.0,166.79999999999998,68.5,246.7,1.7,0.0,0.0,0.0,0.0,0.0,0.0,8.0,5.0,3.0,3.0,1.0,0.0,0.0,0.0,0.0,30.0,30.0,30.0,30.0,50.0,60.0,65.0,65.0,70.0,5.0,2.0,1.2,1.0,0.8,1.0,4.0,4.0,4.0,4.0
211203,0.0,0.0,0.0,0.0,0.0,0.0,0.0,0.0,29.7,6.800000000000001,108.0,21.1,516.3,148.4,140.9,77.2,57.900000000000006,3.8,0.0,0.0,0.0,0.0,0.0,0.0,10.0,6.0,2.0,0.0,-2.0,0.0,0.0,0.0,20.0,20.0,0.0,0.0,0.0,65.0,80.0,90.0,90.0,90.0,3.2,1.8,1.3,1.2,1.3,3.0,3.0,1.0,1.0,1.0
211206,0.0,0.0,0.0,0.0,0.0,0.0,0.0,0.0,24.200000000000003,156.79999999999998,326.4,458.9,513.5,526.1,466.5,246.1,147.3,7.000000000000001,0.0,0.0,0.0,0.0,0.0,0.0,12.0,8.0,4.0,2.0,1.0,0.0,0.0,0.0,0.0,0.0,0.0,0.0,0.0,55.0,80.0,90.0,90.0,95.0,3.4,1.7,1.4,2.1,0.9,1.0,1.0,1.0,1.0,1.0
211207,0.0,0.0,0.0,0.0,0.0,0.0,0.0,0.0,29.8,142.9,291.7,412.0,463.1,491.4,442.0,317.2,130.2,5.0,0.0,0.0,0.0,0.0,0.0,0.0,14.0,8.0,5.0,3.0,2.0,0.0,0.0,0.0,0.0,0.0,0.0,20.0,20.0,50.0,75.0,85.0,90.0,90.0,1.6,1.9,1.5,2.1,1.5,1.0,1.0,1.0,3.0,3.0
211208,0.0,0.0,0.0,0.0,0.0,0.0,0.0,0.0,23.7,148.9,313.3,445.9,518.5999999999999,518.3,471.3,367.4000000000001,163.2,12.8,0.0,0.0,0.0,0.0,0.0,0.0,12.0,9.0,7.0,6.0,5.0,0.0,0.0,0.0,30.0,30.0,30.0,30.0,30.0,70.0,80.0,85.0,90.0,90.0,2.1,1.4,1.7,1.4,1.5,4.0,4.0,4.0,4.0,4.0
211209,0.0,0.0,0.0,0.0,0.0,0.0,0.0,0.0,38.7,110.0,242.6,220.3,278.7,248.8,375.8,83.80000000000001,65.79999999999998,1.2,0.0,0.0,0.0,0.0,0.0,0.0,13.0,9.0,6.0,5.0,5.0,0.0,0.0,0.0,30.0,20.0,0.0,20.0,20.0,75.0,90.0,95.0,95.0,95.0,3.1,1.4,1.1,1.3,1.8,4.0,3.0,1.0,3.0,3.0
211213,0.0,0.0,0.0,0.0,0.0,0.0,0.0,0.0,17.7,165.3,336.50000000000006,492.2,567.6,579.9000000000001,524.4,407.8,183.2,18.4,0.0,0.0,0.0,0.0,0.0,0.0,8.0,5.0,1.0,0.0,0.0,0.0,0.0,0.0,30.0,20.0,0.0,20.0,0.0,60.0,80.0,85.0,90.0,90.0,2.6,1.8,2.0,2.3,1.6,4.0,3.0,1.0,3.0,1.0
211214,0.0,0.0,0.0,0.0,0.0,0.0,0.0,0.0,5.0,58.9,157.8,155.39999999999998,480.19999999999993,554.7,466.5,301.9,147.3,5.800000000000001,0.0,0.0,0.0,0.0,0.0,0.0,14.0,9.0,5.0,4.0,4.0,0.0,0.0,0.0,20.0,20.0,20.0,20.0,30.0,55.0,80.0,90.0,95.0,100.0,2.8,1.5,0.6,1.0,0.9,3.0,3.0,3.0,3.0,4.0
211215,0.0,0.0,0.0,0.0,0.0,0.0,0.0,0.0,1.3,56.8,223.5,256.2,482.6,555.0,229.8,282.8,55.0,8.4,0.0,0.0,0.0,0.0,0.0,0.0,11.0,9.0,6.0,6.0,5.0,0.0,0.0,0.0,30.0,20.0,20.0,30.0,30.0,65.0,90.0,95.0,95.0,80.0,3.0,1.5,1.4,1.3,3.4,4.0,3.0,3.0,4.0,4.0
211216,0.0,0.0,0.0,0.0,0.0,0.0,0.0,0.0,0.0,62.39999999999999,33.0,86.2,167.2,306.90000000000003,177.6,155.9,51.2,3.4000000000000004,0.0,0.0,0.0,0.0,0.0,0.0,0.0,-2.0,-3.0,-5.0,-6.0,0.0,0.0,0.0,60.0,60.0,60.0,30.0,30.0,70.0,65.0,75.0,85.0,75.0,5.6,5.7,4.7,2.9,2.8,4.0,4.0,4.0,4.0,4.0
211217,0.0,0.0,0.0,0.0,0.0,0.0,0.0,0.0,3.6,140.4,147.2,350.7,46.29999999999999,283.3,0.6,0.8,0.0,0.0,0.0,0.0,0.0,0.0,0.0,0.0,1.0,-1.0,-2.0,-2.0,0.0,0.0,0.0,0.0,30.0,60.0,30.0,30.0,30.0,65.0,80.0,90.0,90.0,75.0,0.7,1.5,1.4,1.6,1.6,4.0,4.0,4.0,4.0,4.0
211220,0.0,0.0,0.0,0.0,0.0,0.0,0.0,0.0,6.7,86.10000000000001,177.5,398.6,383.2,448.3999999999999,404.8,249.00000000000009,140.60000000000002,8.4,0.0,0.0,0.0,0.0,0.0,0.0,13.0,8.0,3.0,-1.0,-2.0,0.0,0.0,0.0,0.0,0.0,0.0,0.0,0.0,60.0,75.0,75.0,75.0,75.0,3.0,2.0,2.3,2.5,2.8,1.0,1.0,1.0,1.0,1.0
211221,0.0,0.0,0.0,0.0,0.0,0.0,0.0,0.0,5.999999999999999,101.3,103.5,332.2,425.5,448.30000000000007,374.7,299.6,130.89999999999998,9.6,0.0,0.0,0.0,0.0,0.0,0.0,11.0,5.0,0.0,-2.0,-3.0,0.0,0.0,0.0,0.0,0.0,0.0,0.0,0.0,25.0,50.0,75.0,80.0,80.0,2.7,1.5,1.4,1.4,1.9,1.0,1.0,1.0,1.0,1.0
211227,0.0,0.0,0.0,0.0,0.0,0.0,0.0,0.0,6.799999999999999,161.1,310.4,497.0,538.9,576.1,286.6,57.4,37.5,2.2,0.0,0.0,0.0,0.0,0.0,0.0,8.0,4.0,1.0,0.0,-1.0,0.0,0.0,0.0,30.0,30.0,30.0,30.0,30.0,55.0,75.0,85.0,90.0,95.0,2.6,1.3,1.1,1.4,1.2,4.0,4.0,4.0,4.0,4.0
211228,0.0,0.0,0.0,0.0,0.0,0.0,0.0,0.0,4.2,73.7,133.2,401.9,237.6,208.3,88.69999999999999,63.8,15.0,1.4,0.0,0.0,0.0,0.0,0.0,0.0,8.0,5.0,3.0,1.0,0.0,0.0,0.0,0.0,30.0,30.0,30.0,30.0,30.0,60.0,65.0,75.0,75.0,75.0,4.7,2.0,3.2,2.8,3.0,4.0,4.0,4.0,4.0,4.0
211229,0.0,0.0,0.0,0.0,0.0,0.0,0.0,0.0,4.6,68.2,150.7,445.2,242.1,138.89999999999998,64.0,54.3,176.4,9.6,0.0,0.0,0.0,0.0,0.0,0.0,4.0,2.0,0.0,-2.0,-4.0,0.0,0.0,0.0,60.0,30.0,30.0,60.0,60.0,60.0,70.0,70.0,75.0,75.0,6.5,3.1,3.3,3.7,4.2,4.0,4.0,4.0,4.0,4.0
211230,0.0,0.0,0.0,0.0,0.0,0.0,0.0,0.0,5.3,130.39999999999998,94.2,259.0,529.5000000000001,506.3,547.9,64.60000000000001,10.9,7.399999999999999,0.0,0.0,0.0,0.0,0.0,0.0,0.0,-3.0,-5.0,-6.0,-6.0,0.0,0.0,0.0,20.0,20.0,0.0,20.0,20.0,50.0,65.0,65.0,70.0,70.0,4.7,2.2,2.5,2.4,2.5,3.0,3.0,1.0,3.0,3.0
