,0,1,2,3,4,5,6,7,8,9,10,11,12,13,14,15,16,17,18,19,20,21,22,23
210104,879.6,906.7,902.6,866.6999999999999,821.9,869.8,853.6999999999999,893.9,1064.5,1110.0,1167.3999999999999,1178.8,1100.4,1127.2,1144.9,1109.3,1111.3999999999999,1101.6000000000001,1043.8,1016.0,975.6,979.7,982.6,933.4
210105,925.6,936.7,882.7,894.6,864.2,859.1,853.6999999999999,891.3,958.0,1092.0,1146.2,1178.1999999999998,1160.9,1189.5000000000002,1183.3000000000002,1183.1,1176.0,1150.8000000000002,1105.5,976.7,978.8,989.3,965.6,968.6
210106,941.6,938.5,908.3,922.8,889.1,909.2,890.2,958.8,1094.5,1179.1,1196.3,1207.3000000000002,1174.5,1186.4,1150.6,1128.4,1143.2,1150.4,1040.5,1043.8,1018.8,1017.6,978.0,958.3
210107,959.1,993.6,928.9,974.8,1028.6,985.0,971.7,1021.1,1077.4,1266.2,1377.2,1320.0,1329.8,1351.7,1351.0,1352.1999999999998,1358.4,1349.5,1279.1,1213.7,1264.2,1229.0,1223.8,1205.3
210108,1190.3,1182.8000000000002,1160.8,1122.6,1099.7,1116.8,1140.9,1152.3,1314.6,1387.3000000000002,1455.1000000000001,1433.0,1357.0,1370.8999999999999,1343.1,1316.1000000000001,1318.6000000000001,1346.1999999999998,1326.0,1207.8000000000002,1231.6,1258.3,1264.5,1202.8
210111,1071.3,1016.5,1006.8,990.2,1030.1,1014.6,1000.6,1076.4,1124.1999999999998,1287.0,1352.9,1327.4,1300.0,1257.4,1263.8,1280.8,1255.3999999999999,1257.7,1208.6999999999998,1144.6,1192.8,1164.9,1137.9,1139.0
210112,1103.9,1081.5,1096.5,1079.5,1086.8,1104.5,1103.5,1127.4,1216.1,1298.2,1319.7999999999997,1242.1000000000001,1215.8,1241.8999999999999,1159.6000000000001,1208.1000000000001,1173.0,1211.8000000000002,1166.4,1115.3,1106.4,1068.2,1115.4,1124.7
210113,1055.1,1057.3,1026.0,1018.3,1027.7,1050.4,1017.1,1067.4,1074.0,1154.3,1189.6,1136.6999999999998,1128.5,1109.9,1082.3,1028.6,1058.0,1069.6,1048.9,964.3,1009.2,958.1,995.7,971.6
210114,937.3,952.6,954.1,942.8,932.4,980.0,950.7,999.0,1050.5,1193.8999999999999,1168.6999999999998,1138.9,1099.3000000000002,1016.5,983.9,977.0,956.9,964.4,935.0,923.3,933.5,972.0,933.4,930.2
210115,893.0,889.9,920.0,891.7,877.7,878.3,886.6,883.3000000000001,971.0,1085.7,1084.4,984.5,983.8,943.8,946.9,917.5999999999999,923.9,880.8,881.3000000000001,863.3000000000001,858.3000000000001,832.6,861.5,849.4
210119,935.0,914.5,897.1999999999999,932.0,956.3,946.1,925.8,932.0,1061.7,1142.9,1165.1,1143.1,1111.0,1102.4,1068.8999999999999,1067.3000000000002,1050.7,1055.8000000000002,1034.0,992.2,1057.5,1029.6,1007.3,1007.8
210120,959.1,949.1,928.9,967.7,1002.9,921.4,948.7,977.3,1022.8,1106.6,1124.1,1076.2,1040.7,997.4,994.8000000000001,962.3000000000001,957.1,996.0,1004.6,946.7,928.9,916.3,923.3,923.8
210121,872.0,864.1,841.8000000000001,828.1,809.4000000000001,855.6999999999999,846.9,844.8,941.4000000000001,1025.3999999999999,1004.4,984.6,969.0,968.1999999999999,977.1999999999999,962.3,958.4,964.5,938.8,886.3000000000001,873.1,873.1999999999999,849.2,797.6
210122,838.6,802.5,764.1,769.8,787.8,760.4,770.8000000000001,786.6,855.8000000000001,913.6,916.9,901.8,930.2,924.6,927.2,947.1,941.9,918.6999999999999,901.6,861.7,859.3000000000001,826.1,814.0,805.8
210125,795.3,801.9,741.1,740.6,760.8,777.9000000000001,774.5,803.4000000000001,888.6999999999999,941.6,964.0,945.6,885.5,871.0,870.4,868.9000000000001,856.6,842.6,801.8,788.0,782.6,831.8000000000001,808.5,819.0
210126,759.0,745.0,748.4,712.3,701.5,726.2,754.2,785.6,857.1999999999999,920.4,961.7,985.0999999999999,965.0999999999999,967.3000000000001,979.6999999999999,946.8,936.5,932.7,884.5,837.0,843.6999999999999,856.6,838.5,815.3
210127,812.1,802.6,806.0,822.9,777.8000000000001,772.1999999999999,784.3000000000001,775.5,890.5,954.5,981.1,976.8000000000001,917.8,903.8000000000001,914.7,946.5,936.4,958.4000000000001,932.0,904.8,930.0,903.2,899.6,863.6999999999999
210129,920.5,965.9,898.3000000000001,923.7,913.0,939.1,933.1,933.9,1010.3,1081.7,1140.2,1089.8,1090.8,1111.1,1049.8,1073.1,1024.7,1030.9,987.9,967.9,939.9,939.0,958.8,949.0
210202,840.9,839.6999999999999,836.6,831.0,845.5,805.3000000000001,863.7,847.8,926.1999999999999,1079.6,1093.5,1057.1000000000001,1051.0,1020.3,1025.4,1059.0,1047.2,1017.8000000000001,996.5,993.4,977.7,947.5,946.8,905.0
210203,912.3,881.9000000000001,870.2,849.2,849.6,832.6,840.9,941.6,1044.6,1083.1000000000001,1078.1999999999998,1092.2,1023.5,981.4,966.0999999999999,986.8000000000001,969.1,998.8,971.3,931.8,910.9,933.8,887.9,855.5
210204,835.3000000000001,852.4,816.7,790.3000000000001,790.8000000000001,824.5,789.3,845.6,956.3,1061.5,1088.1,1023.9,1036.3,1028.7,1054.4,1001.3,993.6999999999999,1021.2,961.6,939.4,953.8,948.1,905.5,938.2
210205,885.3000000000001,932.6,875.9,915.9,869.8000000000001,844.6,881.4000000000001,873.3,930.8,1013.0,1083.0,1071.1,991.9,982.8,997.3000000000001,950.0,927.6,945.2,875.7,846.1999999999999,871.8,861.5,826.8,822.9
210208,825.1,822.7,788.8,792.4000000000001,822.4,766.6,808.3,784.1,887.9,960.6,1009.5,996.9,1017.5,1038.4,989.5,983.3,992.4,1004.9,980.8000000000001,934.0,913.0,891.0999999999999,884.6999999999999,873.0999999999999
210209,852.1,834.6,811.8000000000001,796.2,786.9,815.4000000000001,816.7,796.9,955.6,1054.1,1057.6,1002.9000000000001,974.5,976.4,978.4000000000001,944.7,941.3,918.8000000000001,902.6,890.7,907.2,937.6,870.5999999999999,848.0
210210,886.1,852.0,835.1,839.8000000000001,860.3,841.0,840.2,842.4000000000001,926.1,952.4,996.6999999999999,977.1999999999999,924.4999999999999,922.9000000000001,914.6,884.7,910.1,891.5999999999999,834.2,823.2,802.2,780.6,814.6999999999999,759.2
210215,705.3,699.1,684.8000000000001,684.6,707.2,685.2,701.3,690.4000000000001,807.7,917.3000000000001,943.3000000000001,942.6,969.7,982.9,994.9000000000001,991.1,1014.1,1003.2,958.1,939.5,924.3,852.1,885.2,826.0
210216,834.9000000000001,790.1,806.2,783.8,771.5,782.6,813.1999999999999,822.3,914.0999999999999,1026.8,1049.1,1029.1,1019.6,1015.6,996.0,1005.4000000000001,989.9,995.4000000000001,948.3000000000001,923.2,920.0,902.9,887.7,871.3
210217,856.2,853.9,823.0,840.9,826.0999999999999,819.4,845.3000000000001,932.9,910.9,1062.5,1088.6000000000001,1110.3999999999999,1096.0,1108.3,1139.6000000000001,1142.3,1147.1000000000001,1157.1000000000001,1099.3999999999999,1051.0,1037.4,984.1,964.2,976.5
210218,960.6,904.2,901.5,882.7,876.8000000000001,899.1,879.2,871.7,989.7,1083.7,1098.6000000000001,1099.2,1022.9,1094.7,1078.3000000000002,1163.1000000000001,1133.8999999999999,1098.5,1032.9,1000.7,982.5,974.9,965.5,948.0
210219,905.5,885.4,894.4,861.3,876.3,902.2,890.7,926.0,995.9,1060.8,1072.8000000000002,1052.5,1016.2,1001.1,973.4,964.0,943.9,928.6,836.6,837.2,832.5,830.9000000000001,822.9,801.8
210222,698.6,661.0,687.4,657.6,664.5,652.9,699.0,742.5,813.6,860.7,848.3,813.5,790.2,797.9,803.9,804.8,817.1000000000001,821.0,801.0999999999999,793.4,812.3,828.0,828.7,797.9
210223,785.1,816.2,816.6,750.1,811.7,767.9,800.8,832.7,851.3,942.5,986.9,987.0999999999999,932.0,971.7,950.3,917.1,948.4,921.9,875.8,841.3000000000001,825.8000000000001,825.5,809.2,787.2
210224,803.8000000000001,768.5,826.9,797.8000000000001,803.3,808.2,801.2,836.6,925.4000000000001,967.0,1009.3,986.7,1000.0,957.7,951.5,962.5,936.9000000000001,972.4,907.4000000000001,884.4000000000001,918.3,864.6,848.4,824.8
210225,873.4,814.9,802.7,830.8,805.6999999999999,796.9,803.9000000000001,794.4,882.8000000000001,975.5,1017.6,991.9,997.2,967.6999999999999,998.5999999999999,984.4000000000001,963.8,930.0,894.5,856.4,819.8,827.5,799.8000000000001,782.9
210226,761.6,746.6,718.6,753.0,726.8,741.1,739.4,730.0,808.5,902.5999999999999,908.6,872.6,891.9999999999999,878.0000000000001,899.5,878.2,860.3000000000001,829.3,792.7,773.8000000000001,746.7,779.4,774.6,725.9
210301,700.9,677.6,643.0,691.4,648.9,628.9,599.4,632.6,634.6999999999999,649.6999999999999,679.9,678.4,683.4,707.4,702.8000000000001,693.4,715.4,749.4000000000001,738.3,730.5,747.8,765.0,751.3,738.5
210302,719.9,701.5,701.6,698.5,685.0,666.4,722.6,706.9,867.0,942.0,930.8,953.3,917.4999999999999,884.6,943.2,891.6,867.1,881.8000000000001,868.2,853.0999999999999,848.0,857.5,816.9,829.4
210303,771.0,801.9,791.9,794.5,765.2,777.1,812.0,865.9,888.6,1012.3,974.9,955.3000000000001,949.3000000000001,915.7,891.7,899.5,836.9999999999999,858.1000000000001,823.9999999999999,785.0,765.0,777.3000000000001,765.8000000000001,734.3
210304,730.8000000000001,704.0999999999999,693.7,712.0,685.4,695.0,689.3,725.5,831.6,939.5,909.9000000000001,945.3000000000001,943.9,911.0,906.7,941.1,895.9000000000001,900.3000000000001,833.2,798.9,819.8,795.1,809.8,797.6
210305,779.1,729.0,726.8,738.3000000000001,749.4,715.0,754.7,761.8,828.4,882.9000000000001,874.8,878.1,839.0,796.3,794.4000000000001,795.7,774.5,772.9999999999999,726.5,699.0,698.3,700.1999999999999,669.8,694.6
210308,671.4000000000001,683.1999999999999,646.5999999999999,650.9,672.6,645.9,663.6,674.9,778.2,862.5,854.6,864.6999999999999,823.7,817.9,833.6,811.0,799.4,783.5,749.3,763.9,731.6,778.1,715.0,706.1
210309,678.1999999999999,664.0,666.5,672.5,657.1,659.5,678.2,715.6,800.1,883.8,838.9000000000001,817.5,791.9000000000001,804.6,803.0,789.9000000000001,782.6,798.3,776.8,759.5,738.0,727.8,740.0999999999999,716.0
210310,718.1,690.6999999999999,674.2,663.8,698.3000000000001,680.4,682.8000000000001,709.8000000000001,789.4,873.5,853.7,820.0,777.6,767.9000000000001,790.7,818.8000000000001,745.8,731.1999999999999,714.8000000000001,700.6,658.3,669.4,685.1,684.9
210311,670.7,663.5,659.4,682.9,645.8,622.8000000000001,663.6999999999999,653.5,748.1,807.5,809.6999999999999,807.4,759.6,766.0,746.9,767.3,740.5,736.3000000000001,701.3,669.5999999999999,643.1,657.0,661.9,636.6999999999999
210312,622.9000000000001,641.0999999999999,664.6,626.5,619.5,601.1999999999999,641.1,624.5,720.9999999999999,778.8000000000001,797.3,805.0,817.1999999999999,790.1,817.5,802.5,795.3,787.2,716.8,667.7,689.1,687.3000000000001,676.0,660.1999999999999
210315,658.5,632.3,624.3000000000001,616.7,618.5,608.3,635.9,669.6999999999999,759.4,814.9,815.6999999999999,792.6,774.8,793.3,758.0,781.5,760.0000000000001,740.1,725.0000000000001,654.3,667.0,646.9000000000001,644.4,611.3
210316,613.1,618.8,625.4,590.6,617.9000000000001,588.9,600.8000000000001,636.4,709.4,763.4999999999999,792.9,780.9,763.0,759.5000000000001,745.5999999999999,745.8,770.2,735.3999999999999,722.0,685.8000000000001,720.3,726.0,710.1,700.6999999999999
210317,703.0,699.6999999999999,663.1,685.9,655.0,681.2,652.9,697.8,753.1,879.1999999999999,837.5999999999999,859.1,775.6999999999999,814.7,768.0,810.4000000000001,788.2,756.1,740.3999999999999,676.3,712.3,702.7,698.2,699.7
210318,682.5999999999999,651.9000000000001,642.0,627.6999999999999,649.9000000000001,616.5,666.0,711.0,729.8000000000001,797.1,806.9,778.3000000000001,744.1999999999999,752.5,786.4,801.0,756.0,722.2,700.1999999999999,692.7,698.5,723.6,718.5999999999999,651.6999999999999
210319,678.6,676.5999999999999,644.4,632.9000000000001,635.6,622.5,600.7,637.7,710.3000000000001,751.9,745.3,763.6,716.5999999999999,700.0999999999999,726.0999999999999,749.0,736.9,737.2,695.3,664.2,646.6,645.4000000000001,600.9,595.3
210322,719.0,678.8,645.1,661.4,638.3000000000001,646.6999999999999,651.8000000000001,663.1999999999999,797.1,844.5000000000001,928.1999999999999,935.2,857.7,871.8,866.7,841.2,825.8000000000001,847.8,784.7,779.1,763.8000000000001,726.1,718.0,718.1
210323,658.4,653.7,634.1,624.8,633.8,631.8,670.3,658.5,776.9,807.1999999999999,858.6999999999999,835.5,815.5,799.4000000000001,818.1,809.9000000000001,789.8000000000001,784.9000000000001,729.6,706.3000000000001,732.7,738.4,682.0,684.8
210324,693.8,657.9,659.7,666.3000000000001,677.1,673.7,684.4,666.0999999999999,764.1,818.9,844.6999999999999,823.7,766.4,818.6999999999999,790.7,808.6,769.7,765.3000000000001,722.1000000000001,695.1,695.3000000000001,706.1999999999999,664.2,658.0
210325,677.1999999999999,662.6,625.5,618.2,590.3,646.0,640.9,685.7,695.8,783.3000000000001,796.4,790.6999999999999,764.5,748.7,747.5,781.0,741.8999999999999,732.5,711.2,648.1999999999999,671.1,678.8,637.9,642.6999999999999
210326,656.5,631.1999999999999,630.5,611.5999999999999,625.5,620.9,636.3,627.1,695.0,741.9,775.1000000000001,775.6999999999999,744.3999999999999,729.4000000000001,752.3000000000001,720.6999999999999,686.6999999999999,674.3,643.8,650.5,618.5999999999999,637.3,592.0,596.3000000000001
210329,622.0,651.5999999999999,635.9,641.1999999999999,629.0,617.1,640.5,630.4,698.7,718.3,778.0,780.8,719.8000000000001,750.8000000000001,765.1000000000001,725.0,731.8,760.0,664.4000000000001,673.1,636.8,637.6,627.4,633.8
210330,628.8,623.3,607.7,569.6,601.4,613.7,638.9,640.9000000000001,711.4,730.1,746.1,772.5999999999999,763.4,743.0000000000001,763.8,764.3,713.3,727.5999999999999,716.7,684.5,680.2,655.7,652.1,646.9
210401,590.5,577.8,591.0,585.3,593.0,581.0999999999999,601.9,583.2,640.5,715.9000000000001,747.9,728.5000000000001,745.7,751.5,805.9,770.5,743.9,727.3,693.4,644.5,687.0,663.2,636.8000000000001,635.0999999999999
210402,615.7,590.5,576.5,587.5,566.6,598.3,578.8,595.2,635.8000000000001,688.9,730.9,748.7,713.4,740.4,776.4,742.0999999999999,732.4000000000001,714.0,662.7,645.7,615.4,616.1,650.2,588.1
210405,635.0999999999999,616.7,646.6,639.6,642.6,600.9,610.1999999999999,615.1,678.6,736.0,790.6999999999999,755.8,750.6999999999999,759.5,779.5999999999999,785.1,775.3000000000001,769.4,706.9000000000001,659.2,690.3000000000001,696.2,668.3000000000001,661.7
210406,668.3,625.1999999999999,604.8000000000001,609.6,622.5,641.2,624.6999999999999,651.1,700.8,723.9,747.8,769.5,764.3000000000001,729.1,789.1,779.3000000000001,760.9999999999999,732.3,686.0999999999999,688.3,667.0,622.6,638.6,628.8
210407,676.5,654.4,588.5,592.9,588.9,599.6999999999999,618.0999999999999,600.6999999999999,662.0000000000001,700.9999999999999,758.1999999999999,738.0000000000001,726.9,752.0999999999999,780.9999999999999,776.4000000000001,767.2,711.6999999999999,744.9,645.1,655.5,644.7,628.5,682.3
210408,598.1,576.7,573.0,546.9,594.8000000000001,593.9,562.5,594.4,660.0,700.5,738.5,732.1000000000001,718.4000000000001,731.4999999999999,740.7,739.5,767.0999999999999,733.7,671.3,668.9,654.8,679.8,653.1,652.6
210409,630.8,642.1,620.6,617.9,639.9,592.8,618.4,624.2,691.0,770.8000000000001,740.7,763.7,750.0999999999999,736.2,756.8,783.3,740.5,699.6999999999999,682.3,628.4,652.4,619.3,593.0,583.6
210412,593.4,581.4,569.3,556.4,546.7,575.6,586.1,556.4000000000001,626.2,688.6,746.8,716.1,710.1,740.8000000000001,785.9000000000001,787.7,768.5,769.2,741.1,699.3,700.0,693.3,672.3000000000001,654.6
210413,655.5,637.6999999999999,648.2,637.8000000000001,615.6,631.1,596.3,627.8000000000001,661.5,739.8,752.6,776.8,771.3000000000001,784.2,755.9000000000001,811.9,765.8,749.9,710.3,683.5000000000001,679.0,678.4000000000001,672.2,633.1999999999999
210414,654.8,651.4,656.9000000000001,635.6,660.1999999999999,615.7,638.0999999999999,609.3,698.8,745.2,794.2,769.9000000000001,761.1,773.0,767.5999999999999,732.8,764.8,739.3,701.0,652.1,677.1,658.9,642.5,648.1
210415,638.2,620.9,641.2,653.9,638.3,609.9000000000001,640.5,622.0,681.1,750.7,781.0,777.0,751.4000000000001,797.3999999999999,775.4999999999999,738.8,755.6000000000001,750.4,695.3,665.5,668.8,672.2,674.2,663.5
210416,644.5,622.9,590.8,641.3,603.2,621.6,592.4,638.0,666.8,739.2,730.2,762.1,705.7,764.3000000000001,710.3,694.5999999999999,733.8,705.3,658.1,661.9,637.1,616.3,628.9,597.4
210419,643.8,631.2,630.2,587.3,624.2,617.6,651.6999999999999,643.0999999999999,658.4,712.8,758.0999999999999,758.7,748.9000000000001,801.6,807.1999999999999,785.4,744.8,738.3,707.9000000000001,690.9,666.1,675.0999999999999,682.6,670.3000000000001
210420,633.0999999999999,618.9,626.0,614.1,588.2,589.2,620.1,626.2,659.9,702.3000000000001,678.6,686.5,663.5999999999999,699.1,657.7,676.6,649.5,651.8000000000001,639.8,589.0,598.3,604.3,590.6,579.8000000000001
210421,599.6999999999999,574.8,585.3000000000001,574.0,586.6,574.5,585.6,587.4,629.3,722.8,734.2,716.3000000000001,758.1,739.5,754.8000000000001,739.8,738.6,740.8,681.6,672.6,661.1999999999999,658.7,650.7,643.2
210422,602.5,586.9,583.4,578.9,568.1,575.1,605.5,586.5,650.6,720.8,764.0999999999999,778.1999999999999,724.4,746.6,730.6999999999999,742.6,735.8,725.4,675.0,656.1,677.4000000000001,680.2,646.2,624.1
210423,632.3,605.4,598.3,580.6,570.0,589.0,585.1,562.6,621.7,688.3000000000001,695.6,770.7,754.1999999999999,757.6000000000001,773.4999999999999,818.9000000000001,767.7,792.8000000000001,701.4,667.5000000000001,655.8,658.8,642.5,612.6
210426,575.4,580.8000000000001,563.8,580.2,569.8,551.8,551.8000000000001,573.7,623.8,701.0,734.5,762.3,739.5000000000001,738.4,783.8,825.9,815.4000000000001,775.3,750.9,713.8000000000001,698.0,700.4,696.7,690.8000000000001
210427,656.6999999999999,643.4,607.8,605.3000000000001,570.3,576.0,584.9,618.5,685.4,757.3000000000001,759.5,790.5,772.6000000000001,820.8,793.5000000000001,821.7,812.0999999999999,773.4,743.1999999999999,732.1,692.9,708.8,702.9000000000001,647.4
210428,623.8,636.7,599.5,596.6,608.0,601.5,611.9000000000001,650.3999999999999,706.4,789.4,827.6999999999999,844.7,789.6000000000001,810.5000000000001,830.3,852.0999999999999,807.7,782.8,741.3000000000001,719.7,718.6,701.9,694.5,683.4
210429,658.3,642.8,616.3000000000001,609.8,617.3,605.7,632.9,610.0,654.7,774.4,813.3000000000001,818.5,791.9,827.7,852.5000000000001,847.8000000000001,846.6,858.3000000000001,794.4,739.6,745.3,748.9,693.2,673.6
210503,614.5,603.7,558.0,650.0999999999999,572.9,584.0,560.6,602.7,675.4,786.7,795.2,814.4,802.7,856.9,873.9000000000001,862.5,855.6999999999999,820.9,770.9,714.3000000000001,742.7,681.5999999999999,685.9000000000001,667.2
210504,670.5,654.2,629.6999999999999,612.8,617.8000000000001,646.2,623.4,669.9,747.2,819.2,826.6,869.6999999999999,892.8999999999999,863.3,887.3000000000001,862.5,858.6,850.1,831.1999999999999,755.5,762.7,720.9,692.3,689.7
210506,651.3000000000001,590.9,584.8000000000001,578.2,560.2,570.2,584.9,607.8,663.0,735.2,808.6,819.8,864.5,877.1999999999999,893.8,844.1999999999999,847.5,818.4,773.5,726.8000000000001,725.1999999999999,709.0999999999999,696.4,685.5999999999999
210507,679.7,649.9,634.9,626.4,653.2,615.7,639.4,657.0000000000001,683.7,795.0999999999999,818.4000000000001,762.7,800.4999999999999,821.1999999999999,817.3,787.3,782.5,759.2,718.8,713.3,719.4,679.7,688.6999999999999,667.5
210510,633.0,640.4,655.1,610.9,599.8,600.8,593.1,619.4,740.0,773.6,772.6,783.6999999999999,796.4,883.3,834.5,850.7,845.5999999999999,831.8,790.2,747.3000000000001,746.8000000000001,748.8,720.9,708.4
210511,707.5,682.6999999999999,672.3,641.1999999999999,633.3,656.0,626.9000000000001,666.4000000000001,748.5,799.5000000000001,873.3999999999999,894.5,855.2,930.5,920.1999999999999,945.5,887.5,867.7,853.4,800.8000000000001,814.2,807.5,795.0999999999999,742.9000000000001
210512,727.3000000000001,737.1999999999999,737.1,701.6999999999999,663.9,649.6,666.7,675.1000000000001,738.4,812.3999999999999,905.2,912.1,914.0,978.6,1004.9,1043.2,998.6,1008.1999999999999,939.5,917.5,869.9,888.6,863.4,799.5
210513,795.3,786.1,759.9,715.1,714.4000000000001,691.0,690.2,734.4000000000001,786.4000000000001,892.6999999999999,938.6,995.8000000000001,998.4,1072.3,1031.5,1160.3999999999999,1127.9,1062.0,984.1,891.6,871.1999999999999,873.6,831.9,819.4000000000001
210514,787.4,772.5,748.1,713.6,709.4,709.4,717.0,756.5,842.4000000000001,941.9,1032.0,1060.0,1036.9,1062.5,1082.2,1082.5,1011.0999999999999,942.1999999999999,871.1999999999999,757.9,741.7,711.5,670.0,649.4
210517,588.1999999999999,570.5,563.0,549.8,537.7,537.3,548.8,539.6,621.8,745.9,824.3000000000001,837.8,834.1,846.2,862.2,870.4,892.3,884.9999999999999,834.4,827.0999999999999,777.8000000000001,781.5999999999999,752.5,739.5
210518,723.5,674.3000000000001,669.0,637.3,642.1,636.4,660.1,639.3000000000001,695.5,798.3000000000001,847.1999999999999,894.8000000000001,855.8,946.5,939.0,944.1999999999999,959.1,920.6999999999999,891.4000000000001,775.1999999999999,751.3,765.3000000000001,746.0,727.3
210519,724.4,684.6,691.6999999999999,671.8000000000001,658.4,637.0,650.3000000000001,630.2,682.4999999999999,704.3,764.1,758.6,798.2,835.1,866.5,846.5999999999999,837.8,822.3000000000001,807.2,777.5000000000001,767.6,784.3,744.8,750.0
210520,718.0,708.1,712.0999999999999,710.6,659.6999999999999,684.6,673.7,698.0,717.6,798.6,817.3,817.9,817.3,845.3,857.6,891.2,899.8000000000001,855.8,821.7,785.4,762.4,760.4,778.5,720.2
210521,707.4,668.3000000000001,660.9,656.7,621.7,639.3,660.7,638.5999999999999,680.5,766.7,825.9,805.8,845.7,849.9,906.1,898.8,914.1,868.1999999999999,826.3,772.0999999999999,745.5,730.5,725.4,687.1
210524,740.9,700.0999999999999,684.2,671.5,682.3,654.0,683.1999999999999,674.2,742.6999999999999,850.2,910.5,933.6999999999999,938.0999999999999,934.8,1042.1,1039.2,1006.8,941.8,867.3,824.7,834.9,816.1999999999999,789.4,773.3
210525,760.9,775.1999999999999,712.8,684.5,665.5,662.8,671.9,655.3,748.4,812.8000000000001,873.3000000000001,897.9000000000001,889.1,938.4000000000001,964.1999999999999,958.8000000000001,937.8,929.4000000000001,885.6,823.9,784.1999999999999,802.7,787.3000000000001,773.6
210526,731.1,708.8000000000001,682.1999999999999,664.0,653.0,658.1,661.6,669.6,756.6999999999999,821.5999999999999,903.6,913.1,936.5,921.6999999999999,964.8000000000001,942.6,972.6,899.3,886.6999999999999,816.8000000000001,811.1,801.0,781.9,782.1
210527,733.1,718.1999999999999,711.9,691.1,689.8000000000001,672.1,696.4000000000001,695.1999999999999,748.6999999999999,805.4000000000001,854.4,847.9000000000001,867.3,921.8,948.5999999999999,955.1,939.1999999999999,933.6,919.4,835.6,814.8,811.1,807.3000000000001,767.1
210528,729.5999999999999,707.4,693.5,688.1,670.0,652.2,636.9000000000001,684.3000000000001,784.0999999999999,855.5,922.4,910.3000000000001,876.8,881.4,954.6,982.3,929.4,903.9,827.3999999999999,760.1,731.0,739.1,702.5,708.5
210601,823.9,793.9,787.2,780.8,727.2,737.9,723.8000000000001,777.8,890.1999999999999,933.3,989.1,1003.2,1049.3,1064.8,1079.8000000000002,1051.5,1077.3000000000002,1064.2,985.8000000000001,916.0,893.1,886.1,878.0999999999999,858.5999999999999
210602,829.1,773.5,762.3,761.0,746.4000000000001,735.7,747.5,756.0999999999999,865.9999999999999,971.4,1012.2,1027.3,1057.8999999999999,1070.7,1069.0,1106.9,1077.8000000000002,1056.6,977.9,916.8,939.1,885.6,880.9,846.5
210603,834.4,810.5,790.1,790.3,754.0,759.9,791.4,806.5,811.4,957.6,972.9000000000001,974.1,970.9,1011.0,1025.3,1030.0,1040.8000000000002,1014.0,972.0,920.6,939.2,890.2,874.0,867.6999999999999
210604,823.8000000000001,797.0,788.9,772.1999999999999,739.4000000000001,757.1999999999999,728.4,770.6999999999999,842.8,927.6,941.8000000000001,1001.0,981.6999999999999,1047.9,1046.9,1048.6,1030.0,985.1,942.1999999999999,844.3,854.1,850.1,794.6999999999999,784.9000000000001
210607,774.4,734.5999999999999,733.5,742.9,699.8000000000001,685.9,693.9000000000001,704.0,828.6999999999999,952.4,1008.1999999999999,991.5999999999999,1003.8,1062.1,1097.6,1068.9,1087.9,1069.4,1004.7,972.5,976.2,940.4,921.2,871.1
210608,841.2,814.9,775.0,758.3,765.6999999999999,763.1,777.7,797.1,916.8000000000001,1009.5,1046.9,1085.5,1088.5,1171.1,1180.5,1206.0,1154.5,1149.0,1109.4,1031.3,1005.1,984.3,956.5,929.7
210609,884.2,834.3000000000001,807.8,822.7,800.8,762.0,785.8,797.1,917.8,1035.2,1074.8,1083.9,1175.5,1176.5,1230.8000000000002,1219.8999999999999,1209.0,1144.9,1084.6,1007.7,1010.6,982.2,962.1,923.4
210610,886.6,881.5,840.9000000000001,804.8,756.4000000000001,775.5,781.5000000000001,820.6999999999999,946.7,1054.3000000000002,1059.0,1088.4,1075.8,1140.4,1150.9,1102.7,1077.1999999999998,1079.0,996.1,982.6,951.1,916.6,911.9,848.5
210611,804.3,768.9,751.8000000000001,758.1999999999999,774.6999999999999,740.6999999999999,756.1,784.7,878.1,995.6,1102.1,1088.5,1083.0,1128.8,1147.0,1148.6000000000001,1135.9,1104.0,1052.3000000000002,989.5,954.8,951.5,887.2,889.8
210622,848.5,809.5,760.8,764.4000000000001,735.5,757.7,780.2,819.5,969.0,1062.2,1081.5,1123.7,1137.2,1143.3000000000002,1241.4,1219.8,1195.5,1143.1000000000001,1072.1000000000001,997.4,977.5,992.5,945.9,893.6999999999999
210623,875.6999999999999,830.4,815.8000000000001,803.6,783.5,778.0,799.5000000000001,806.7,932.0,1020.0,1141.0,1141.0,1147.3999999999999,1159.6999999999998,1131.4,1122.8,1139.8,1110.1,1103.8000000000002,979.1,978.6,933.0,913.7,887.0
210624,859.9000000000001,846.6,824.9,807.0,826.8,796.5,795.6,844.6999999999999,919.1,1053.3,1121.0,1119.5,1121.9,1112.5,1166.2,1148.4,1128.4,1092.2,1032.3,986.8,958.8,956.9,941.3,892.4
210625,869.9,825.5,808.3000000000001,786.6999999999999,760.1,769.4,784.5,791.3,967.3000000000001,1104.2,1194.5,1204.6999999999998,1161.6000000000001,1145.7,1206.5,1188.8000000000002,1153.7,1095.2,1047.0,977.0,937.5,896.3000000000001,869.6,853.6999999999999
210628,883.4,910.3,820.9,845.2,804.1,804.4,830.1,825.6,1074.0,1142.7,1237.3,1281.7,1264.2000000000003,1319.0,1329.1000000000001,1305.8999999999999,1206.6,1172.8999999999999,1108.1999999999998,1058.1000000000001,1019.8,991.0,977.8,963.0
210629,895.9,878.6,867.5,895.1,812.3,829.1,816.6999999999999,840.4999999999999,1016.6999999999999,1124.0,1161.7,1165.1,1212.8,1233.0,1306.2,1264.8,1339.0,1234.1,1145.4,1080.7,1043.2,1001.2,988.2,971.4
210701,950.3,932.3,955.0,910.8,890.9,873.5999999999999,859.9999999999999,898.4999999999999,1115.1000000000001,1244.1,1259.1,1286.5,1299.8999999999999,1307.5,1300.3999999999999,1331.5,1305.6,1336.3000000000002,1245.1,1110.5,1102.9,1057.0,1033.3,1024.4
210702,1009.5,951.5,941.1,918.8,888.3,899.0,926.7,984.0,1072.8,1166.1999999999998,1226.4,1262.3,1267.3,1255.6,1275.7,1340.1,1294.8999999999999,1272.9,1166.0,1109.1,1050.8,1034.1,989.9,992.1
210705,903.7,897.9,874.3,865.1,876.9,847.7,856.8000000000001,893.5,1045.6000000000001,1172.7,1160.3,1164.8999999999999,1141.3000000000002,1133.7,1139.7,1188.3999999999999,1151.5,1105.6,999.0,974.9,977.3,991.0,948.7,976.3
210706,926.9,916.2,879.8,884.1,873.1,867.0,867.5,879.9000000000001,992.4,1088.5,1123.8,1178.6999999999998,1192.1999999999998,1158.3,1203.6,1196.6,1211.0000000000002,1216.3000000000002,1077.6,1085.8,1079.0,1062.4,1044.8,998.7
210707,993.0,942.9,923.7,920.3,928.4,919.4,939.9,951.6,1106.8,1207.8,1276.9,1318.3000000000002,1305.4,1288.2,1355.1,1348.3,1325.5,1269.5,1205.6000000000001,1129.6,1089.4,1120.1,1075.9,1071.4
210708,1055.2,989.2,976.7,973.1,944.3,928.4,888.4000000000001,922.5,1036.1,1124.2,1122.6,1259.1000000000001,1223.8,1213.6,1289.0,1247.8,1238.6999999999998,1222.1,1143.5,1061.6000000000001,1057.2,1027.8,1043.0,1019.6
210709,1009.9,951.7,913.0,899.1999999999999,872.0999999999999,869.0999999999999,886.7,890.5,1061.6000000000001,1157.3,1195.0,1189.8999999999999,1219.8,1269.7,1285.2,1305.6999999999998,1275.4,1244.5,1118.8,1041.0,1009.9,961.2,967.1,964.1
210712,972.2,953.9,922.3,918.6,892.2,884.9,913.2,928.8,1111.6999999999998,1244.3,1289.1,1317.9,1328.4,1396.0,1392.9,1403.3,1373.9,1381.6000000000001,1310.3,1199.5000000000002,1221.8,1183.4,1136.8,1113.2
210713,1048.5,1050.1,1003.7,992.8,971.7,960.8,993.1,1031.5,1173.3,1272.9,1301.0,1358.5,1396.6,1336.4,1391.3,1418.0,1396.2,1311.8000000000002,1283.1,1173.2,1164.1999999999998,1137.6,1071.9,1101.5
210714,1020.3,985.5,1003.1,1000.1,971.7,953.5,959.5,985.6,1221.8999999999999,1315.8,1337.8,1352.5,1322.3,1359.5,1401.5,1436.1000000000001,1403.5,1348.7,1234.8000000000002,1159.5,1163.5,1144.8000000000002,1139.8,1063.5
210715,1062.1,988.5,956.4,943.3,946.0,942.0,1005.5,994.3,1132.1999999999998,1308.0,1350.1000000000001,1344.1,1329.6000000000001,1404.7,1438.3000000000002,1386.8000000000002,1394.8,1291.5,1208.5,1144.6999999999998,1143.9,1122.8,1095.4,1071.0
210716,1017.1,974.7,996.6,969.1,950.2,937.4,963.0,978.2,1184.1999999999998,1276.2,1329.3,1340.3999999999999,1305.0,1317.8,1415.2,1337.9999999999998,1305.3999999999999,1260.8000000000002,1152.6999999999998,1081.0,1038.2,1028.4,1008.7,997.7
210719,953.0,981.1,946.1,938.1,914.9,893.5,916.7,1009.5,1097.0,1240.0,1309.3,1358.6000000000001,1319.3,1377.2,1437.7,1404.6000000000001,1406.1,1376.4,1255.4,1154.5,1163.1999999999998,1088.3,1042.8,1024.9
210720,1019.8,1000.2,992.7,976.1,961.9,941.4,979.8000000000001,1008.2,1226.7,1305.7999999999997,1348.7,1355.2,1341.5,1438.3,1456.5,1469.7000000000003,1380.5,1351.5,1326.2,1197.1000000000001,1199.1,1173.7,1100.7,1136.6
210721,1050.3,1001.7,988.1,957.5,945.3,911.1,936.4,975.8,1157.8,1290.6000000000001,1383.0,1398.5,1393.8999999999999,1411.0,1467.1000000000001,1533.1000000000001,1482.9,1405.2,1313.2,1214.0,1142.9,1143.2,1118.0,1083.5
210722,1062.5,1069.2,980.6,1026.2,984.1,939.7,951.0,1052.6,1174.1,1299.8000000000002,1377.2,1406.3000000000002,1403.3,1412.5,1456.3,1518.9,1427.7,1415.1,1331.6,1250.4,1207.2,1185.0,1153.2,1100.3
210723,1033.4,1051.1,1012.7,1004.7,979.6,954.3,968.3000000000001,973.3000000000001,1183.4999999999998,1332.1,1377.4,1450.3000000000002,1407.1999999999998,1420.4,1509.8,1488.0,1427.6,1423.1,1257.1,1179.1000000000001,1125.9,1117.3,1077.1,1072.1
210726,1025.9,1015.8,1007.7,950.7,976.7,959.2,962.3,1031.1999999999998,1222.5,1351.6000000000001,1377.2,1412.6,1398.3999999999999,1461.8000000000002,1503.7,1492.4,1486.1999999999998,1456.3999999999999,1357.4,1236.6,1216.3000000000002,1168.2,1125.8,1100.9
210727,1127.7,1046.0,899.0,913.2,852.6999999999999,813.9000000000001,865.8,885.3,1072.7,1237.3000000000002,1271.5,1315.1000000000001,1370.7,1333.1999999999998,1489.7,1380.3000000000002,1445.5,1416.9,1279.1999999999998,1204.0,1211.8,1170.1,1139.8,1064.5
210728,1033.0,987.3,1010.0,991.0,947.4,960.5,934.0,981.0,1261.5,1318.9,1376.4,1406.1000000000001,1420.2999999999997,1395.1,1473.3,1410.1999999999998,1425.1,1350.4,1275.5,1194.1000000000001,1157.8,1149.6,1133.0,1072.5
210729,1099.9,1091.1,1001.2,1004.0,978.9,967.5,949.0,1038.6,1204.1,1348.4,1368.1999999999998,1422.7,1436.7,1443.3000000000002,1470.7,1439.8000000000002,1444.1000000000001,1423.8000000000002,1251.6000000000001,1164.7,1159.8,1172.7,1133.2,1089.2
210730,1043.7,994.3,973.9,943.8,972.4,904.0,926.1,1067.7,1228.2,1324.1,1359.2,1369.4,1363.7,1421.3,1395.8999999999999,1415.4999999999998,1372.6000000000001,1373.0,1207.7,1126.4,1093.6,1092.1,1052.1,1041.5
210802,1008.6,1024.4,977.6,972.1,990.4,985.3,994.3,1040.8,1256.3000000000002,1363.4,1392.9,1424.5000000000002,1371.7,1427.1,1418.2,1478.6000000000001,1421.3,1446.3999999999999,1276.6999999999998,1191.7,1163.9,1154.1,1129.9,1045.6
210803,1041.7,1028.3,1006.3,1001.9,964.0,982.7,968.9,999.0999999999999,1118.6,1317.3,1392.8,1406.5,1377.1999999999998,1437.2,1532.5,1485.8,1508.0000000000002,1402.9,1347.3999999999999,1219.1000000000001,1213.7,1194.5,1159.4,1119.4
210804,1081.7,1024.3,1008.0,979.7,982.2,955.3,948.8000000000001,1020.8,1240.4,1369.3999999999999,1403.3,1450.1999999999998,1413.2,1460.8000000000002,1486.9,1462.1999999999998,1514.6000000000001,1440.0000000000002,1271.8,1206.2,1203.8,1157.8,1127.3,1070.1
210805,1045.0,1030.3,1056.6,995.8,984.8,938.5,965.6,1071.9,1210.3999999999999,1351.2,1423.6999999999998,1439.1000000000001,1454.1,1455.1000000000001,1500.1000000000001,1464.0,1508.8,1424.3999999999999,1320.3000000000002,1208.3000000000002,1218.7,1161.1,1145.2,1077.5
210806,1068.8,1033.4,1009.4,1031.3,983.3,972.8,969.4,1098.8999999999999,1218.3,1392.3999999999999,1442.6,1489.5,1484.4,1491.7,1492.3000000000002,1524.7,1527.3999999999999,1502.8,1139.7,1102.6999999999998,1060.6,1067.0,1036.2,991.8
210809,997.3,1001.1,962.3,944.3,918.3,931.5,955.8,979.0,1175.0,1308.8999999999999,1365.6,1376.6,1379.1,1416.3999999999999,1424.3000000000002,1444.1,1407.2,1367.1,1287.3,1149.6000000000001,1137.2,1123.4,1077.0,1066.9
210810,1038.5,1031.0,992.7,982.5,980.1,954.0,984.4,1009.3,1166.9,1298.3000000000002,1366.9,1406.8000000000002,1389.1000000000001,1456.8,1511.7000000000003,1468.5,1452.7,1363.1000000000001,1272.7,1249.3999999999999,1180.9,1113.5,1104.5,1073.4
210811,1039.0,1003.8,973.2,937.4,931.2,915.8,936.3,964.0,1135.5,1306.8000000000002,1368.1,1351.9,1394.2000000000003,1381.1000000000001,1375.1000000000001,1385.9,1380.8999999999999,1326.4,1221.9999999999998,1166.4,1132.1,1106.1,1093.1,1071.2
210812,1039.3,1026.8,985.5,942.5,958.4,921.4,919.5,962.6,1127.2,1265.2,1314.8000000000002,1339.2,1313.6000000000001,1333.5,1399.4,1337.3,1327.1,1297.4,1195.7,1148.8,1115.3,1113.8,1092.9,1044.2
210813,1016.1,978.5,970.0,931.3,954.8,928.7,911.7,952.7,1067.8999999999999,1155.6,1182.0,1250.6000000000001,1265.5,1284.5,1340.2999999999997,1314.1000000000001,1271.0,1241.7,1140.5,1104.3,1085.2,1046.6,1072.0,1028.0
210816,959.1,955.3,954.0,960.1,923.6,916.1,886.0,927.1,948.4,1025.0,1058.1,1106.5,1100.3,1104.7,1165.3000000000002,1118.5,1100.6,1103.1,1080.3,1067.9,1032.6,1046.8,1041.0,1016.4
210817,1001.4,974.6,968.2,925.2,904.3,910.6,896.6999999999999,912.0999999999999,1044.1,1244.0,1293.7,1295.6,1289.5,1351.4999999999998,1351.8000000000002,1402.3,1383.8,1378.9,1284.2,1176.7,1129.7,1118.9,1065.0,1066.7
210818,1027.8,997.2,984.1,927.7,898.1,913.5,920.2,955.0,1109.6,1274.8000000000002,1321.8000000000002,1337.2,1352.5,1385.1000000000001,1331.3000000000002,1289.4,1269.8999999999999,1206.6999999999998,1127.6,1065.6000000000001,1033.8,1015.1,998.4,970.2
210819,971.5,971.4,952.5,932.8,898.0999999999999,887.3,909.4,921.1999999999999,1065.3,1217.0,1286.1000000000001,1329.1000000000001,1315.0,1298.6,1283.8,1305.5,1266.6000000000001,1212.7,1128.3999999999999,1097.0,1086.8,1027.8,995.2,1007.7
210820,944.6,901.0,887.5,879.8000000000001,879.9,868.5,853.0,929.3,1092.8,1219.5,1301.1,1298.6,1285.4,1311.7000000000003,1348.3,1396.3000000000002,1378.7,1260.7000000000003,1158.3999999999999,1069.4,1015.1,1002.4,993.1,948.0
210823,957.9,939.3,979.4,933.7,900.5999999999999,921.0,920.4,946.3000000000001,1124.8,1181.4,1270.1,1297.2,1269.7,1353.6000000000001,1326.5,1334.0,1358.3,1315.9,1166.9,1083.4,1047.5,1015.2,1010.3,986.3
210824,949.8,990.0,923.5,934.5,902.3,894.3000000000001,888.3,877.4000000000001,990.9,1232.3,1260.8,1284.2,1323.4,1389.7,1367.5,1346.8999999999999,1357.0,1350.2,1260.4,1167.6999999999998,1121.9,1089.8,1075.5,1038.7
210825,1003.9,980.8,984.4,956.3,968.5,934.0,933.7,941.6,1138.0,1234.8999999999999,1262.1000000000001,1308.8,1318.1,1359.8,1359.5,1334.4,1314.1000000000001,1398.1,1256.6,1139.1,1147.1,1102.2,1087.5,1053.1
210826,1064.9,1019.2,1035.6,1001.0,940.6,954.8,945.7,951.8000000000001,1129.6,1258.3000000000002,1305.1,1320.6000000000001,1319.5000000000002,1324.3,1362.1999999999998,1419.3000000000002,1390.1,1325.0,1239.0,1127.4,1100.5,1091.4,1080.0,980.8
210827,996.3,959.6,941.9,926.9,909.4,912.3,907.4,942.2,1032.1,1241.1,1326.8999999999999,1354.8,1372.6,1324.1000000000001,1315.2,1320.1,1296.3,1220.9,1089.3,997.9,976.8,974.5,931.1,926.3
210830,936.4,913.2,903.5,886.8,879.5,898.6,891.1,894.7,1085.3000000000002,1266.8,1327.1,1363.2999999999997,1343.6000000000001,1379.9,1366.5,1375.2,1381.6,1370.5,1249.6,1087.3,1112.1,1078.9,1067.4,1019.6
210901,1005.3,958.3,961.9,935.1,941.9,955.7,950.9,997.8,1096.3,1245.6999999999998,1301.8,1295.4,1348.3999999999999,1345.3,1334.8000000000002,1363.8999999999999,1345.4,1287.6000000000001,1141.8,1084.1,1077.2,1068.8,1017.1,997.7
210902,957.5,921.1,889.5,883.5,875.2,874.3000000000001,885.6,890.1999999999999,1058.3,1187.1,1204.6,1233.2,1198.8999999999999,1206.6000000000001,1239.5,1203.8,1178.1000000000001,1212.0,1118.8000000000002,1066.7,1065.5,1029.0,996.7,958.0
210903,952.8,911.7,896.1999999999999,881.7,875.2,867.9,860.9000000000001,878.2,984.1,1065.1000000000001,1125.9,1169.8999999999999,1193.8,1195.7,1266.3,1271.3999999999999,1313.5,1250.1999999999998,1131.1,1088.8,1037.9,1032.3,962.7,943.9
210906,849.9000000000001,834.1,821.6,780.7,773.9,759.5,762.9,799.6,851.5,977.9,1005.2,1059.3999999999999,1074.9,1079.6,1105.9,1123.9,1113.1000000000001,1066.7,1037.1,984.3,961.1,981.8,936.8,911.7
210907,868.2,895.2,849.0,818.3000000000001,792.6,807.8,817.6,847.2,952.5,1117.8,1089.2,1118.6,1114.1,1178.6,1178.8999999999999,1243.2,1170.6000000000001,1160.8,1084.9,1012.9,985.8,956.3,954.7,904.6
210908,884.5,858.0,843.5,815.0,802.6,793.4,800.5,815.5,921.9,1057.2,1148.9,1112.7,1171.2,1189.6000000000001,1168.6,1184.8,1221.9,1153.0,1089.8999999999999,997.2,951.2,950.3,915.2,887.2
210909,852.6999999999999,839.1,826.7,836.0,801.4000000000001,775.4,781.2,787.8,969.4000000000001,1031.0,1130.7,1127.7,1130.0,1188.0,1191.0,1210.2000000000003,1198.1000000000001,1172.7,1091.0,1025.9,1046.7,978.6,996.3,908.8
210910,910.2,890.4,886.0,850.8000000000001,840.9,829.5,825.8000000000001,869.7,941.4,1062.2,1084.0,1089.5,1082.4,1144.7,1169.8,1162.7,1170.6,1140.5,1060.9,976.7,960.0,941.0,934.2,923.4
210913,897.9,886.3000000000001,879.6,854.8,867.6999999999999,821.6999999999999,836.2,846.5,983.8000000000001,1105.8,1137.3,1190.0,1139.3,1210.6000000000001,1247.4,1239.9,1188.0,1164.5,1085.7,1054.7,1025.5,1002.3,973.8,942.5
210914,908.5,897.1,857.6999999999999,877.7,830.4,836.7,807.9000000000001,838.0,985.0,1073.0,1090.8,1110.8,1092.2,1154.1,1182.0,1165.7,1199.1999999999998,1163.3999999999999,1120.1,1039.9,1014.6,1019.1,960.8,964.6
210915,925.4,845.5,832.7,842.8000000000001,812.9,824.1,844.6,842.5,938.7,1087.2,1141.0,1143.1999999999998,1156.3,1211.8,1220.6000000000001,1255.7,1232.0,1212.4,1112.5,1027.5,975.5,964.2,936.4,907.7
210916,892.9,849.8,828.4,805.0,783.1999999999999,782.8,780.3,827.2,889.8000000000001,1017.6,1118.1,1128.0,1094.8,1122.3,1126.8,1142.7,1122.8,1088.3999999999999,1037.4,964.7,940.2,945.1,1011.1,887.0
210917,850.6999999999999,835.9,845.6,824.6999999999999,795.6999999999999,780.1999999999999,793.6999999999999,831.5,947.2,1018.6,1060.3000000000002,1070.6,1069.1999999999998,1119.0,1158.5,1166.7,1188.1000000000001,1131.3999999999999,1018.4,939.0,921.3,885.6999999999999,829.1,833.7
210920,761.2,731.5,737.4,724.1999999999999,694.6,699.0,712.6,699.5,731.9000000000001,761.1,811.7,842.9,800.8000000000001,823.9,842.4000000000001,813.4999999999999,858.4000000000001,874.3000000000001,807.3,805.9,807.8,813.8,795.8,792.6
210921,783.1999999999999,806.1,783.8000000000001,764.4000000000001,765.0,717.6999999999999,728.1,768.4,738.1,739.5,771.4,819.0999999999999,821.1999999999999,879.0,908.0,885.3000000000001,911.3000000000001,899.7,870.1999999999999,826.3000000000001,841.4000000000001,816.1,799.8000000000001,813.0999999999999
210922,774.2,748.1,760.8000000000001,748.0,738.3,748.5999999999999,767.3000000000001,751.1999999999999,781.9000000000001,840.0000000000001,814.9,789.8,853.8,910.0,900.6,941.5,921.9,896.3,841.3,868.1,852.0,819.9,828.1999999999999,794.5999999999999
210923,788.3,772.6,746.5999999999999,749.8,717.0,735.4,725.4,738.9,838.0,992.0,1028.5,1056.1,1067.1000000000001,1110.3,1121.8,1143.8,1099.3999999999999,1070.5,1036.2,945.6,914.4,886.5999999999999,897.5,850.8000000000001
210924,803.6,786.3,767.5,766.6999999999999,751.6,737.9,760.1999999999999,761.6,826.3,931.5,1016.5,1062.0,1082.8,1105.0,1101.7,1130.9,1148.7,1069.2,1009.9000000000001,977.1,940.4,912.9,885.3,878.5
210927,824.4000000000001,823.6,823.7,773.1999999999999,769.1,760.1,780.8,789.6999999999999,906.9,1013.0,1100.6000000000001,1095.8,1126.0,1143.6,1160.3,1149.3999999999999,1146.6000000000001,1125.2,1084.5,1040.5,986.7,959.7,936.3,925.4
210928,904.7,875.6,870.5999999999999,850.4,828.8,808.9,796.5999999999999,831.1999999999999,940.9,1078.6000000000001,1128.7,1133.3000000000002,1117.6,1160.0,1166.9,1161.3,1147.8999999999999,1147.0,1079.8,1007.3,1027.9,983.0,974.0,926.6
210929,933.6,920.4,882.5,874.8,855.8000000000001,836.0999999999999,847.4,852.4,1013.1,1053.3000000000002,1120.3000000000002,1116.6000000000001,1125.8,1110.1,1151.8999999999999,1156.6000000000001,1109.3,1093.8,1071.3,1028.9,969.2,985.2,952.1,942.4
211001,860.8,802.9,808.4,802.9,772.3000000000001,760.9,757.6,742.3,824.1,962.5,1025.0,1076.4,1049.6,1106.7,1180.4,1171.5,1152.4,1120.6,1031.6,924.4,911.4,894.3,868.3000000000001,837.3
211004,824.6,850.5,791.5,784.1,775.2,800.3000000000001,819.0,812.7,861.5000000000001,893.1999999999999,930.2,982.0,945.8,1032.5,1043.2,1045.9,993.8,985.2,996.0999999999999,945.9,984.2,919.6,906.4,877.6
211005,855.4,840.2,800.4,823.5,800.4,782.3,807.0,821.7,964.3000000000001,1062.8,1149.5,1147.4,1181.8,1191.7,1225.2,1241.7,1242.2,1247.6000000000001,1172.0,1060.1,1042.8,1028.1,961.7,921.2
211007,892.0,857.0,826.4,802.0,796.2,793.8000000000001,772.7,816.4000000000001,897.1999999999999,1038.3,1146.4,1135.3,1136.5,1155.1999999999998,1140.1,1116.3999999999999,1125.9,1128.3,1052.8999999999999,988.4,991.2,933.4,907.1,903.4
211008,872.4000000000001,842.8,819.4000000000001,819.8,802.9,796.3000000000001,804.1,800.1999999999999,897.5,982.1,1078.8,1037.1,1028.3999999999999,1069.9,1109.1,1087.5,1083.9,1046.7,1025.8,965.5,892.0999999999999,915.0,877.3000000000001,874.4
211011,840.2,820.7,745.5,748.3000000000001,756.3000000000001,738.9,754.9,736.3000000000001,753.0,764.9,796.7,808.0,797.4000000000001,796.4,840.4000000000001,810.8,833.1,824.5,823.4000000000001,808.4,782.1,793.0,789.8,778.3
211012,770.5,762.1,768.5,732.9,738.2,752.8,734.1,731.9,830.9000000000001,881.0,955.4,938.2,934.5999999999999,934.9,929.5,967.6,959.8,920.7,928.2,852.3000000000001,850.3,839.4000000000001,846.7,810.2
211013,790.0999999999999,776.3,774.6,727.3,749.1,710.8000000000001,707.0,747.8000000000001,812.2,889.4,896.2,935.0,937.6,969.3,989.3,1023.5,1012.5,1005.8,949.4,923.9,897.4,879.6999999999999,859.6,825.9
211014,801.7,804.5,763.1999999999999,769.7,743.0,752.2,768.4,772.5,838.3000000000001,934.3,998.5,1000.9,1012.5,1068.8999999999999,1043.2,1106.1000000000001,1065.4,1054.3999999999999,949.1,920.1,868.4000000000001,887.9,823.7,837.5999999999999
211015,810.5,791.0,757.9,748.4,730.4,751.4,727.1999999999999,727.4,812.0,898.5,956.9000000000001,970.8000000000001,938.0,967.4000000000001,974.9,1010.0,991.3,972.5,889.5,814.9,836.1,812.0,787.0,776.6999999999999
211018,576.7,575.6,573.1,565.6,558.2,554.8,556.0,566.0,598.3000000000001,675.7,717.0999999999999,735.6000000000001,894.4,882.6,865.2,892.8,877.6,850.8,813.5999999999999,753.7,773.5,762.8000000000001,767.2,756.6999999999999
211019,700.8000000000001,702.5,683.4,696.6999999999999,668.9,665.0,656.7,660.1,706.4,783.5,823.2,889.1999999999999,842.1000000000001,807.5,881.4,934.9,885.1999999999999,848.5,769.0,763.5,736.9,769.0,723.6,712.9
211020,680.8,697.4,663.2,687.8,645.1,621.0,654.6999999999999,651.0000000000001,662.8,863.4,893.2,861.4000000000001,824.5,879.6999999999999,841.4,831.6,854.0,840.4,769.7,767.1,744.0,717.5,718.4,700.1
211021,721.3,693.5,661.8,692.7,678.6,686.2,658.9,675.3,724.3000000000001,797.1999999999999,813.1,816.8,741.0,775.9,774.1999999999999,790.8000000000001,753.9999999999999,784.5,738.2,685.1999999999999,682.7,678.3,686.9,665.0
211022,667.0,644.4,627.2,646.5,608.5,609.6,609.1,625.6000000000001,698.6999999999999,755.4,730.1,748.5,739.9,756.3,755.8000000000001,765.7,761.1000000000001,716.9,678.4,640.1999999999999,621.7,666.1,614.3,602.3000000000001
211025,622.6,613.1,603.1,591.0,616.6,578.1,586.8,627.0,645.7,747.2,747.0999999999999,777.4,749.0,767.2,800.4,778.3000000000001,772.2,743.1,723.6999999999999,694.9,708.7,699.9,681.9,669.5
211026,693.4,653.1,635.8,609.0,613.2,587.6,594.0,591.3000000000001,696.1999999999999,766.5,814.6,781.3,762.4000000000001,810.0,793.5,768.5,804.9,748.2,726.9000000000001,700.2,682.3,688.0999999999999,698.0,665.8000000000001
211027,655.1,656.5,654.8,631.0,617.7,628.1999999999999,649.1,603.8000000000001,681.1,732.9,791.3999999999999,814.6999999999999,797.3,764.0,777.6999999999999,788.1,757.9000000000001,754.9,719.6999999999999,687.1,704.1,703.5999999999999,713.1,679.4
211028,687.3000000000001,641.2,649.4000000000001,626.5,615.0,628.9,579.0,643.1,718.8,784.8,825.2,823.7,778.1999999999999,807.9,807.6,801.8,812.6999999999999,791.2,707.7,661.3,687.7,667.5,671.6,657.0
211101,642.4,644.2,637.7,622.8000000000001,604.9,596.1,620.9000000000001,628.5,728.2,751.4,806.1,814.9,802.6999999999999,805.0999999999999,804.9000000000001,809.8999999999999,796.0999999999999,778.7,723.0999999999999,746.1,713.5999999999999,708.0,717.0,704.3
211102,656.0,670.0,655.0,643.9,605.5,623.6999999999999,613.2,620.3000000000001,718.2,801.1,844.4,790.9000000000001,800.0,797.3000000000001,798.1,822.4,821.1,805.0,760.8,735.2,702.1,705.1,667.4,689.3
211103,680.9,689.7,642.5999999999999,625.6,638.0,627.5,633.9,642.1999999999999,699.9999999999999,772.6999999999999,778.0000000000001,774.9,741.9,763.2,766.7,787.1,759.6,733.7,692.8,667.4000000000001,735.5,725.0,695.8000000000001,711.4
211104,650.6,644.9,620.6,638.9,642.1999999999999,591.7,598.3000000000001,615.5,711.3,796.5999999999999,799.7,795.9,797.6,777.8999999999999,825.8,805.8999999999999,816.5000000000001,812.9,734.5,718.4,720.5999999999999,725.8000000000001,733.1999999999999,702.5999999999999
211105,681.5,642.8,657.5,660.1999999999999,655.4,650.0,620.8000000000001,635.7,676.9,722.0,853.5999999999999,814.0999999999999,767.9999999999999,807.4,815.1999999999999,819.5,773.3999999999999,755.3,707.4,684.3,687.3,654.3000000000001,666.8,664.3
211108,632.5,650.4,642.5,616.1,603.6,590.9,613.0,601.8,715.5000000000001,776.3000000000001,805.6999999999999,805.1,819.2,866.2,826.0,813.4999999999999,863.9,833.8,790.6,763.3,702.1,716.8000000000001,715.1,707.5
211109,663.1,664.2,635.6,626.5,608.3,597.6999999999999,619.1,620.8000000000001,660.6999999999999,788.4000000000001,841.4,816.6999999999999,835.4,810.6,806.1,788.8000000000001,797.3,785.9000000000001,721.2,686.6,696.0,692.0,677.9,691.8000000000001
211110,651.1999999999999,616.1,612.9,632.8,630.0,628.2,668.1,666.4,737.8000000000001,789.2,791.9000000000001,816.9000000000001,849.9,819.0,815.6,812.2,780.6,795.6000000000001,749.7,726.3,712.4,701.6,703.9,685.0
211111,678.6,669.6,644.1999999999999,686.9,653.2,656.9,668.4,631.1,762.4000000000001,796.2,793.5,803.3,843.0,831.0,854.0,851.0,869.2,842.4000000000001,774.5,765.4,779.4,712.0999999999999,752.0,714.0
211112,707.4,686.3,693.2,643.5,643.2,674.1999999999999,645.4,663.4,773.7,822.8,842.0,812.1,795.8000000000001,833.1999999999999,842.6999999999999,844.9,822.5,832.2,798.8,735.4000000000001,745.0,708.2,730.8,715.5
211115,651.7,660.7,651.3,625.3000000000001,621.4,604.5999999999999,608.0,647.0,711.1,838.7,841.1,833.5,839.0,859.9999999999999,842.2,809.9,840.5,770.8,780.9,735.0,734.4,724.0,707.3,704.4
211116,717.9,685.9,693.3000000000001,685.6,651.8,620.9,684.8,651.8,731.7,801.8,842.7,815.9,781.3,809.8000000000001,745.6999999999999,779.7,799.3000000000001,783.0999999999999,737.4,728.6,698.5,700.8000000000001,715.0999999999999,691.1
211117,664.8,680.8,671.4,631.5,650.2,646.4,622.1,624.6,660.9,701.9,701.1999999999999,682.4000000000001,684.1,662.8000000000001,679.3,719.8,702.7,708.2,669.3000000000001,712.2,730.5,716.5,683.9000000000001,639.6
211118,636.1999999999999,635.4,658.8,621.6999999999999,604.4,613.2,597.8,630.3000000000001,700.6,782.0999999999999,795.3,797.0,784.2,752.8,792.6999999999999,783.4000000000001,781.8,773.2,721.4,743.4,732.8,728.3,697.5,720.0999999999999
211119,708.1,706.1999999999999,683.0,662.0999999999999,660.3,678.3,663.0,691.6999999999999,784.7,831.6999999999999,863.9,855.6,822.5999999999999,817.2,801.5,833.1,811.9,822.8,763.4000000000001,730.4,710.5,704.4,720.9,693.7
211122,703.1,686.6,650.5999999999999,688.9000000000001,696.8,681.9,701.4,739.0999999999999,782.7,859.5999999999999,856.1,850.5999999999999,870.4,876.4,925.6,929.7,873.8,833.1000000000001,795.5,746.9,739.0,719.9000000000001,724.6,743.0
211123,680.1999999999999,690.2,673.1999999999999,646.5,665.8,668.5,643.1999999999999,658.8,770.8000000000001,904.4000000000001,953.0,938.2,919.6,939.8000000000001,940.8,956.1,944.4,904.6,903.4,801.9000000000001,810.1,789.1,750.3000000000001,770.3000000000001
211124,739.1,745.3,703.8,667.0999999999999,681.0999999999999,679.1,720.9000000000001,695.9000000000001,824.6,882.2,898.1999999999999,933.5999999999999,869.2,856.8,853.4,854.0999999999999,845.7,817.9,792.0,768.5999999999999,732.9,737.0,750.0,746.6999999999999
211125,747.1,738.4,705.5999999999999,725.2,691.8,690.8,664.6999999999999,743.2,800.4,814.8,793.4,792.2,763.4,790.5,792.6,846.3,812.3,811.1000000000001,735.0999999999999,726.4,696.8000000000001,754.6,708.6,721.6
211126,685.8,686.8,686.0,679.9,684.9,712.8,721.8000000000001,710.0,811.0,843.5,845.9,829.3999999999999,849.9999999999999,837.7,868.8,881.3,864.0,829.2,759.5,755.3000000000001,724.0999999999999,720.2,703.4,687.5
211129,754.5,741.8,724.9,714.9000000000001,760.5,721.1999999999999,735.7,741.8,857.7,858.6999999999999,885.1,897.9000000000001,881.6999999999999,819.5000000000001,836.0,833.8,812.0,809.1,762.7,702.2,749.1,695.8,731.6,706.9000000000001
211201,737.3,740.6,700.8000000000001,682.1,698.8,695.8000000000001,681.3,714.2,835.6999999999999,971.0999999999999,980.6999999999999,996.1,967.7,1036.3,1033.3,1008.0,1039.7,1001.7,888.7,823.4,843.5,841.5999999999999,838.1999999999999,821.0
211202,837.7,820.4,757.5,768.3000000000001,770.4,755.3,805.3,779.6,926.7,1052.3999999999999,1019.3,979.5,1021.5,1000.0,986.3000000000001,1009.8000000000001,1041.8,1029.1999999999998,948.9,851.0,850.9,884.0,812.9,805.0
211203,810.6,719.1,760.5,739.1999999999999,746.5,702.6,717.0,779.0,869.7,988.0999999999999,968.7,955.1,972.6,973.6,1022.2,992.3000000000001,1030.3,970.3000000000001,892.1,832.5999999999999,813.0,842.0,842.5,824.9
211206,824.4,846.3000000000001,767.6999999999999,756.8,747.0,713.3,771.2,772.3,871.8000000000001,950.0,1004.9,1001.4,936.1,935.1,925.9,934.5,941.4000000000001,949.5,842.3,779.6,792.6,802.5,763.1,782.3000000000001
211207,811.7,716.0,799.9,771.6,794.6,768.5,787.5,834.8,926.8000000000001,1046.1,1013.4,961.0,942.3000000000001,924.1,961.5,968.5,957.2,953.2,867.4000000000001,835.5,795.1,765.2,803.3,801.1
211208,793.3000000000001,769.5,766.2,756.9,834.1999999999999,738.2,783.7,807.4,860.5,987.8000000000001,1001.2,936.3000000000001,900.1999999999999,872.9000000000001,887.3000000000001,891.9,911.4,861.4000000000001,766.3000000000001,765.9,736.6999999999999,727.0,725.9,744.9
211209,769.9,742.0,721.1,685.4,672.4,702.3,700.8,726.4,837.3,941.6999999999999,947.2,883.2,811.8,771.2,805.7,801.7,750.5,780.9,742.6,714.7,715.4,728.5,714.3,708.0
211213,744.9000000000001,702.2,750.1,687.9000000000001,704.5,709.2,722.0,787.7,856.0,1000.8,1001.8000000000001,1018.7,1049.6,988.5,1037.9,991.1,979.0,999.9,946.1,872.6,819.2,843.5,780.1999999999999,780.8
211214,785.4,764.6,787.5999999999999,801.7,748.0,770.2,743.0,771.3000000000001,851.1,1041.9,1042.1000000000001,1070.3,1010.5,983.1999999999999,1006.5999999999999,1019.0,1014.9,969.6,908.8,861.0999999999999,810.3,805.6999999999999,814.9,863.6
211215,743.6,768.1,742.1999999999999,774.0,723.7,738.5,798.5,760.5,888.5,987.8000000000001,985.5,1032.9,970.1999999999999,889.7,879.3000000000001,880.9999999999999,880.1999999999999,883.4,840.8,790.8000000000001,776.3000000000001,783.0,793.8,756.9
211216,774.5,762.4,735.5,715.2,692.9,714.2,710.2,759.7,875.6,939.6,943.8000000000001,1027.6000000000001,938.3,956.9,947.6,943.4,951.4000000000001,925.6,877.3000000000001,805.5,752.1,779.5,743.0,742.6999999999999
211217,710.5,744.3000000000001,710.5,713.9,693.9,697.5,725.5999999999999,745.7,944.2,1014.8,1009.3000000000001,1003.8,966.0,1053.3,1009.3,1083.6,1068.6,980.4,956.9,856.5,842.4,853.9,807.0,864.1
211220,808.3,784.9,804.3000000000001,792.6,805.9,798.3,796.0,838.5,923.3,1076.4,1083.0,1098.3,1007.5,1022.8,983.0,964.6,903.3,930.0,890.7,814.1,830.3,817.8000000000001,815.3,888.9
211221,827.8000000000001,788.2,780.5,805.4,746.8000000000001,787.1,822.2,810.5,951.3000000000001,1035.0,1019.1,1000.1,950.0,925.0,914.3,928.4000000000001,951.3,934.9,872.9,883.3000000000001,833.0,876.1,830.5,808.8
211227,862.1,868.5999999999999,836.0,849.5,886.9000000000001,861.9,888.1999999999999,896.7,1085.6,1188.8999999999999,1212.1000000000001,1175.8,1170.5,1125.1000000000001,1148.8999999999999,1148.0,1152.8999999999999,1139.0,1111.6,1011.1,1026.3,946.0,938.4,922.8
211228,885.6,890.9,859.7,875.6999999999999,868.3000000000001,853.8000000000001,850.5,868.5,959.1,1131.5,1125.7,1095.3000000000002,1086.8,1086.3000000000002,1141.7,1108.2,1072.2,1092.0,997.6,928.1,933.0,862.5999999999999,902.8,896.1
211229,847.5,877.3,824.7,813.5,836.8,774.4,809.9000000000001,853.0,977.0,1027.3,1030.0,1012.6,997.8000000000001,992.8000000000001,965.1999999999999,981.1,1013.5,957.5,893.3000000000001,871.3000000000001,902.9,878.8,910.0,869.1999999999999
211230,864.6999999999999,841.4,788.1,812.6,776.7,801.0,851.0,851.1999999999999,938.3000000000001,1032.5,1009.0,1021.4,1020.8000000000001,1006.0999999999999,1048.5,1042.5,1019.1,1006.0,949.4,883.0,900.5,841.5,871.5,856.0
