,0,1,2,3,4,5,6,7,8,9,10,11,12,13,14,15,16,17,18,19,20,21,22,23,DS,SR,TM_6,TM_9,TM_12,TM_15,TM_18,WS_6,WS_9,WS_12,WS_15,WS_18,SK_6,SK_9,SK_12,SK_15,SK_18,PP_6,PP_9,PP_12,PP_15,PP_18,PR_9,PR_15,PR_21
210104,879.6,906.7,902.6,866.6999999999999,821.9,869.8,853.6999999999999,893.9,1063.9,1099.7,1144.8,1144.2,1061.4,1082.4,1103.2,1099.1,1105.6,1100.7,1043.8,1016.0,975.6,979.7,982.6,933.4,9.9,10.07,-1.0,-2.0,-4.0,-5.0,-6.0,6.1,3.3,2.7,2.1,2.8,4.0,4.0,4.0,4.0,4.0,30.0,30.0,30.0,30.0,30.0,0.0,0.0,0.0
210105,925.6,936.7,882.7,894.6,864.2,859.1,853.6999999999999,891.3,957.4,1084.6,1114.3,1144.1,1149.4,1178.3000000000002,1159.4,1173.3,1168.5,1149.9,1105.5,976.7,978.8,989.3,965.6,968.6,9.9,7.74,0.0,-2.0,-2.0,-2.0,-5.0,2.4,1.1,2.5,6.0,6.6,4.0,4.0,4.0,4.0,4.0,30.0,30.0,30.0,60.0,80.0,0.0,1.0,5.0
210106,941.6,938.5,908.3,922.8,889.1,909.2,890.2,958.8,1094.0,1174.3,1176.7,1166.4,1137.6,1142.4,1108.5,1095.2,1121.3,1150.4,1040.5,1043.8,1018.8,1017.6,978.0,958.3,9.9,10.95,-7.0,-9.0,-11.0,-11.0,-14.0,6.5,4.3,2.3,2.1,2.9,4.0,4.0,4.0,4.0,4.0,90.0,90.0,90.0,90.0,80.0,5.0,10.0,5.0
210107,959.1,993.6,928.9,974.8,1028.6,985.0,971.7,1021.1,1077.4,1265.7,1376.7,1319.5,1329.1,1351.0,1350.3,1351.6,1358.4,1349.0,1279.1,1213.7,1264.2,1229.0,1223.8,1205.3,9.9,5.16,-7.0,-10.0,-12.0,-13.0,-13.0,3.7,1.3,1.3,1.6,2.2,4.0,1.0,1.0,3.0,4.0,30.0,10.0,10.0,60.0,60.0,0.0,1.0,1.0
210108,1190.3,1182.8000000000002,1160.8,1122.6,1099.7,1116.8,1140.9,1152.3,1314.6,1387.3000000000002,1454.2,1429.9,1353.0,1367.3,1342.3,1312.9,1317.2,1345.6,1326.0,1207.8000000000002,1231.6,1258.3,1264.5,1202.8,9.9,12.15,-3.0,-5.0,-10.0,-12.0,-10.0,4.7,4.9,1.9,1.3,1.5,3.0,4.0,1.0,1.0,1.0,20.0,30.0,10.0,10.0,0.0,0.0,0.0,0.0
210111,1071.3,1016.5,1006.8,990.2,1030.1,1014.6,1000.6,1076.4,1123.6,1278.8,1343.0,1307.4,1286.2,1243.5,1246.7,1268.7,1247.8,1256.7,1208.6999999999998,1144.6,1192.8,1164.9,1137.9,1139.0,10.0,5.82,3.0,0.0,-2.0,-3.0,-3.0,2.5,1.4,1.5,1.5,1.4,4.0,4.0,4.0,3.0,3.0,30.0,30.0,30.0,10.0,20.0,0.0,0.0,0.0
210112,1103.9,1081.5,1096.5,1079.5,1086.8,1104.5,1103.5,1127.4,1216.1,1297.7,1317.1999999999998,1234.9,1183.2,1200.1,1122.4,1197.2,1165.5,1209.3000000000002,1166.4,1115.3,1106.4,1068.2,1115.4,1124.7,10.0,10.78,10.0,5.0,2.0,2.0,0.0,4.5,1.4,0.9,0.6,1.3,1.0,3.0,4.0,4.0,3.0,0.0,10.0,30.0,30.0,20.0,0.0,0.0,0.0
210113,1055.1,1057.3,1026.0,1018.3,1027.7,1050.4,1017.1,1067.4,1073.5,1145.8,1169.1,1104.6,1091.4,1071.2,1047.3,1000.0,1040.7,1064.8,1048.9,964.3,1009.2,958.1,995.7,971.6,10.0,11.74,11.0,5.0,3.0,4.0,4.0,3.8,2.4,3.8,3.4,2.2,1.0,1.0,1.0,3.0,4.0,0.0,0.0,0.0,20.0,30.0,0.0,0.0,0.0
210114,937.3,952.6,954.1,942.8,932.4,980.0,950.7,999.0,1049.9,1187.3,1146.6,1106.4,1059.9,975.5,946.4,946.5,937.5,959.4,935.0,923.3,933.5,972.0,933.4,930.2,10.0,12.16,14.0,10.0,5.0,2.0,0.0,6.0,3.8,3.7,4.5,5.0,4.0,4.0,4.0,4.0,4.0,30.0,60.0,30.0,30.0,30.0,1.0,0.0,0.0
210115,893.0,889.9,920.0,891.7,877.7,878.3,886.6,883.3000000000001,970.4,1080.8,1070.9,967.2,936.3,917.9,935.9,909.8,916.5,880.0999999999999,881.3000000000001,863.3000000000001,858.3000000000001,832.6,861.5,849.4,10.1,7.46,0.0,-1.0,-3.0,-3.0,-4.0,6.5,4.2,4.1,3.8,2.7,3.0,4.0,4.0,4.0,4.0,20.0,30.0,30.0,30.0,60.0,0.0,0.0,1.0
210119,935.0,914.5,897.1999999999999,932.0,956.3,946.1,925.8,932.0,1060.9,1130.0,1138.8,1105.6,1067.6,1056.5,1024.3,1029.4,1023.8,1044.9,1034.0,992.2,1057.5,1029.6,1007.3,1007.8,10.1,14.39,9.0,3.0,1.0,0.0,-1.0,3.1,1.7,2.7,2.4,2.0,1.0,3.0,4.0,3.0,4.0,0.0,20.0,30.0,20.0,30.0,0.0,0.0,0.0
210120,959.1,949.1,928.9,967.7,1002.9,921.4,948.7,977.3,1022.8,1094.1,1098.0,1039.0,997.5,952.5,953.1,926.6,941.1,989.1,1004.6,946.7,928.9,916.3,923.3,923.8,10.2,13.68,11.0,8.0,6.0,6.0,6.0,2.6,2.8,3.5,3.5,0.9,4.0,4.0,4.0,4.0,4.0,30.0,30.0,70.0,70.0,70.0,0.0,10.0,5.0
210121,872.0,864.1,841.8000000000001,828.1,809.4000000000001,855.6999999999999,846.9,844.8,940.7,1012.3,989.5,971.9,963.9,964.3,971.3,962.3,954.8,963.7,938.8,886.3000000000001,873.1,873.1999999999999,849.2,797.6,10.2,5.47,11.0,10.0,7.0,6.0,6.0,2.3,1.8,1.9,1.8,1.3,4.0,4.0,4.0,4.0,4.0,30.0,30.0,30.0,30.0,30.0,0.0,0.0,0.0
210122,838.6,802.5,764.1,769.8,787.8,760.4,770.8000000000001,786.6,855.8000000000001,912.7,911.3,897.8,922.5,907.4,920.1,941.2,937.6,917.9,901.6,861.7,859.3000000000001,826.1,814.0,805.8,10.2,4.14,12.0,10.0,8.0,7.0,6.0,2.5,2.3,1.8,1.9,2.1,4.0,4.0,4.0,4.0,4.0,80.0,80.0,30.0,30.0,30.0,5.0,0.0,0.0
210125,795.3,801.9,741.1,740.6,760.8,777.9000000000001,774.5,803.4000000000001,887.8,930.0,939.9,911.0,848.4,826.4,828.3,831.9000000000001,831.5,832.3000000000001,801.8,788.0,782.6,831.8000000000001,808.5,819.0,10.3,13.75,9.0,8.0,5.0,3.0,1.0,4.9,4.4,4.4,4.3,3.8,4.0,4.0,4.0,4.0,3.0,60.0,30.0,30.0,30.0,20.0,1.0,0.0,0.0
210126,759.0,745.0,748.4,712.3,701.5,726.2,754.2,785.6,857.1999999999999,919.6,960.1,980.3,960.3,962.6,962.4,936.8,931.9,932.7,884.5,837.0,843.6999999999999,856.6,838.5,815.3,10.3,3.79,8.0,4.0,1.0,-1.0,-2.0,5.0,2.3,1.4,1.2,0.9,1.0,3.0,3.0,3.0,3.0,10.0,10.0,20.0,20.0,20.0,0.0,0.0,0.0
210127,812.1,802.6,806.0,822.9,777.8000000000001,772.1999999999999,784.3000000000001,775.5,889.8,941.7,953.5,938.1,872.5,857.2,870.2,914.3,916.5,953.7,932.0,904.8,930.0,903.2,899.6,863.6999999999999,10.4,14.25,3.0,-1.0,-3.0,-4.0,-4.0,10.2,9.2,9.1,9.0,9.0,4.0,4.0,4.0,4.0,4.0,70.0,60.0,60.0,60.0,70.0,1.0,5.0,1.0
210129,920.5,965.9,898.3000000000001,923.7,913.0,939.1,933.1,933.9,1010.3,1072.7,1114.2,1050.6,1044.5,1068.3,1003.5,1033.0,996.7,1018.9,987.4,967.9,939.9,939.0,958.8,949.0,10.4,15.34,9.0,5.0,0.0,-2.0,-2.0,5.4,1.4,0.8,1.2,1.7,4.0,4.0,3.0,3.0,3.0,30.0,30.0,20.0,20.0,20.0,0.0,0.0,0.0
210202,840.9,839.6999999999999,836.6,831.0,845.5,805.3000000000001,863.7,847.8,925.3,1065.0,1063.7,1016.2,1002.6,969.5,976.1,1015.4,1015.3,1003.7,996.0,993.4,977.7,947.5,946.8,905.0,10.5,16.45,5.0,2.0,1.0,2.0,4.0,3.2,1.1,2.4,2.6,4.1,1.0,4.0,4.0,4.0,4.0,0.0,30.0,30.0,30.0,80.0,0.0,0.0,5.0
210203,912.3,881.9000000000001,870.2,849.2,849.6,832.6,840.9,941.6,1044.0,1073.9,1049.1,1051.9,976.9,932.5,919.3,947.2,943.6,990.8,970.8,931.8,910.9,933.8,887.9,855.5,10.6,16.03,3.0,0.0,-4.0,-4.0,-5.0,4.8,1.8,1.1,0.6,0.9,1.0,1.0,4.0,3.0,1.0,0.0,10.0,30.0,20.0,0.0,0.0,0.0,0.0
210204,835.3000000000001,852.4,816.7,790.3000000000001,790.8000000000001,824.5,789.3,845.6,955.8,1050.9,1064.0,983.8,988.0,978.0,1005.1,957.4,961.8,1005.5,961.0,939.4,953.8,948.1,905.5,938.2,10.6,16.67,8.0,5.0,3.0,2.0,0.0,3.8,1.4,2.9,0.9,0.9,3.0,4.0,4.0,4.0,1.0,20.0,30.0,30.0,30.0,0.0,0.0,0.0,0.0
210205,885.3000000000001,932.6,875.9,915.9,869.8000000000001,844.6,881.4000000000001,873.3,930.8,1002.0,1052.9,1037.0,967.8,954.5,976.7,932.6,911.7,939.6,875.2,846.1999999999999,871.8,861.5,826.8,822.9,10.6,11.02,12.0,9.0,6.0,5.0,3.0,4.2,2.0,2.8,3.1,2.3,3.0,1.0,1.0,1.0,3.0,10.0,0.0,0.0,10.0,10.0,0.0,0.0,0.0
210208,825.1,822.7,788.8,792.4000000000001,822.4,766.6,808.3,784.1,885.8,945.5,980.3,956.5,970.1,987.7,939.5,939.0,958.8,986.1,980.2,934.0,913.0,891.0999999999999,884.6999999999999,873.0999999999999,10.7,17.29,6.0,3.0,-1.0,-3.0,-3.0,4.0,1.1,0.4,1.2,1.0,1.0,1.0,1.0,1.0,1.0,0.0,0.0,0.0,0.0,0.0,0.0,0.0,0.0
210209,852.1,834.6,811.8000000000001,796.2,786.9,815.4000000000001,816.7,796.9,953.4,1038.5,1028.3,963.2,928.2,926.9,929.2,901.2,908.4,903.1,902.0,890.7,907.2,937.6,870.5999999999999,848.0,10.7,17.32,9.0,6.0,3.0,0.0,-1.0,3.6,1.0,0.7,1.2,1.4,3.0,3.0,3.0,1.0,3.0,20.0,20.0,10.0,0.0,10.0,0.0,0.0,0.0
210210,886.1,852.0,835.1,839.8000000000001,860.3,841.0,840.2,842.4000000000001,923.9,938.4,968.8,938.8,881.5999999999999,876.9000000000001,869.9,846.5,882.0,881.3,833.6,823.2,802.2,780.6,814.6999999999999,759.2,10.8,15.93,12.0,9.0,5.0,2.0,2.0,1.5,0.4,1.2,1.2,1.5,3.0,3.0,3.0,3.0,3.0,10.0,20.0,20.0,20.0,20.0,0.0,0.0,0.0
210215,705.3,699.1,684.8000000000001,684.6,707.2,685.2,701.3,690.4000000000001,807.7,916.7,942.6,931.2,958.7,968.5,978.2,980.1,1002.9,1000.2,957.5,939.5,924.3,852.1,885.2,826.0,10.9,7.26,6.0,0.0,-2.0,-3.0,-4.0,6.8,5.8,2.9,3.5,3.8,4.0,4.0,3.0,4.0,4.0,70.0,60.0,20.0,30.0,60.0,5.0,0.0,1.0
210216,834.9000000000001,790.1,806.2,783.8,771.5,782.6,813.1999999999999,822.3,910.8,1010.3,1018.9,988.9,972.0,963.7,955.8,995.7,988.9,992.2,947.6,923.2,920.0,902.9,887.7,871.3,11.0,13.96,-3.0,-3.0,-4.0,-5.0,-4.0,8.2,5.6,6.0,5.7,4.7,4.0,4.0,4.0,4.0,4.0,60.0,60.0,60.0,60.0,60.0,5.0,5.0,1.0
210217,856.2,853.9,823.0,840.9,826.0999999999999,819.4,845.3000000000001,932.9,910.4,1062.5,1087.7,1108.6,1092.5,1100.1,1131.9,1132.0,1144.4,1153.4,1098.8,1051.0,1037.4,984.1,964.2,976.5,11.0,6.82,1.0,0.0,-1.0,-2.0,-3.0,7.1,4.0,1.6,1.1,1.0,4.0,4.0,4.0,4.0,4.0,30.0,30.0,30.0,30.0,30.0,0.0,0.0,0.0
210218,960.6,904.2,901.5,882.7,876.8000000000001,899.1,879.2,871.7,989.2,1083.7,1096.9,1096.4,1011.6,1077.0,1061.4,1133.7,1119.8,1083.0,1032.2,1000.7,982.5,974.9,965.5,948.0,11.0,9.52,10.0,7.0,4.0,4.0,5.0,5.9,4.6,6.0,5.7,3.8,1.0,1.0,1.0,1.0,1.0,0.0,0.0,0.0,0.0,0.0,0.0,0.0,0.0
210219,905.5,885.4,894.4,861.3,876.3,902.2,890.7,926.0,991.8,1043.5,1040.9,1010.3,968.2,951.6,925.8,923.1,913.6,911.6,835.9,837.2,832.5,830.9000000000001,822.9,801.8,11.1,18.39,15.0,11.0,7.0,6.0,5.0,5.2,3.2,3.2,2.6,2.7,1.0,1.0,1.0,1.0,1.0,0.0,0.0,0.0,0.0,0.0,0.0,0.0,0.0
210222,698.6,661.0,687.4,657.6,664.5,652.9,699.0,742.5,809.7,845.8000000000001,821.0999999999999,777.5,748.1,755.0,763.1,767.0,788.4000000000001,805.3,800.3,793.4,812.3,828.0,828.7,797.9,11.2,16.61,7.0,4.0,0.0,-2.0,-3.0,4.9,3.1,2.7,3.2,3.0,3.0,1.0,1.0,1.0,4.0,20.0,10.0,0.0,10.0,30.0,0.0,0.0,0.0
210223,785.1,816.2,816.6,750.1,811.7,767.9,800.8,832.7,848.3,923.8,952.4,948.8,894.3,927.0,915.5,885.0,922.1,906.8,874.9,841.3000000000001,825.8000000000001,825.5,809.2,787.2,11.2,16.24,10.0,9.0,3.0,1.0,1.0,2.1,1.7,1.2,1.7,2.5,4.0,3.0,1.0,3.0,3.0,30.0,20.0,10.0,10.0,20.0,0.0,0.0,0.0
210224,803.8000000000001,768.5,826.9,797.8000000000001,803.3,808.2,801.2,836.6,924.7,961.0,1004.0,982.0,993.5,948.5,934.3,947.3,930.2,968.1,906.7,884.4000000000001,918.3,864.6,848.4,824.8,11.2,5.49,9.0,8.0,7.0,5.0,4.0,0.9,1.6,0.7,1.7,1.9,4.0,4.0,4.0,4.0,4.0,60.0,60.0,60.0,60.0,60.0,5.0,5.0,1.0
210225,873.4,814.9,802.7,830.8,805.6999999999999,796.9,803.9000000000001,794.4,882.2,974.7,1013.5,984.0,992.7,963.3,992.3,978.2,962.9,930.0,894.0,856.4,819.8,827.5,799.8000000000001,782.9,11.3,2.83,14.0,12.0,8.0,5.0,3.0,5.5,2.6,2.3,3.1,2.9,3.0,3.0,3.0,3.0,3.0,20.0,20.0,20.0,20.0,20.0,0.0,0.0,0.0
210226,761.6,746.6,718.6,753.0,726.8,741.1,739.4,730.0,803.0,886.5999999999999,891.7,855.1,834.5999999999999,837.4000000000001,851.7,845.5,841.2,823.8,792.0,773.8000000000001,746.7,779.4,774.6,725.9,11.3,15.45,13.0,11.0,6.0,3.0,1.0,5.7,2.8,2.5,1.7,2.3,3.0,3.0,3.0,3.0,3.0,20.0,20.0,20.0,20.0,20.0,0.0,0.0,0.0
210301,700.9,677.6,643.0,691.4,648.9,628.9,599.4,632.6,634.0999999999999,648.9,676.4,673.1,679.1,700.9,698.7,692.5,714.8,749.4000000000001,737.8,730.5,747.8,765.0,751.3,738.5,11.4,3.51,8.0,6.0,1.0,-1.0,-2.0,4.8,3.3,1.8,1.3,1.1,1.0,1.0,1.0,1.0,1.0,10.0,0.0,0.0,0.0,0.0,0.0,0.0,0.0
210302,719.9,701.5,701.6,698.5,685.0,666.4,722.6,706.9,866.4,936.1,917.3,915.3,880.0999999999999,857.4,886.6,878.5,829.4,859.9000000000001,865.5,853.0999999999999,848.0,857.5,816.9,829.4,11.5,15.61,11.0,9.0,5.0,3.0,3.0,2.2,1.9,2.1,2.2,2.0,3.0,3.0,3.0,3.0,3.0,20.0,20.0,20.0,20.0,20.0,0.0,0.0,0.0
210303,771.0,801.9,791.9,794.5,765.2,777.1,812.0,865.9,882.7,994.8,939.3,924.7,903.2,864.7,839.2,853.2,816.1999999999999,850.9000000000001,823.0999999999999,785.0,765.0,777.3000000000001,765.8000000000001,734.3,11.5,18.39,10.0,10.0,9.0,7.0,5.0,2.8,1.8,2.1,2.0,1.7,4.0,4.0,4.0,4.0,3.0,80.0,80.0,80.0,70.0,10.0,10.0,5.0,0.0
210304,730.8000000000001,704.0999999999999,693.7,712.0,685.4,695.0,689.3,725.5,830.6,933.0,900.2,933.6,930.9,903.2,897.9000000000001,933.2,891.2,899.3000000000001,832.7,798.9,819.8,795.1,809.8,797.6,11.5,5.31,17.0,14.0,9.0,6.0,5.0,3.3,1.7,2.1,2.1,2.9,1.0,1.0,1.0,3.0,3.0,0.0,0.0,0.0,20.0,20.0,0.0,0.0,0.0
210305,779.1,729.0,726.8,738.3000000000001,749.4,715.0,754.7,761.8,822.0,862.3000000000001,840.3,834.3000000000001,789.9,745.0,749.3000000000001,750.0,742.7,759.5999999999999,725.5,699.0,698.3,700.1999999999999,669.8,694.6,11.6,19.82,16.0,13.0,8.0,6.0,5.0,2.3,0.5,2.9,2.4,1.5,3.0,4.0,4.0,4.0,4.0,20.0,30.0,60.0,30.0,30.0,0.0,5.0,0.0
210308,671.4000000000001,683.1999999999999,646.5999999999999,650.9,672.6,645.9,663.6,674.9,776.2,854.9,834.2,822.4,774.7,767.1,786.5,768.3,766.5,765.0,745.4,763.9,731.6,778.1,715.0,706.1,11.7,19.79,13.0,9.0,6.0,3.0,2.0,3.8,3.0,2.8,2.5,2.6,3.0,3.0,3.0,3.0,1.0,20.0,20.0,20.0,20.0,10.0,0.0,0.0,0.0
210309,678.1999999999999,664.0,666.5,672.5,657.1,659.5,678.2,715.6,794.0,865.5999999999999,814.2,780.7,746.7,756.2,759.5,750.9000000000001,761.7,782.3,773.0,759.5,738.0,727.8,740.0999999999999,716.0,11.7,18.48,17.0,14.0,8.0,5.0,3.0,2.2,2.1,0.8,1.1,1.4,1.0,1.0,1.0,1.0,1.0,0.0,0.0,0.0,0.0,10.0,0.0,0.0,0.0
210310,718.1,690.6999999999999,674.2,663.8,698.3000000000001,680.4,682.8000000000001,709.2,782.4,852.7,820.0,776.3,729.0,718.2,743.7,777.7,715.0,714.8,711.2,700.6,658.3,669.4,685.1,684.9,11.8,20.71,16.0,14.0,11.0,9.0,8.0,2.1,1.0,1.4,1.0,2.2,3.0,3.0,4.0,4.0,4.0,20.0,20.0,30.0,30.0,60.0,0.0,0.0,5.0
210311,670.7,663.5,659.4,682.9,645.8,622.8000000000001,663.6999999999999,653.5,742.6,797.0,790.5999999999999,774.1999999999999,713.2,720.0,706.0,726.0999999999999,723.7,722.2,697.5999999999999,669.5999999999999,643.1,657.0,661.9,636.6999999999999,11.8,17.85,11.0,11.0,9.0,7.0,5.0,4.2,3.9,4.0,2.6,1.7,4.0,4.0,4.0,3.0,3.0,70.0,60.0,30.0,20.0,10.0,5.0,0.0,0.0
210312,622.9000000000001,641.0999999999999,664.6,626.5,619.5,601.1999999999999,641.1,624.5,720.1999999999999,774.9000000000001,786.0999999999999,790.4,799.6999999999999,772.5,804.0,781.8,789.4,779.9000000000001,716.8,667.7,689.1,687.3000000000001,676.0,660.1999999999999,11.8,6.05,15.0,12.0,7.0,5.0,3.0,4.0,2.9,1.6,0.8,0.9,3.0,1.0,1.0,1.0,1.0,20.0,10.0,0.0,0.0,0.0,0.0,0.0,0.0
210315,658.5,632.3,624.3000000000001,616.7,618.5,608.3,635.9,668.9,749.8,798.3,794.1999999999999,756.0,732.0999999999999,747.3,713.7,737.6,738.4000000000001,734.0,724.3000000000001,654.3,667.0,646.9000000000001,644.4,611.3,11.9,17.43,14.0,9.0,4.0,2.0,0.0,4.8,3.4,2.7,2.3,2.6,1.0,1.0,1.0,1.0,1.0,0.0,0.0,0.0,0.0,0.0,0.0,0.0,0.0
210316,613.1,618.8,625.4,590.6,617.9000000000001,588.9,600.8000000000001,635.8,701.4,745.1999999999999,763.9,736.9,710.8,704.8000000000001,696.1999999999999,697.3,736.0,712.5999999999999,715.8,685.8000000000001,720.3,726.0,710.1,700.6999999999999,12.0,21.36,17.0,13.0,7.0,5.0,4.0,2.1,2.3,0.9,1.2,1.1,1.0,1.0,1.0,1.0,1.0,0.0,0.0,0.0,0.0,0.0,0.0,0.0,0.0
210317,703.0,699.6999999999999,663.1,685.9,655.0,681.2,652.9,697.0,744.6,858.8,801.1999999999999,812.7,730.8,774.0,731.2,770.2,750.7,739.7,735.0999999999999,676.3,712.3,702.7,698.2,699.7,12.0,21.09,19.0,14.0,9.0,7.0,6.0,1.7,3.4,1.0,2.1,1.8,1.0,1.0,3.0,3.0,3.0,0.0,0.0,10.0,20.0,20.0,0.0,0.0,0.0
210318,682.5999999999999,651.9000000000001,642.0,627.6999999999999,649.9000000000001,616.5,666.0,710.3,721.4000000000001,775.4,772.3,734.3000000000001,695.3,703.9,737.5,757.8,721.7,701.5,694.3,692.7,698.5,723.6,718.5999999999999,651.6999999999999,12.1,21.93,19.0,17.0,12.0,10.0,9.0,1.7,1.1,2.5,2.3,3.0,3.0,4.0,3.0,4.0,4.0,20.0,30.0,20.0,30.0,30.0,0.0,0.0,5.0
210319,678.6,676.5999999999999,644.4,632.9000000000001,635.6,622.5,600.7,637.0,704.7,735.5,711.0999999999999,723.7,669.0999999999999,664.8,684.0999999999999,705.7,707.0,724.6,692.9,664.2,646.6,645.4000000000001,600.9,595.3,12.1,18.9,13.0,12.0,9.0,6.0,5.0,1.8,2.1,2.8,4.1,4.0,4.0,4.0,4.0,4.0,4.0,60.0,30.0,30.0,30.0,30.0,5.0,0.0,0.0
210322,719.0,678.8,645.1,661.4,638.3000000000001,646.6999999999999,651.8000000000001,662.3,787.6,819.3000000000001,889.3,886.5,802.5,813.3,808.7,793.7,788.2,824.9,777.6,779.1,763.8000000000001,726.1,718.0,718.1,12.2,23.98,16.0,13.0,7.0,5.0,3.0,5.5,3.1,2.1,1.8,1.9,1.0,1.0,1.0,1.0,1.0,0.0,0.0,0.0,0.0,0.0,0.0,0.0,0.0
210323,658.4,653.7,634.1,624.8,633.8,631.8,670.3,658.5,767.6,785.0999999999999,823.8,792.2,765.4,746.7,767.6,764.4000000000001,754.6,763.7,722.9,706.3000000000001,732.7,738.4,682.0,684.8,12.2,22.66,17.0,14.0,9.0,6.0,6.0,3.3,2.0,1.2,1.1,1.0,3.0,3.0,1.0,1.0,1.0,20.0,20.0,0.0,0.0,10.0,0.0,0.0,0.0
210324,693.8,657.9,659.7,666.3000000000001,677.1,673.7,684.4,665.3,754.7,799.0,822.5999999999999,790.5,747.0,793.1999999999999,772.5,784.9,753.6,756.7,710.4000000000001,695.1,695.3000000000001,706.1999999999999,664.2,658.0,12.3,15.14,21.0,17.0,10.0,6.0,5.0,2.7,2.4,0.9,1.1,1.1,1.0,1.0,1.0,1.0,1.0,0.0,0.0,0.0,0.0,0.0,0.0,0.0,0.0
210325,677.1999999999999,662.6,625.5,618.2,590.3,646.0,640.9,684.7,685.9,759.4000000000001,760.0,745.8,714.7,696.5,697.4,736.0,705.5999999999999,709.6,703.7,648.1999999999999,671.1,678.8,637.9,642.6999999999999,12.3,23.73,24.0,21.0,13.0,10.0,9.0,3.7,2.2,2.8,2.6,2.9,1.0,1.0,1.0,1.0,3.0,10.0,0.0,0.0,0.0,20.0,0.0,0.0,0.0
210326,656.5,631.1999999999999,630.5,611.5999999999999,625.5,620.9,636.3,624.0,684.6,724.5,737.4000000000001,728.4,697.0999999999999,679.4000000000001,703.1,675.9,673.5999999999999,651.8,638.1999999999999,650.5,618.5999999999999,637.3,592.0,596.3000000000001,12.4,21.84,16.0,16.0,16.0,14.0,10.0,7.6,6.0,4.4,3.5,4.5,4.0,4.0,4.0,4.0,4.0,60.0,60.0,62.0,73.0,66.0,40.0,20.0,5.0
210329,622.0,651.5999999999999,635.9,641.1999999999999,629.0,617.1,640.5,629.5,690.7,701.9,751.1,742.5,676.2,702.7,719.9000000000001,687.4,703.0,745.9,659.7,672.6,636.8,637.6,627.4,633.8,12.5,18.87,20.0,18.0,11.0,8.0,5.0,3.9,2.1,1.8,1.5,1.5,1.0,1.0,1.0,1.0,1.0,0.0,0.0,0.0,0.0,0.0,0.0,0.0,0.0
210330,628.8,623.3,607.7,569.6,601.4,613.7,638.9,639.9000000000001,705.1,716.5,719.8000000000001,728.8,712.9,690.8000000000001,712.9,717.6999999999999,675.5,703.3,708.1,684.0,680.2,655.7,652.1,646.9,12.5,22.3,23.0,20.0,14.0,10.0,8.0,1.4,0.4,1.3,1.9,2.3,1.0,1.0,1.0,1.0,1.0,0.0,0.0,0.0,0.0,10.0,0.0,0.0,0.0
210401,590.5,577.8,591.0,585.3,593.0,581.0999999999999,601.9,582.2,631.4,680.7,725.8,708.4000000000001,706.0,722.9,777.0,742.6,732.6,719.1999999999999,692.4,644.5,687.0,663.2,636.8000000000001,635.0999999999999,12.6,15.06,23.0,22.0,18.0,16.0,15.0,5.6,3.0,2.7,3.2,3.8,4.0,4.0,4.0,3.0,3.0,30.0,30.0,30.0,20.0,20.0,0.0,0.0,0.0
210402,615.7,590.5,576.5,587.5,566.6,598.3,578.8,594.0,625.1,664.5,697.1,721.7,697.4,707.0,752.5,722.8,719.7,705.5,658.9000000000001,645.7,615.4,616.1,650.2,588.1,12.6,13.43,17.0,18.0,16.0,13.0,12.0,4.5,4.0,1.3,0.5,2.3,4.0,4.0,4.0,4.0,4.0,60.0,60.0,60.0,60.0,60.0,5.0,5.0,5.0
210405,635.0999999999999,616.7,646.6,639.6,642.6,600.9,610.1999999999999,611.6,668.6,708.1,749.9,706.3,695.8,704.6,727.3,738.5,738.7,745.9,697.2,658.7,690.3000000000001,696.2,668.3000000000001,661.7,12.7,26.75,19.0,15.0,11.0,7.0,6.0,4.9,2.7,1.9,1.1,1.7,1.0,1.0,1.0,1.0,1.0,0.0,0.0,0.0,0.0,0.0,0.0,0.0,0.0
210406,668.3,625.1999999999999,604.8000000000001,609.6,622.5,641.2,624.6999999999999,649.5,691.3,713.8,728.3,720.2,716.7,675.0,735.2,732.4000000000001,723.0999999999999,707.9,677.1999999999999,687.8,667.0,622.6,638.6,628.8,12.8,22.13,21.0,18.0,12.0,8.0,7.0,3.9,3.3,0.9,0.7,0.9,1.0,1.0,1.0,1.0,1.0,0.0,0.0,0.0,0.0,0.0,0.0,0.0,0.0
210407,676.5,654.4,588.5,592.9,588.9,599.6999999999999,618.0999999999999,597.4,649.4000000000001,674.1999999999999,719.4,691.3000000000001,675.8,699.3,727.5999999999999,733.2,728.9000000000001,686.4,735.6,644.6,655.5,644.7,628.5,682.3,12.8,26.05,17.0,14.0,10.0,7.0,5.0,4.9,3.1,2.8,2.3,1.8,1.0,1.0,1.0,1.0,1.0,0.0,0.0,0.0,0.0,0.0,0.0,0.0,0.0
210408,598.1,576.7,573.0,546.9,594.8000000000001,593.9,562.5,592.0,649.2,672.2,705.0,683.4000000000001,663.2,675.6999999999999,686.1,690.4,727.3,708.3000000000001,661.0,668.4,654.8,679.8,653.1,652.6,12.8,26.36,20.0,16.0,12.0,8.0,6.0,0.2,4.1,2.9,3.7,2.5,1.0,1.0,1.0,1.0,1.0,0.0,0.0,0.0,0.0,0.0,0.0,0.0,0.0
210409,630.8,642.1,620.6,617.9,639.9,592.8,618.4,620.7,677.5,739.7,707.7,726.4000000000001,700.1999999999999,688.2,704.5,738.1999999999999,705.5,677.5999999999999,674.0,627.9,652.4,619.3,593.0,583.6,12.9,24.85,20.0,17.0,12.0,8.0,6.0,1.9,1.6,1.7,1.5,2.3,3.0,1.0,1.0,1.0,1.0,20.0,0.0,0.0,0.0,0.0,0.0,0.0,0.0
210412,593.4,581.4,569.3,556.4,546.7,575.6,586.1,555.7,623.0,681.0,736.5999999999999,709.2,704.4,736.2,782.9000000000001,784.5,761.0,766.6,740.5,699.3,700.0,693.3,672.3000000000001,654.6,13.0,4.33,14.0,10.0,7.0,6.0,5.0,6.1,3.9,2.9,3.0,3.3,1.0,1.0,1.0,3.0,1.0,10.0,0.0,10.0,20.0,0.0,0.0,0.0,0.0
210413,655.5,637.6999999999999,648.2,637.8000000000001,615.6,631.1,596.3,627.2,655.2,736.1999999999999,739.9,752.5,734.1,750.7,725.4000000000001,760.4,725.0,727.0,699.5,682.9000000000001,679.0,678.4000000000001,672.2,633.1999999999999,13.0,17.96,16.0,13.0,7.0,4.0,2.0,5.4,2.9,1.1,1.2,1.1,1.0,1.0,1.0,1.0,1.0,0.0,0.0,0.0,0.0,0.0,0.0,0.0,0.0
210414,654.8,651.4,656.9000000000001,635.6,660.1999999999999,615.7,638.0999999999999,605.5,688.0,716.6,750.8000000000001,718.2,703.9,713.9,710.5999999999999,682.4,724.0,712.4,690.0,651.5,677.1,658.9,642.5,648.1,13.0,27.8,18.0,16.0,10.0,9.0,8.0,3.6,2.8,2.7,3.0,3.1,3.0,3.0,1.0,1.0,3.0,20.0,10.0,0.0,10.0,20.0,0.0,0.0,0.0
210415,638.2,620.9,641.2,653.9,638.3,609.9000000000001,640.5,617.3,667.4,720.2,739.2,726.3,699.4000000000001,752.5999999999999,743.6999999999999,695.0,716.4000000000001,724.8,684.5999999999999,664.9,668.8,672.2,674.2,663.5,13.1,24.84,16.0,15.0,13.0,11.0,8.0,3.5,1.7,1.5,1.1,1.1,4.0,4.0,3.0,3.0,3.0,30.0,30.0,20.0,20.0,20.0,0.0,0.0,0.0
210416,644.5,622.9,590.8,641.3,603.2,621.6,592.4,637.3,665.8,718.3000000000001,711.5,742.0,683.6,731.2,702.3,686.3,720.8,696.0,653.5,661.4,637.1,616.3,628.9,597.4,13.1,10.87,15.0,12.0,8.0,7.0,7.0,6.6,5.2,3.6,3.5,3.1,1.0,1.0,1.0,1.0,3.0,10.0,0.0,0.0,0.0,20.0,0.0,0.0,0.0
210419,643.8,631.2,630.2,587.3,624.2,617.6,651.1999999999999,638.8,643.1,683.0,717.3,710.5,694.9000000000001,746.5,754.3,737.5,706.0999999999999,713.8,697.9000000000001,690.9,666.1,675.0999999999999,682.6,670.3000000000001,13.2,28.14,25.0,21.0,15.0,11.0,10.0,2.7,2.5,1.1,1.2,1.4,1.0,1.0,1.0,3.0,3.0,0.0,0.0,10.0,20.0,20.0,0.0,0.0,0.0
210420,633.0999999999999,618.9,626.0,614.1,588.2,589.2,619.5,621.5,645.0,673.6,635.9,642.4,612.1999999999999,646.9,607.1,631.5,613.2,628.6,630.6999999999999,588.4,598.3,604.3,590.6,579.8000000000001,13.3,27.0,27.0,24.0,18.0,14.0,13.0,3.5,1.8,1.4,1.7,1.7,4.0,4.0,4.0,4.0,4.0,30.0,30.0,30.0,30.0,30.0,0.0,0.0,0.0
210421,599.6999999999999,574.8,585.3000000000001,574.0,586.6,574.5,585.6,582.3,617.9,691.1999999999999,694.8000000000001,673.8000000000001,702.4,707.5,725.2,722.3,730.5,730.5,678.4,672.6,661.1999999999999,658.7,650.7,643.2,13.3,19.37,26.0,23.0,19.0,16.0,16.0,4.2,1.6,2.0,2.2,1.9,4.0,4.0,4.0,4.0,4.0,30.0,30.0,30.0,30.0,30.0,0.0,0.0,0.0
210422,602.5,586.9,583.4,578.9,568.1,575.1,605.5,583.5,639.1,702.0,747.0999999999999,746.3,708.1999999999999,731.4,713.5999999999999,729.3000000000001,727.4,724.5,674.1,655.5,677.4000000000001,680.2,646.2,624.1,13.3,10.47,26.0,23.0,18.0,14.0,13.0,4.8,2.1,1.4,1.3,1.7,1.0,4.0,3.0,3.0,3.0,10.0,30.0,20.0,20.0,20.0,0.0,0.0,0.0
210423,632.3,605.4,598.3,580.6,570.0,589.0,585.1,558.7,612.0,653.4000000000001,680.1,716.3000000000001,729.5999999999999,725.4000000000001,750.6999999999999,791.3000000000001,752.5,778.9000000000001,696.1,666.9000000000001,655.8,658.8,642.5,612.6,13.3,21.81,25.0,21.0,17.0,14.0,12.0,1.9,1.1,1.2,1.7,1.5,3.0,4.0,3.0,1.0,1.0,20.0,30.0,10.0,10.0,0.0,0.0,0.0,0.0
210426,575.4,580.8000000000001,563.8,580.2,569.8,551.8,551.2,568.2,613.8,674.4,698.2,717.5,696.9000000000001,702.1,751.4,779.5,778.3000000000001,752.0,741.9,713.8000000000001,698.0,700.4,696.7,690.8000000000001,13.5,26.52,21.0,20.0,17.0,14.0,14.0,3.0,2.1,1.6,1.3,2.0,4.0,4.0,3.0,3.0,4.0,30.0,30.0,20.0,20.0,30.0,0.0,0.0,0.0
210427,656.6999999999999,643.4,607.8,605.3000000000001,570.3,576.0,584.3,611.9,678.9,734.4000000000001,738.6,754.5,747.9000000000001,794.3,773.8000000000001,794.4000000000001,799.0999999999999,762.3,740.0999999999999,731.5,692.9,708.8,702.9000000000001,647.4,13.5,15.23,24.0,21.0,17.0,14.0,12.0,0.1,2.2,1.2,1.6,1.2,3.0,3.0,3.0,4.0,4.0,20.0,20.0,20.0,30.0,30.0,0.0,0.0,0.0
210428,623.8,636.7,599.5,596.6,608.0,601.5,611.3000000000001,645.5999999999999,689.5,758.3,792.8,799.6,762.4000000000001,768.9000000000001,784.5,820.8,782.8000000000001,772.9,737.7,719.1,718.6,701.9,694.5,683.4,13.5,21.43,23.0,22.0,17.0,14.0,13.0,3.4,4.2,3.0,5.1,8.0,1.0,1.0,3.0,4.0,4.0,0.0,0.0,10.0,60.0,67.0,0.0,1.0,5.0
210429,658.3,642.8,616.3000000000001,609.8,617.3,605.7,632.3,604.2,646.0,746.9,774.1,770.0,738.3,774.5,801.4000000000001,803.3000000000001,809.0,836.4000000000001,789.1,739.0,745.3,748.9,693.2,673.6,13.5,26.41,18.0,16.0,13.0,11.0,10.0,4.7,2.1,1.3,1.2,3.2,1.0,3.0,4.0,4.0,4.0,0.0,20.0,30.0,60.0,60.0,0.0,5.0,10.0
210503,614.5,603.7,558.0,650.0999999999999,572.9,584.0,559.9,597.1,658.3,756.0,754.1,765.6,749.3000000000001,802.6,821.7,815.3,818.1999999999999,803.5,765.1,713.7,742.7,681.5999999999999,685.9000000000001,667.2,13.7,28.3,20.0,18.0,18.0,16.0,13.0,5.1,6.6,5.4,3.8,3.5,4.0,4.0,4.0,4.0,4.0,60.0,60.0,67.0,60.0,30.0,5.0,20.0,0.0
210504,670.5,654.2,629.6999999999999,612.8,617.8000000000001,646.2,623.4,669.0,735.9000000000001,812.0,811.5,845.9,868.5999999999999,850.3,875.6,854.3,853.1,849.2,831.1999999999999,755.5,762.7,720.9,692.3,689.7,13.7,7.68,20.0,17.0,12.0,9.0,7.0,5.5,3.6,0.5,0.3,1.4,1.0,1.0,1.0,1.0,1.0,0.0,0.0,0.0,0.0,0.0,0.0,0.0,0.0
210506,651.3000000000001,590.9,584.8000000000001,578.2,560.2,570.2,584.1,601.9,644.3,702.4000000000001,773.5,782.0,817.7,830.6999999999999,850.5999999999999,813.0999999999999,837.2,811.6,768.2,726.1,725.1999999999999,709.0999999999999,696.4,685.5999999999999,13.8,22.42,19.0,17.0,12.0,9.0,7.0,3.2,4.2,0.4,1.2,0.3,3.0,1.0,1.0,1.0,1.0,20.0,0.0,0.0,0.0,0.0,0.0,0.0,0.0
210507,679.7,649.9,634.9,626.4,653.2,615.7,638.6999999999999,651.3000000000001,668.0,770.1999999999999,782.2,758.2,796.1999999999999,812.0999999999999,814.5,760.0,751.9,737.0,709.4,713.3,719.4,679.7,688.6999999999999,667.5,13.8,14.29,23.0,21.0,16.0,13.0,9.0,5.0,3.3,2.6,1.3,1.6,1.0,1.0,3.0,1.0,1.0,0.0,10.0,20.0,10.0,0.0,0.0,0.0,0.0
210510,633.0,640.4,655.1,610.9,599.8,600.8,593.1,618.3,731.9,756.8000000000001,756.0,757.5999999999999,769.3,847.9,815.8,841.5,832.3,823.8,785.5,746.6,746.8000000000001,748.8,720.9,708.4,13.9,11.37,23.0,22.0,19.0,16.0,15.0,4.6,2.7,2.6,1.8,1.9,3.0,3.0,3.0,1.0,1.0,20.0,20.0,10.0,10.0,0.0,0.0,0.0,0.0
210511,707.5,682.6999999999999,672.3,641.1999999999999,633.3,656.0,626.2,661.2,739.2,785.4000000000001,847.5999999999999,867.8,825.1,902.3,897.9,919.0,875.0,860.0,848.1,800.1,814.2,807.5,795.0999999999999,742.9000000000001,13.9,13.85,28.0,26.0,21.0,18.0,16.0,3.4,2.5,1.0,1.4,1.3,4.0,3.0,1.0,1.0,1.0,30.0,10.0,0.0,0.0,0.0,0.0,0.0,0.0
210512,727.3000000000001,737.1999999999999,737.1,701.6999999999999,663.9,649.6,665.9000000000001,669.4000000000001,715.4,792.0999999999999,865.0,864.6,862.7,926.4,954.3,998.2,980.9,982.4,932.8,916.8,869.9,888.6,863.4,799.5,13.9,23.31,29.0,25.0,21.0,18.0,16.0,1.2,1.5,1.0,1.4,0.9,3.0,3.0,3.0,1.0,1.0,10.0,20.0,20.0,0.0,0.0,0.0,0.0,0.0
210513,795.3,786.1,759.9,715.1,714.4000000000001,691.0,689.3000000000001,728.3000000000001,770.2,863.9,900.1,949.7,952.3,1020.2,1009.1,1112.1,1090.5,1038.2,974.4,890.6,871.1999999999999,873.6,831.9,819.4000000000001,14.0,27.09,29.0,25.0,21.0,20.0,20.0,4.0,3.2,2.3,3.3,2.6,3.0,3.0,4.0,4.0,4.0,10.0,20.0,30.0,30.0,30.0,0.0,0.0,5.0
210514,787.4,772.5,748.1,713.6,709.4,709.4,717.0,749.1,825.3000000000001,917.0,999.3,1015.5,993.9,1028.5,1051.0,1056.6,984.8,931.4,863.6999999999999,757.1999999999999,741.7,711.5,670.0,649.4,14.0,20.85,23.0,23.0,22.0,21.0,21.0,3.3,2.4,2.4,2.7,2.8,4.0,4.0,4.0,4.0,4.0,60.0,30.0,30.0,60.0,70.0,1.0,5.0,20.0
210517,588.1999999999999,570.5,563.0,549.8,537.7,537.3,548.3,538.7,617.6999999999999,738.3,804.4000000000001,828.9,829.4,841.5,848.4000000000001,859.1,880.5,875.6999999999999,828.5,824.0999999999999,777.8000000000001,781.5999999999999,752.5,739.5,14.1,6.29,24.0,22.0,18.0,15.0,13.0,2.3,3.0,0.8,0.6,0.9,4.0,3.0,1.0,1.0,1.0,30.0,20.0,0.0,0.0,0.0,0.0,0.0,0.0
210518,723.5,674.3000000000001,669.0,637.3,642.1,636.4,659.2,636.2,687.2,784.9000000000001,821.8,834.2,829.0,880.6,921.0,898.4,916.9,893.3,879.2,774.3,751.3,765.3000000000001,746.0,727.3,14.1,20.51,28.0,26.0,21.0,18.0,17.0,1.9,1.3,1.7,1.6,1.8,1.0,1.0,3.0,3.0,4.0,0.0,0.0,10.0,20.0,30.0,0.0,0.0,0.0
210519,724.4,684.6,691.6999999999999,671.8000000000001,658.4,637.0,649.6,623.0,660.1999999999999,672.9,722.6,710.3000000000001,746.7,783.7,820.1,814.8,817.5,808.9000000000001,799.1,776.8000000000001,767.6,784.3,744.8,750.0,14.1,26.71,18.0,18.0,17.0,15.0,15.0,0.2,1.7,2.3,3.9,3.0,4.0,4.0,4.0,4.0,4.0,80.0,70.0,30.0,30.0,30.0,5.0,0.0,0.0
210520,718.0,708.1,712.0999999999999,710.6,659.6999999999999,684.6,673.7,697.2,712.1,793.7,805.5,806.0,811.8,839.0999999999999,849.6,887.4000000000001,894.1,853.0999999999999,821.0,785.4,762.4,760.4,778.5,720.2,14.1,5.17,20.0,18.0,15.0,13.0,12.0,3.7,3.6,1.4,1.3,1.4,3.0,3.0,3.0,1.0,1.0,20.0,20.0,20.0,0.0,0.0,0.0,0.0,0.0
210521,707.4,668.3000000000001,660.9,656.7,621.7,639.3,660.7,635.0999999999999,677.6,756.4000000000001,806.0,784.0,779.1,814.8,845.9,840.5999999999999,867.1,846.8,813.6999999999999,768.8,745.5,730.5,725.4,687.1,14.2,19.07,26.0,24.0,18.0,15.0,13.0,3.4,2.6,1.2,1.4,1.5,1.0,1.0,1.0,1.0,1.0,0.0,0.0,0.0,0.0,0.0,0.0,0.0,0.0
210524,740.9,700.0999999999999,684.2,671.5,682.3,654.0,682.5999999999999,668.2,730.9,834.3000000000001,871.0,886.1999999999999,885.8,910.3,990.4,991.5,968.4,911.8,854.5,823.7,834.9,816.1999999999999,789.4,773.3,14.2,25.07,22.0,20.0,15.0,13.0,12.0,5.2,3.5,1.0,0.9,1.3,1.0,1.0,1.0,1.0,1.0,0.0,0.0,0.0,0.0,0.0,0.0,0.0,0.0
210525,760.9,775.1999999999999,712.8,684.5,665.5,662.8,671.3,654.5,744.0,811.9000000000001,859.8000000000001,845.2,833.2,882.2,909.3,909.1,896.3,900.7,873.1,822.9,784.1999999999999,802.7,787.3000000000001,773.6,14.3,24.88,24.0,22.0,19.0,16.0,15.0,4.0,5.0,5.2,3.6,1.4,4.0,4.0,3.0,4.0,4.0,30.0,30.0,20.0,30.0,61.0,0.0,0.0,10.0
210526,731.1,708.8000000000001,682.1999999999999,664.0,653.0,658.1,661.6,665.4,739.8,802.5999999999999,872.5,891.0,911.5,910.4,923.7,928.9,954.9,890.0,882.0999999999999,816.8000000000001,811.1,801.0,781.9,782.1,14.3,15.72,23.0,21.0,16.0,14.0,13.0,3.5,2.8,1.2,1.6,1.8,3.0,1.0,1.0,1.0,1.0,20.0,0.0,0.0,0.0,0.0,0.0,0.0,0.0
210527,733.1,718.1999999999999,711.9,691.1,689.8000000000001,672.1,695.8000000000001,694.3,747.8,802.7,845.3,842.8000000000001,848.4,902.3,899.8,934.0,897.5999999999999,906.4,905.8,832.7,814.8,811.1,807.3000000000001,767.1,14.3,14.99,22.0,19.0,16.0,15.0,14.0,4.6,4.3,3.0,3.8,2.9,4.0,1.0,4.0,4.0,1.0,70.0,10.0,30.0,30.0,0.0,10.0,0.0,0.0
210528,729.5999999999999,707.4,693.5,688.1,670.0,652.2,635.9000000000001,677.6,766.0999999999999,825.4,882.1,866.7,869.9,868.1,914.0,933.3,890.8,877.4,811.5999999999999,759.2,731.0,739.1,702.5,708.5,14.3,19.25,25.0,23.0,18.0,15.0,14.0,3.2,2.0,1.7,1.2,2.1,1.0,1.0,3.0,3.0,3.0,0.0,0.0,10.0,10.0,20.0,0.0,0.0,0.0
210601,823.9,793.9,787.2,780.8,727.2,737.9,722.6,770.5,867.4,904.9,948.7,957.2,998.1,1013.0,1031.4,1029.8,1047.9,1038.5,979.7,915.1,893.1,886.1,878.0999999999999,858.5999999999999,14.4,27.42,29.0,26.0,22.0,20.0,19.0,4.1,2.7,2.5,2.9,2.3,1.0,1.0,1.0,1.0,1.0,0.0,0.0,0.0,0.0,0.0,0.0,0.0,0.0
210602,829.1,773.5,762.3,761.0,746.4000000000001,735.7,744.5,749.1999999999999,855.5999999999999,947.5,980.1,980.3,1024.1,1042.0,1038.8,1084.9,1065.4,1026.1,965.8,913.8,939.1,885.6,880.9,846.5,14.4,21.53,23.0,22.0,19.0,19.0,18.0,3.4,1.1,2.9,1.4,2.1,4.0,4.0,4.0,4.0,4.0,30.0,30.0,60.0,30.0,30.0,0.0,1.0,0.0
210603,834.4,810.5,790.1,790.3,754.0,759.9,790.9,805.6,808.5,951.9,956.2,965.9,963.3,1007.7,1019.8,1021.7,1034.9,1013.1,971.3,920.0,939.2,890.2,874.0,867.6999999999999,14.4,5.13,25.0,24.0,18.0,15.0,14.0,3.9,3.5,1.7,1.7,1.3,1.0,1.0,1.0,1.0,1.0,0.0,0.0,0.0,0.0,0.0,0.0,0.0,0.0
210604,823.8000000000001,797.0,788.9,772.1999999999999,739.4000000000001,757.1999999999999,727.5,763.6999999999999,825.4,906.0,923.1,952.4,926.4,991.1,990.9,999.4,989.6,955.9,923.9,841.5,854.1,850.1,794.6999999999999,784.9000000000001,14.4,29.77,28.0,25.0,21.0,19.0,17.0,4.8,3.6,1.7,1.7,1.7,1.0,1.0,1.0,1.0,1.0,0.0,0.0,0.0,0.0,0.0,0.0,0.0,0.0
210607,774.4,734.5999999999999,733.5,742.9,699.8000000000001,685.9,692.8000000000001,697.0,811.9,923.6,964.8,958.8,979.0,1016.0,1051.1,1033.7,1055.0,1045.7,996.0,969.3,976.2,940.4,921.2,871.1,14.5,25.55,32.0,30.0,24.0,22.0,20.0,1.5,1.6,1.1,1.1,1.3,1.0,1.0,1.0,1.0,1.0,0.0,0.0,0.0,0.0,0.0,0.0,0.0,0.0
210608,841.2,814.9,775.0,758.3,765.6999999999999,763.1,774.5,790.5,899.7,981.7,1008.2,1038.9,1037.2,1121.6,1133.5,1163.7,1125.4,1123.9,1099.2,1026.5,1005.1,984.3,956.5,929.7,14.5,28.42,32.0,29.0,24.0,22.0,21.0,3.8,3.2,2.2,2.0,2.1,1.0,1.0,1.0,1.0,1.0,0.0,0.0,0.0,0.0,0.0,0.0,0.0,0.0
210609,884.2,834.3000000000001,807.8,822.7,800.8,762.0,785.0,790.9,900.9,1005.7,1045.2,1039.0,1128.3,1128.4,1177.9,1204.6,1172.8,1134.0,1071.8,1007.0,1010.6,982.2,962.1,923.4,14.5,28.61,28.0,25.0,23.0,22.0,22.0,5.5,4.2,5.0,4.1,4.5,4.0,4.0,4.0,4.0,4.0,30.0,30.0,60.0,66.0,80.0,0.0,20.0,70.0
210610,886.6,881.5,840.9000000000001,804.8,756.4000000000001,775.5,778.9000000000001,814.3,928.0,1026.9,1046.3,1072.2,1048.8,1120.7,1137.4,1095.9,1070.1,1074.3,996.1,982.0,951.1,916.6,911.9,848.5,14.5,11.99,27.0,27.0,22.0,20.0,19.0,0.9,1.8,1.2,0.7,0.9,4.0,3.0,3.0,4.0,4.0,30.0,20.0,10.0,30.0,30.0,0.0,0.0,0.0
210611,804.3,768.9,751.8000000000001,758.1999999999999,774.6999999999999,740.6999999999999,755.5,781.6,874.6,977.9,1050.8,1069.3,1057.2,1105.5,1115.4,1103.9,1099.2,1078.0,1039.9,986.3,954.8,951.5,887.2,889.8,14.5,23.36,30.0,28.0,24.0,22.0,20.0,1.9,3.1,0.9,0.8,0.1,3.0,3.0,3.0,4.0,4.0,20.0,10.0,20.0,30.0,30.0,0.0,0.0,0.0
210622,848.5,809.5,760.8,764.4000000000001,735.5,757.7,779.1,811.6,952.3,1034.2,1043.9,1079.5,1090.3,1119.4,1190.4,1172.5,1162.3,1127.9,1066.2,996.6,977.5,992.5,945.9,893.6999999999999,14.5,25.03,24.0,24.0,21.0,20.0,19.0,2.3,2.4,1.4,1.6,1.5,4.0,4.0,4.0,4.0,4.0,60.0,60.0,60.0,30.0,30.0,10.0,1.0,0.0
210623,875.6999999999999,830.4,815.8000000000001,803.6,783.5,778.0,798.9000000000001,800.8000000000001,922.2,1003.6,1095.2,1092.0,1095.3,1142.6,1117.9,1111.8,1100.2,1085.1,1087.9,976.0,978.6,933.0,913.7,887.0,14.5,15.77,26.0,24.0,22.0,21.0,19.0,1.3,2.1,0.9,0.8,1.1,3.0,4.0,4.0,4.0,4.0,60.0,60.0,60.0,60.0,30.0,5.0,5.0,0.0
210624,859.9000000000001,846.6,824.9,807.0,826.8,796.5,794.6,836.3,903.5,1032.3,1075.8,1095.1,1096.0,1093.2,1127.8,1129.5,1113.0,1082.3,1022.9,985.9,958.8,956.9,941.3,892.4,14.5,16.34,29.0,27.0,23.0,22.0,21.0,2.2,2.1,0.7,0.9,1.1,4.0,4.0,4.0,4.0,4.0,30.0,30.0,30.0,30.0,30.0,0.0,0.0,5.0
210625,869.9,825.5,808.3000000000001,786.6999999999999,760.1,769.4,783.5,788.0999999999999,950.7,1075.9,1150.6,1155.1,1107.9,1122.7,1185.8,1175.8000000000002,1142.9,1085.5,1047.0,976.5,937.5,896.3000000000001,869.6,853.6999999999999,14.5,18.37,28.0,26.0,24.0,22.0,20.0,2.3,2.0,1.3,1.4,1.3,3.0,4.0,4.0,3.0,1.0,20.0,60.0,30.0,20.0,0.0,1.0,0.0,0.0
210628,883.4,910.3,820.9,845.2,804.1,804.4,830.1,822.0,1055.9,1115.5,1198.6,1234.2,1228.3000000000002,1277.9,1278.4,1287.6,1203.8,1164.1,1103.1,1054.9,1019.8,991.0,977.8,963.0,14.5,15.34,28.0,27.0,23.0,21.0,21.0,2.0,1.8,0.4,1.3,1.2,3.0,4.0,3.0,3.0,3.0,60.0,60.0,20.0,20.0,20.0,40.0,0.0,0.0
210629,895.9,878.6,867.5,895.1,812.3,829.1,816.0999999999999,838.1999999999999,1012.3,1112.4,1147.0,1149.3,1164.7,1214.9,1260.4,1243.3,1304.7,1220.0,1135.0,1079.9,1043.2,1001.2,988.2,971.4,14.5,18.5,28.0,28.0,24.0,22.0,21.0,0.7,1.2,1.3,1.3,1.6,4.0,3.0,4.0,3.0,1.0,60.0,60.0,30.0,20.0,0.0,20.0,0.0,0.0
210701,950.3,932.3,955.0,910.8,890.9,873.5999999999999,859.0999999999999,891.5999999999999,1105.4,1215.0,1222.0,1241.0,1248.6,1269.1,1254.6,1283.5,1277.6,1309.4,1230.1,1109.6,1102.9,1057.0,1033.3,1024.4,14.5,23.86,30.0,28.0,25.0,24.0,23.0,0.8,1.7,1.7,1.9,1.9,3.0,3.0,4.0,3.0,1.0,60.0,60.0,30.0,20.0,0.0,4.0,0.0,0.0
210702,1009.5,951.5,941.1,918.8,888.3,899.0,926.1,978.7,1059.6,1151.6,1192.9,1217.2,1241.2,1240.0,1252.5,1301.3,1285.1,1263.4,1162.4,1108.5,1050.8,1034.1,989.9,992.1,14.5,17.21,22.0,24.0,25.0,25.0,24.0,5.7,4.5,4.9,5.4,4.1,4.0,4.0,4.0,4.0,4.0,60.0,60.0,60.0,63.0,66.0,2.0,3.0,0.0
210705,903.7,897.9,874.3,865.1,876.9,847.7,856.8000000000001,892.5,1042.4,1166.5,1154.2,1159.3,1130.9,1124.0,1134.3,1178.8,1141.6,1102.5,999.0,974.3,977.3,991.0,948.7,976.3,14.5,5.21,24.0,25.0,24.0,24.0,24.0,1.8,1.8,1.1,0.9,1.2,4.0,4.0,4.0,4.0,4.0,60.0,60.0,60.0,60.0,63.0,1.0,1.0,2.0
210706,926.9,916.2,879.8,884.1,873.1,867.0,867.5,879.9000000000001,991.8,1087.6,1118.6,1172.1,1186.6,1155.1,1202.8,1189.0,1208.3000000000002,1212.9,1077.6,1085.2,1079.0,1062.4,1044.8,998.7,14.4,3.27,26.0,26.0,25.0,25.0,24.0,1.7,1.7,1.5,1.9,1.4,4.0,4.0,4.0,4.0,4.0,60.0,30.0,60.0,30.0,30.0,0.0,0.0,0.0
210707,993.0,942.9,923.7,920.3,928.4,919.4,939.9,951.0,1102.6,1203.8,1274.0,1312.8000000000002,1291.2,1283.4,1328.0,1332.2,1319.2,1262.4,1202.4,1128.6,1089.4,1120.1,1075.9,1071.4,14.4,7.0,27.0,26.0,24.0,23.0,23.0,2.6,2.3,1.4,1.8,1.7,3.0,4.0,4.0,4.0,4.0,20.0,30.0,60.0,30.0,30.0,0.0,0.0,0.0
210708,1055.2,989.2,976.7,973.1,944.3,928.4,887.9000000000001,921.6,1031.3,1116.0,1107.3,1210.7,1206.0,1202.6999999999998,1261.7,1242.8,1219.6,1207.0,1140.5,1060.9,1057.2,1027.8,1043.0,1019.6,14.4,11.66,30.0,28.0,25.0,24.0,23.0,3.9,2.9,1.3,1.1,1.9,3.0,3.0,4.0,4.0,4.0,60.0,20.0,30.0,30.0,30.0,0.0,0.0,0.0
210709,1009.9,951.7,913.0,899.1999999999999,872.0999999999999,869.0999999999999,886.0,889.7,1046.4,1144.6,1173.7,1173.6,1195.8,1215.8,1259.4,1260.1,1234.7,1216.5,1104.8,1037.4,1009.9,961.2,967.1,964.1,14.4,17.77,30.0,28.0,26.0,25.0,24.0,2.5,2.8,1.2,1.8,1.8,4.0,3.0,4.0,3.0,4.0,30.0,20.0,30.0,20.0,30.0,0.0,0.0,0.0
210712,972.2,953.9,922.3,918.6,892.2,884.9,912.6,926.4,1107.6,1227.1,1251.6,1298.2,1289.4,1347.0,1361.5,1376.2,1357.2,1362.9,1299.7,1195.3000000000002,1221.8,1183.4,1136.8,1113.2,14.4,21.16,31.0,30.0,27.0,26.0,25.0,3.3,2.3,1.9,2.4,2.0,3.0,1.0,1.0,1.0,1.0,20.0,0.0,0.0,0.0,0.0,0.0,0.0,0.0
210713,1048.5,1050.1,1003.7,992.8,971.7,960.8,993.1,1025.8,1159.7,1255.8000000000002,1285.4,1300.9,1332.6,1317.0,1356.3,1383.2,1373.4,1303.4,1272.0,1172.3,1164.1999999999998,1137.6,1071.9,1101.5,14.3,22.3,31.0,30.0,27.0,25.0,24.0,3.0,3.0,1.6,1.5,1.6,4.0,4.0,1.0,1.0,3.0,30.0,30.0,0.0,0.0,20.0,0.0,0.0,0.0
210714,1020.3,985.5,1003.1,1000.1,971.7,953.5,958.6,977.6,1209.8,1305.0,1320.0,1334.7,1306.0,1338.1,1374.5,1409.4,1366.0,1332.4,1226.9,1156.7,1163.5,1144.8000000000002,1139.8,1063.5,14.3,16.15,32.0,30.0,27.0,25.0,24.0,2.5,2.1,1.5,1.2,1.5,3.0,4.0,4.0,3.0,4.0,60.0,30.0,30.0,20.0,30.0,0.0,0.0,0.0
210715,1062.1,988.5,956.4,943.3,946.0,942.0,1004.6,988.5,1115.6,1280.2,1311.9,1296.0,1277.7,1346.8,1383.4,1370.9,1378.1,1283.2,1201.0,1141.6,1143.9,1122.8,1095.4,1071.0,14.3,26.02,30.0,29.0,26.0,25.0,23.0,1.5,1.3,1.2,1.3,1.2,3.0,3.0,3.0,3.0,3.0,60.0,20.0,20.0,20.0,20.0,0.0,0.0,0.0
210716,1017.1,974.7,996.6,969.1,950.2,937.4,963.0,973.5,1169.1,1254.7,1293.5,1292.1,1283.9,1297.5,1380.5,1326.6999999999998,1296.6,1256.4,1152.1,1080.3,1038.2,1028.4,1008.7,997.7,14.3,18.0,29.0,28.0,25.0,24.0,24.0,2.5,1.9,1.3,1.9,1.5,3.0,3.0,3.0,1.0,1.0,60.0,20.0,20.0,0.0,0.0,0.0,0.0,0.0
210719,953.0,981.1,946.1,938.1,914.9,893.5,916.1,1009.5,1091.3,1229.9,1263.1,1302.9,1287.6,1352.0,1403.0,1394.7,1376.1,1351.5,1247.7,1149.5,1162.6999999999998,1088.3,1042.8,1024.9,14.2,20.79,32.0,31.0,27.0,25.0,23.0,2.3,1.4,1.5,1.2,1.4,4.0,1.0,1.0,1.0,1.0,30.0,0.0,0.0,0.0,0.0,0.0,0.0,0.0
210720,1019.8,1000.2,992.7,976.1,961.9,941.4,979.1,1004.1,1218.0,1294.6999999999998,1330.2,1325.4,1312.0,1395.6,1411.5,1448.8000000000002,1363.3,1336.3,1306.3,1195.2,1199.1,1173.7,1100.7,1136.6,14.2,17.52,34.0,33.0,28.0,25.0,23.0,2.5,2.0,1.2,1.2,1.6,1.0,1.0,1.0,1.0,1.0,0.0,0.0,0.0,0.0,0.0,0.0,0.0,0.0
210721,1050.3,1001.7,988.1,957.5,945.3,911.1,935.8,969.8,1142.0,1270.4,1342.8,1352.5,1344.1999999999998,1358.9,1416.9,1488.4,1454.3000000000002,1388.8,1296.5,1209.1,1142.4,1143.2,1118.0,1083.5,14.2,26.22,33.0,32.0,27.0,25.0,24.0,2.6,2.1,1.5,1.9,1.1,1.0,1.0,3.0,3.0,1.0,0.0,0.0,20.0,20.0,0.0,0.0,0.0,0.0
210722,1062.5,1069.2,980.6,1026.2,984.1,939.7,950.3,1048.1,1158.5,1269.8000000000002,1356.0,1360.8000000000002,1348.8,1364.2,1419.5,1464.7,1417.8,1405.0,1318.0,1245.7,1207.2,1185.0,1153.2,1100.3,14.2,23.56,33.0,31.0,27.0,25.0,24.0,3.0,2.0,1.1,1.4,1.5,1.0,1.0,4.0,3.0,4.0,0.0,0.0,30.0,20.0,30.0,0.0,0.0,0.0
210723,1033.4,1051.1,1012.7,1004.7,979.6,954.3,967.6,967.1,1165.1999999999998,1300.3,1351.4,1409.9,1360.1,1398.5,1455.0,1472.0,1408.3,1407.6,1250.6,1175.9,1125.9,1117.3,1077.1,1072.1,14.1,22.38,34.0,32.0,27.0,25.0,24.0,3.4,1.9,1.5,1.9,2.2,3.0,3.0,1.0,1.0,1.0,20.0,20.0,0.0,0.0,0.0,0.0,0.0,0.0
210726,1025.9,1015.8,1007.7,950.7,976.7,959.2,961.4,1025.6,1201.3,1315.9,1354.8,1362.8,1344.8,1414.9,1464.0,1449.5,1461.1999999999998,1427.8,1344.4,1233.8,1216.3000000000002,1168.2,1125.8,1100.9,14.1,20.25,34.0,32.0,28.0,26.0,24.0,2.4,2.6,1.0,1.0,1.0,3.0,1.0,3.0,3.0,3.0,20.0,0.0,20.0,20.0,20.0,0.0,0.0,0.0
210727,1127.7,1046.0,899.0,913.2,852.6999999999999,813.9000000000001,865.0999999999999,882.9,1058.0,1209.9,1234.1,1269.9,1315.8,1316.1,1434.4,1368.9,1407.2,1389.5,1275.1,1201.6,1211.8,1170.1,1139.8,1064.5,14.0,19.96,34.0,31.0,28.0,26.0,24.0,1.6,2.5,0.8,1.2,0.9,3.0,4.0,4.0,3.0,3.0,20.0,30.0,60.0,20.0,20.0,0.0,0.0,0.0
210728,1033.0,987.3,1010.0,991.0,947.4,960.5,933.3,976.2,1247.3,1293.0,1340.0,1361.2,1370.6999999999998,1342.6,1422.0,1401.1,1384.0,1338.4,1270.9,1193.4,1157.8,1149.6,1133.0,1072.5,14.0,19.15,33.0,31.0,27.0,25.0,23.0,2.7,2.2,1.1,1.3,1.4,1.0,1.0,1.0,1.0,1.0,0.0,0.0,0.0,0.0,0.0,0.0,0.0,0.0
210729,1099.9,1091.1,1001.2,1004.0,978.9,967.5,948.2,1034.0,1190.6,1321.5,1331.6,1375.8,1395.7,1428.4,1455.4,1417.3000000000002,1424.3000000000002,1415.9,1248.2,1164.7,1159.8,1172.7,1133.2,1089.2,14.0,20.75,32.0,30.0,28.0,26.0,26.0,3.2,2.7,2.0,1.8,1.5,4.0,4.0,4.0,4.0,4.0,30.0,30.0,30.0,30.0,30.0,0.0,0.0,0.0
210730,1043.7,994.3,973.9,943.8,972.4,904.0,925.4,1063.4,1214.7,1297.1,1322.9,1325.9,1313.8,1373.1,1386.6,1405.1999999999998,1359.9,1366.1,1204.2,1126.4,1093.6,1092.1,1052.1,1041.5,14.0,20.07,34.0,31.0,27.0,26.0,25.0,2.1,2.5,0.9,0.5,0.8,1.0,1.0,1.0,1.0,3.0,0.0,0.0,0.0,0.0,20.0,0.0,0.0,0.0
210802,1008.6,1024.4,977.6,972.1,990.4,985.3,994.3,1037.3,1236.9,1355.4,1385.7,1382.8000000000002,1361.0,1404.0,1414.4,1430.9,1407.8,1438.1999999999998,1272.6,1190.8,1163.9,1154.1,1129.9,1045.6,13.9,12.71,32.0,31.0,27.0,25.0,24.0,3.0,2.6,1.5,1.1,1.3,4.0,1.0,1.0,1.0,1.0,60.0,0.0,0.0,0.0,0.0,0.0,0.0,0.0
210803,1041.7,1028.3,1006.3,1001.9,964.0,982.7,968.9,998.3,1116.0,1308.6,1376.5,1380.4,1354.1,1404.0,1468.0,1455.6,1464.8000000000002,1376.4,1334.6999999999998,1218.2,1213.7,1194.5,1159.4,1119.4,13.9,17.07,33.0,32.0,28.0,26.0,25.0,2.6,2.0,1.3,1.1,1.2,3.0,1.0,1.0,1.0,1.0,60.0,0.0,0.0,0.0,0.0,0.0,0.0,0.0
210804,1081.7,1024.3,1008.0,979.7,982.2,955.3,948.1,1016.4,1226.4,1343.3,1369.3,1405.6,1400.3,1449.9,1465.5,1444.1,1470.7,1427.8000000000002,1271.0,1205.3,1203.8,1157.8,1127.3,1070.1,13.8,23.1,33.0,31.0,28.0,26.0,25.0,1.0,1.8,1.1,1.1,1.4,4.0,3.0,4.0,3.0,3.0,60.0,60.0,30.0,20.0,20.0,11.0,0.0,0.0
210805,1045.0,1030.3,1056.6,995.8,984.8,938.5,964.9,1066.7,1200.6,1324.9,1387.6,1393.2,1399.6,1408.8000000000002,1445.2,1452.5,1476.8,1415.3,1313.4,1202.4,1218.7,1161.1,1145.2,1077.5,13.8,18.02,35.0,32.0,28.0,26.0,25.0,1.3,2.7,1.6,1.8,1.6,1.0,1.0,1.0,1.0,1.0,0.0,0.0,0.0,0.0,0.0,0.0,0.0,0.0
210806,1068.8,1033.4,1009.4,1031.3,983.3,972.8,968.8,1094.8,1204.3,1366.1,1405.0,1444.1,1439.7,1471.8,1466.4,1501.0,1492.6,1474.6,1136.4,1100.6,1060.6,1067.0,1036.2,991.8,13.8,24.15,33.0,30.0,27.0,26.0,25.0,3.6,2.3,1.6,1.3,0.9,4.0,3.0,3.0,3.0,1.0,60.0,20.0,20.0,20.0,0.0,0.0,0.0,0.0
210809,997.3,1001.1,962.3,944.3,918.3,931.5,955.8,976.9,1161.0,1282.1,1328.1,1331.6,1330.0,1365.1,1374.4,1399.8,1383.4,1355.1999999999998,1282.1,1148.9,1137.2,1123.4,1077.0,1066.9,13.7,25.99,31.0,29.0,26.0,24.0,22.0,2.3,2.6,0.9,0.8,0.8,3.0,3.0,3.0,3.0,1.0,20.0,20.0,20.0,20.0,0.0,0.0,0.0,0.0
210810,1038.5,1031.0,992.7,982.5,980.1,954.0,984.4,1005.0,1147.7,1290.4,1342.0,1357.4,1339.4,1398.2,1493.3000000000002,1453.4,1425.0,1341.7,1266.8,1248.6,1180.9,1113.5,1104.5,1073.4,13.7,20.12,32.0,30.0,26.0,24.0,23.0,2.6,2.8,0.9,1.0,1.0,3.0,3.0,1.0,3.0,1.0,20.0,20.0,0.0,20.0,0.0,0.0,0.0,0.0
210811,1039.0,1003.8,973.2,937.4,931.2,915.8,936.3,960.1,1126.8,1281.4,1331.1,1306.4,1344.3000000000002,1363.2,1363.2,1373.9,1350.1,1316.3000000000002,1218.1999999999998,1166.4,1132.1,1106.1,1093.1,1071.2,13.6,17.82,32.0,28.0,26.0,25.0,24.0,1.1,1.3,1.1,0.9,1.1,4.0,4.0,4.0,4.0,3.0,30.0,30.0,30.0,30.0,20.0,0.0,0.0,0.0
210812,1039.3,1026.8,985.5,942.5,958.4,921.4,918.9,959.6,1115.9,1239.5,1295.4,1316.9,1289.4,1313.1,1374.7,1330.3,1317.6,1290.5,1195.0,1148.8,1115.3,1113.8,1092.9,1044.2,13.6,14.3,31.0,29.0,26.0,25.0,24.0,1.4,1.4,0.8,1.3,0.9,4.0,4.0,4.0,4.0,4.0,30.0,30.0,30.0,60.0,60.0,0.0,3.0,3.0
210813,1016.1,978.5,970.0,931.3,954.8,928.7,911.7,949.7,1061.1,1146.5,1168.4,1220.7,1213.6,1261.3,1289.1999999999998,1282.2,1248.3,1232.2,1136.4,1104.3,1085.2,1046.6,1072.0,1028.0,13.6,11.44,28.0,27.0,24.0,22.0,21.0,2.0,1.1,1.1,1.6,1.2,4.0,4.0,3.0,1.0,1.0,30.0,30.0,20.0,0.0,0.0,0.0,0.0,0.0
210816,959.1,955.3,954.0,960.1,923.6,916.1,886.0,925.1,934.9,998.4,1020.0,1054.1,1045.7,1046.7,1105.9,1104.6,1091.6,1095.0,1074.3,1067.2,1032.6,1046.8,1041.0,1016.4,13.5,4.29,31.0,28.0,24.0,22.0,21.0,2.4,1.3,1.1,1.3,1.3,4.0,4.0,4.0,3.0,3.0,60.0,30.0,30.0,20.0,20.0,0.0,0.0,0.0
210817,1001.4,974.6,968.2,925.2,904.3,910.6,896.6999999999999,911.3,1039.0,1214.0,1256.2,1250.1,1239.2,1299.1999999999998,1312.3000000000002,1355.7,1348.1,1354.2,1273.3,1175.9,1129.7,1118.9,1065.0,1066.7,13.4,24.47,28.0,25.0,23.0,22.0,21.0,2.1,1.7,0.9,0.4,0.7,3.0,4.0,3.0,3.0,4.0,60.0,60.0,60.0,20.0,30.0,0.0,0.0,0.0
210818,1027.8,997.2,984.1,927.7,898.1,913.5,919.6,951.3,1102.3,1242.9,1284.9,1283.9,1299.2,1331.2,1318.4,1285.0,1268.8,1206.1,1126.8,1064.9,1033.8,1015.1,998.4,970.2,13.4,13.72,28.0,25.0,23.0,21.0,20.0,2.7,0.5,0.4,1.5,1.1,3.0,3.0,3.0,3.0,1.0,60.0,60.0,20.0,20.0,0.0,4.0,0.0,0.0
210819,971.5,971.4,952.5,932.8,898.0999999999999,887.3,909.4,916.4,1050.6,1197.0,1248.9,1279.3000000000002,1258.4,1289.6,1274.3,1289.7,1261.9,1211.9,1120.3,1094.5,1086.8,1027.8,995.2,1007.7,13.4,15.44,29.0,27.0,25.0,24.0,24.0,3.9,3.1,2.5,3.7,3.2,3.0,1.0,3.0,4.0,4.0,20.0,0.0,20.0,30.0,30.0,0.0,0.0,0.0
210820,944.6,901.0,887.5,879.8000000000001,879.9,868.5,853.0,925.3,1079.5,1193.7,1261.0,1253.0,1264.2,1255.3000000000002,1318.5,1339.9,1338.0,1252.8000000000002,1155.6,1069.4,1015.1,1002.4,993.1,948.0,13.3,21.48,26.0,27.0,25.0,24.0,23.0,5.5,3.7,2.3,2.2,2.0,4.0,4.0,4.0,4.0,4.0,60.0,60.0,60.0,60.0,30.0,1.0,0.0,0.0
210823,957.9,939.3,979.4,933.7,900.5999999999999,921.0,920.4,945.7,1123.8,1180.4,1261.5,1288.3,1262.3,1342.3000000000002,1316.7,1324.6,1348.5,1312.5,1166.2,1083.4,1047.5,1015.2,1010.3,986.3,13.2,0.0,28.0,27.0,25.0,25.0,24.0,5.8,4.1,2.8,2.3,1.7,4.0,4.0,4.0,4.0,4.0,60.0,30.0,30.0,30.0,30.0,0.0,0.0,0.0
210824,949.8,990.0,923.5,934.5,902.3,894.3000000000001,888.3,877.4000000000001,990.9,1226.6,1260.0,1279.9,1311.9,1353.8,1351.7,1337.1,1348.6,1342.3,1257.4,1167.1999999999998,1121.9,1089.8,1075.5,1038.7,13.2,0.0,26.0,26.0,25.0,24.0,23.0,1.6,1.7,1.5,1.3,1.2,4.0,4.0,4.0,4.0,3.0,62.0,60.0,30.0,30.0,20.0,0.0,0.0,0.0
210825,1003.9,980.8,984.4,956.3,968.5,934.0,933.7,940.9,1133.9,1234.1,1258.9,1295.1,1296.1,1337.0,1329.3,1320.9,1306.2,1373.1,1256.6,1139.1,1147.1,1102.2,1087.5,1053.1,13.2,8.42,30.0,28.0,24.0,23.0,22.0,2.4,1.5,1.2,1.0,1.1,3.0,3.0,1.0,1.0,1.0,20.0,20.0,0.0,0.0,0.0,0.0,0.0,0.0
210826,1064.9,1019.2,1035.6,1001.0,940.6,954.8,945.7,949.2,1110.5,1243.3000000000002,1287.3,1275.7,1273.3000000000002,1293.0,1324.6,1361.4,1351.0,1316.5,1235.3,1127.4,1100.5,1091.4,1080.0,980.8,13.1,21.14,28.0,25.0,24.0,22.0,22.0,4.3,1.4,1.2,1.5,1.3,4.0,4.0,4.0,4.0,3.0,60.0,60.0,30.0,30.0,20.0,7.0,0.0,0.0
210827,996.3,959.6,941.9,926.9,909.4,912.3,907.4,941.5,1031.3,1227.1,1301.3,1324.6,1353.6,1314.4,1314.2,1314.3,1284.1,1220.2,1089.3,997.9,976.8,974.5,931.1,926.3,13.1,7.63,29.0,27.0,23.0,22.0,22.0,2.3,1.7,1.1,1.0,0.4,4.0,4.0,4.0,3.0,4.0,30.0,30.0,60.0,20.0,30.0,0.0,0.0,0.0
210830,936.4,913.2,903.5,886.8,879.5,898.6,891.1,894.7,1076.9,1253.6,1283.0,1339.6999999999998,1290.9,1345.9,1348.3,1355.8,1369.0,1365.6,1249.0,1087.3,1112.1,1078.9,1067.4,1019.6,13.0,16.25,29.0,27.0,25.0,24.0,24.0,1.5,0.8,1.4,2.0,2.5,4.0,4.0,4.0,4.0,4.0,60.0,30.0,30.0,30.0,30.0,0.0,0.0,0.0
210901,1005.3,958.3,961.9,935.1,941.9,955.7,950.9,997.8,1095.7,1245.1,1297.6,1286.2,1322.3,1332.7,1327.9,1359.8,1321.7,1281.3000000000002,1141.8,1084.1,1077.2,1068.8,1017.1,997.7,12.9,5.5,24.0,23.0,22.0,21.0,20.0,2.5,1.3,1.4,1.9,2.1,4.0,4.0,4.0,4.0,4.0,60.0,60.0,30.0,60.0,60.0,0.0,0.0,0.0
210902,957.5,921.1,889.5,883.5,875.2,874.3000000000001,885.6,889.1999999999999,1052.5,1180.8,1196.1,1224.2,1190.6999999999998,1199.7,1229.0,1196.5,1165.4,1206.1,1115.9,1066.7,1065.5,1029.0,996.7,958.0,12.9,5.69,28.0,25.0,22.0,21.0,20.0,1.4,1.2,0.2,1.3,1.1,3.0,4.0,4.0,4.0,4.0,20.0,60.0,30.0,30.0,30.0,0.0,0.0,0.0
210903,952.8,911.7,896.1999999999999,881.7,875.2,867.9,860.9000000000001,877.5,978.7,1050.4,1092.4,1140.6,1166.8,1174.4,1211.1,1226.1,1277.9,1228.1999999999998,1128.0,1088.8,1037.9,1032.3,962.7,943.9,12.9,14.17,27.0,25.0,23.0,22.0,21.0,0.5,0.8,1.6,1.9,1.0,4.0,4.0,4.0,4.0,4.0,30.0,30.0,30.0,30.0,30.0,0.0,0.0,0.0
210906,849.9000000000001,834.1,821.6,780.7,773.9,759.5,762.9,798.9,850.5,971.3,999.5,1045.6,1063.7,1071.0,1090.9,1115.0,1105.7,1065.8,1037.1,984.3,961.1,981.8,936.8,911.7,12.8,6.07,26.0,24.0,22.0,21.0,21.0,4.4,2.4,2.1,2.3,2.2,4.0,4.0,4.0,4.0,4.0,60.0,30.0,30.0,30.0,30.0,0.0,0.0,0.0
210907,868.2,895.2,849.0,818.3000000000001,792.6,807.8,817.6,846.6,951.5,1110.7,1086.5,1109.8,1105.3,1171.5,1175.6,1227.8,1161.7,1155.7,1083.9,1012.9,985.8,956.3,954.7,904.6,12.7,6.73,27.0,24.0,20.0,18.0,18.0,3.3,2.3,1.2,0.9,1.1,1.0,1.0,1.0,1.0,1.0,0.0,0.0,0.0,0.0,0.0,0.0,0.0,0.0
210908,884.5,858.0,843.5,815.0,802.6,793.4,800.5,812.1,911.0,1043.2,1113.0,1097.0,1117.8,1127.7,1147.0,1159.3,1179.7,1134.0,1082.3,996.7,951.2,950.3,915.2,887.2,12.7,19.76,29.0,26.0,23.0,21.0,20.0,1.0,1.1,0.5,1.2,1.3,4.0,4.0,4.0,4.0,4.0,30.0,30.0,30.0,30.0,30.0,0.0,0.0,0.0
210909,852.6999999999999,839.1,826.7,836.0,801.4000000000001,775.4,781.2,784.5,953.7,1008.6,1100.7,1101.8,1101.7,1141.5,1162.1,1181.3000000000002,1181.9,1166.0,1090.1,1025.9,1046.7,978.6,996.3,908.8,12.6,16.68,24.0,23.0,21.0,20.0,20.0,2.6,1.1,1.4,1.3,1.1,4.0,4.0,4.0,4.0,4.0,30.0,30.0,30.0,30.0,30.0,0.0,0.0,0.0
210910,910.2,890.4,886.0,850.8000000000001,840.9,829.5,825.8000000000001,869.1,940.3,1061.4,1079.4,1079.8,1073.7,1125.5,1146.2,1149.2,1161.8,1132.8,1060.9,976.7,960.0,941.0,934.2,923.4,12.6,7.33,30.0,27.0,23.0,21.0,20.0,1.8,1.5,0.8,0.7,1.4,1.0,1.0,3.0,3.0,3.0,0.0,0.0,20.0,20.0,20.0,0.0,0.0,0.0
210913,897.9,886.3000000000001,879.6,854.8,867.6999999999999,821.6999999999999,836.2,845.4,976.1,1087.2,1113.3,1160.2,1098.1,1180.4,1204.4,1209.2,1178.5,1157.4,1084.9,1054.7,1025.5,1002.3,973.8,942.5,12.5,15.62,25.0,24.0,22.0,21.0,20.0,4.3,2.9,2.3,2.6,2.2,4.0,4.0,4.0,4.0,3.0,60.0,60.0,30.0,60.0,20.0,0.0,0.0,0.0
210914,908.5,897.1,857.6999999999999,877.7,830.4,836.7,807.9000000000001,837.0,979.8,1067.5,1081.7,1098.7,1081.9,1146.0,1170.3,1156.7,1182.1,1156.1,1119.3,1039.9,1014.6,1019.1,960.8,964.6,12.5,7.06,28.0,25.0,21.0,19.0,19.0,3.9,3.2,2.5,2.3,2.1,4.0,3.0,4.0,4.0,3.0,30.0,20.0,30.0,30.0,20.0,0.0,0.0,0.0
210915,925.4,845.5,832.7,842.8000000000001,812.9,824.1,844.6,841.6,933.7,1060.0,1103.4,1097.6,1106.1,1160.3,1172.2,1213.4,1199.5,1193.4,1107.3,1027.5,975.5,964.2,936.4,907.7,12.4,22.98,27.0,24.0,22.0,21.0,20.0,3.3,1.9,3.4,3.8,9.6,4.0,4.0,4.0,4.0,3.0,30.0,30.0,70.0,60.0,20.0,0.0,5.0,0.0
210916,892.9,849.8,828.4,805.0,783.1999999999999,782.8,780.3,823.5,882.2,999.1,1093.5,1101.0,1064.8,1114.0,1117.0,1139.0,1119.1,1085.3,1037.4,964.7,940.2,945.1,1011.1,887.0,12.4,9.8,28.0,25.0,22.0,20.0,19.0,4.5,3.0,2.5,0.8,0.6,4.0,4.0,4.0,4.0,4.0,30.0,30.0,30.0,30.0,30.0,0.0,0.0,0.0
210917,850.6999999999999,835.9,845.6,824.6999999999999,795.6999999999999,780.1999999999999,793.6999999999999,831.5,941.0,1007.4,1047.9,1049.0,1051.1,1097.7,1121.4,1121.4,1154.7,1105.6,1017.5,939.0,921.3,885.6999999999999,829.1,833.7,12.3,15.23,28.0,25.0,21.0,20.0,18.0,1.0,1.2,0.6,1.2,1.2,4.0,4.0,3.0,4.0,3.0,30.0,30.0,20.0,30.0,20.0,0.0,0.0,0.0
210920,761.2,731.5,737.4,724.1999999999999,694.6,699.0,712.6,698.1,719.7,735.3000000000001,774.2,797.6,754.2,777.4,791.2,797.6999999999999,839.9000000000001,861.8000000000001,806.4,805.9,807.8,813.8,795.8,792.6,12.2,21.96,26.0,24.0,21.0,20.0,20.0,3.1,1.7,1.7,1.7,1.7,3.0,3.0,1.0,1.0,4.0,20.0,20.0,0.0,0.0,30.0,0.0,0.0,0.0
210921,783.1999999999999,806.1,783.8000000000001,764.4000000000001,765.0,717.6999999999999,728.1,767.6,734.4,738.8,758.6,812.3,804.1999999999999,845.1,887.5,870.6,875.7,881.7,866.9,826.3000000000001,841.4000000000001,816.1,799.8000000000001,813.0999999999999,12.2,11.06,28.0,24.0,20.0,18.0,17.0,3.9,1.7,1.4,1.1,1.6,1.0,1.0,1.0,1.0,1.0,0.0,0.0,0.0,0.0,0.0,0.0,0.0,0.0
210922,774.2,748.1,760.8000000000001,748.0,738.3,748.5999999999999,767.3000000000001,750.4,769.7,815.8000000000001,801.9,781.8,805.4,861.2,854.5,901.8,893.9,881.0,840.5,868.1,852.0,819.9,828.1999999999999,794.5999999999999,12.2,18.2,26.0,22.0,18.0,16.0,16.0,3.4,1.5,1.1,1.2,1.7,1.0,1.0,3.0,1.0,1.0,0.0,0.0,20.0,0.0,0.0,0.0,0.0,0.0
210923,788.3,772.6,746.5999999999999,749.8,717.0,735.4,725.4,737.9,828.7,965.4,996.7,1029.0,1026.4,1058.3,1073.2,1104.0,1073.8,1060.9,1029.8,945.6,914.4,886.5999999999999,897.5,850.8000000000001,12.1,21.43,27.0,24.0,20.0,19.0,17.0,1.4,1.3,1.7,1.6,1.4,1.0,4.0,4.0,1.0,1.0,0.0,30.0,30.0,0.0,0.0,0.0,0.0,0.0
210924,803.6,786.3,767.5,766.6999999999999,751.6,737.9,760.1999999999999,758.5,818.8,902.2,980.4,1014.3,1038.0,1051.9,1053.9,1090.0,1117.0,1051.4,1009.2,977.1,940.4,912.9,885.3,878.5,12.1,19.35,26.0,23.0,20.0,18.0,17.0,2.6,2.0,1.2,1.3,1.2,4.0,4.0,3.0,3.0,3.0,30.0,30.0,20.0,20.0,20.0,0.0,0.0,0.0
210927,824.4000000000001,823.6,823.7,773.1999999999999,769.1,760.1,780.8,788.9,900.5,999.4,1065.4,1053.3,1071.6,1128.0,1143.5,1134.6,1134.4,1124.5,1084.5,1040.5,986.7,959.7,936.3,925.4,12.0,12.17,26.0,24.0,22.0,22.0,22.0,1.7,1.8,2.3,2.1,2.1,4.0,4.0,4.0,4.0,4.0,30.0,30.0,30.0,30.0,30.0,0.0,0.0,0.0
210928,904.7,875.6,870.5999999999999,850.4,828.8,808.9,796.5999999999999,830.4,933.3,1063.9,1096.7,1112.9,1097.8,1139.0,1155.2,1150.0,1140.6,1146.2,1079.8,1007.3,1027.9,983.0,974.0,926.6,11.9,10.69,24.0,23.0,21.0,21.0,20.0,1.9,2.2,0.8,1.0,2.0,4.0,4.0,4.0,4.0,4.0,60.0,60.0,60.0,60.0,30.0,4.0,3.0,0.0
210929,933.6,920.4,882.5,874.8,855.8000000000001,836.0999999999999,847.4,851.6,1008.7,1046.4,1103.4,1093.9,1106.6,1105.5,1145.1,1130.9,1108.3,1093.1,1070.8,1028.9,969.2,985.2,952.1,942.4,11.9,3.32,28.0,25.0,20.0,19.0,17.0,2.3,2.1,1.1,1.7,1.0,1.0,1.0,1.0,1.0,1.0,0.0,0.0,0.0,0.0,0.0,0.0,0.0,0.0
211004,824.6,850.5,791.5,784.1,775.2,800.3000000000001,819.0,809.2,849.3000000000001,872.3,895.0,940.4,920.8,984.6,998.4,1015.5,979.4,980.5,995.3,945.9,984.2,919.6,906.4,877.6,11.7,17.12,28.0,25.0,21.0,18.0,17.0,2.8,1.3,1.1,0.9,0.7,1.0,3.0,1.0,1.0,1.0,0.0,20.0,0.0,0.0,0.0,0.0,0.0,0.0
211005,855.4,840.2,800.4,823.5,800.4,782.3,807.0,821.7,953.6,1038.8,1114.5,1102.9,1131.3,1161.9,1184.5,1201.8,1213.2,1234.7,1171.4,1060.1,1042.8,1028.1,961.7,921.2,11.7,18.9,29.0,25.0,22.0,20.0,19.0,0.2,1.2,0.8,1.6,1.7,1.0,1.0,4.0,4.0,1.0,0.0,0.0,30.0,30.0,0.0,0.0,0.0,0.0
211007,892.0,857.0,826.4,802.0,796.2,793.8000000000001,772.7,816.4000000000001,886.9,1015.0,1112.5,1088.8,1085.5,1142.6,1139.3,1110.6,1121.4,1124.8,1052.3,988.4,991.2,933.4,907.1,903.4,11.6,10.76,26.0,24.0,22.0,21.0,20.0,0.8,0.9,1.2,1.2,1.7,4.0,4.0,4.0,3.0,3.0,30.0,30.0,30.0,20.0,20.0,0.0,0.0,0.0
211008,872.4000000000001,842.8,819.4000000000001,819.8,802.9,796.3000000000001,804.1,799.4,893.0,974.5,1062.8,1022.8,1015.3,1047.2,1091.6,1077.8,1073.4,1040.3,1025.3,965.5,892.0999999999999,915.0,877.3000000000001,874.4,11.6,10.27,29.0,26.0,22.0,21.0,19.0,2.4,1.3,1.6,1.7,1.3,3.0,1.0,1.0,1.0,1.0,20.0,0.0,0.0,0.0,0.0,0.0,0.0,0.0
211011,840.2,820.7,745.5,748.3000000000001,756.3000000000001,738.9,754.9,735.7,752.3,762.0,787.5,799.0,787.7,789.6999999999999,834.7,805.0999999999999,830.8000000000001,823.7,823.4000000000001,808.4,782.1,793.0,789.8,778.3,11.5,4.91,22.0,20.0,18.0,17.0,17.0,3.5,2.0,2.1,2.5,1.4,4.0,4.0,4.0,4.0,4.0,30.0,30.0,30.0,30.0,30.0,0.0,0.0,0.0
211012,770.5,762.1,768.5,732.9,738.2,752.8,734.1,731.9,830.3000000000001,880.0,950.8,929.6,925.8,929.5,924.6,962.2,958.8,919.7,928.2,852.3000000000001,850.3,839.4000000000001,846.7,810.2,11.4,3.81,26.0,23.0,21.0,19.0,18.0,1.4,0.3,1.1,1.3,1.5,4.0,4.0,4.0,4.0,4.0,30.0,30.0,30.0,30.0,30.0,0.0,0.0,0.0
211013,790.0999999999999,776.3,774.6,727.3,749.1,710.8000000000001,707.0,747.2,806.7,880.4,875.2,897.0,910.9,942.0,973.0,1011.0,999.5,1002.5,949.4,923.9,897.4,879.6999999999999,859.6,825.9,11.4,10.16,25.0,22.0,19.0,17.0,17.0,2.6,1.2,1.0,0.9,0.9,3.0,1.0,3.0,4.0,4.0,20.0,0.0,20.0,30.0,30.0,0.0,0.0,0.0
211014,801.7,804.5,763.1999999999999,769.7,743.0,752.2,768.4,771.8,823.8000000000001,912.8,963.0,959.0,995.2,1038.6,1034.7,1066.7,1051.7,1052.1,948.6,920.1,868.4000000000001,887.9,823.7,837.5999999999999,11.4,14.09,20.0,19.0,18.0,17.0,17.0,2.8,2.4,2.2,1.8,2.6,4.0,4.0,4.0,4.0,4.0,60.0,60.0,60.0,60.0,30.0,0.0,0.0,0.0
211015,810.5,791.0,757.9,748.4,730.4,751.4,727.1999999999999,726.6,798.9,885.8,940.7,950.2,919.1,948.2,964.1,995.9,986.9,971.6,889.5,814.9,836.1,812.0,787.0,776.6999999999999,11.3,10.14,13.0,11.0,9.0,7.0,5.0,5.4,3.7,4.8,5.1,5.2,4.0,4.0,4.0,3.0,1.0,30.0,30.0,30.0,20.0,0.0,0.0,0.0,0.0
211018,576.7,575.6,573.1,565.6,558.2,554.8,556.0,565.1,587.6,650.0,679.8,690.9000000000001,845.8,834.0,820.2,855.5,851.4,840.5999999999999,813.5999999999999,753.7,773.5,762.8000000000001,767.2,756.6999999999999,11.2,19.2,16.0,12.0,9.0,7.0,4.0,5.5,2.3,1.6,1.6,1.4,3.0,1.0,1.0,1.0,1.0,20.0,0.0,0.0,0.0,0.0,0.0,0.0,0.0
211019,700.8000000000001,702.5,683.4,696.6999999999999,668.9,665.0,656.7,659.5,702.6999999999999,780.3,781.6,847.6999999999999,796.4000000000001,800.4,870.4,911.9,875.5999999999999,843.3,769.0,763.5,736.9,769.0,723.6,712.9,11.2,11.65,16.0,12.0,8.0,6.0,4.0,2.3,1.4,1.7,1.3,1.6,1.0,1.0,1.0,1.0,1.0,0.0,0.0,0.0,0.0,0.0,0.0,0.0,0.0
211020,680.8,697.4,663.2,687.8,645.1,621.0,654.6999999999999,650.4000000000001,653.4,843.3,857.4000000000001,819.2,780.0,841.5999999999999,821.4,816.1,844.6,836.6,769.7,767.1,744.0,717.5,718.4,700.1,11.1,13.02,16.0,12.0,8.0,7.0,6.0,3.1,1.7,1.3,1.4,1.4,4.0,4.0,1.0,1.0,1.0,30.0,30.0,0.0,0.0,0.0,0.0,0.0,0.0
211021,721.3,693.5,661.8,692.7,678.6,686.2,658.9,674.6999999999999,711.7,772.3,778.2,773.0,714.9,727.6,735.3,753.2,728.0999999999999,778.0,738.2,685.1999999999999,682.7,678.3,686.9,665.0,11.1,17.83,16.0,13.0,9.0,7.0,5.0,5.1,1.9,1.5,1.5,1.4,1.0,1.0,1.0,1.0,1.0,0.0,0.0,0.0,0.0,0.0,0.0,0.0,0.0
211022,667.0,644.4,627.2,646.5,608.5,609.6,609.1,624.9000000000001,688.6999999999999,731.3,694.2,703.9,691.0,707.9,721.1,728.4000000000001,737.4000000000001,706.8,678.4,640.1999999999999,621.7,666.1,614.3,602.3000000000001,11.1,17.73,19.0,14.0,9.0,7.0,6.0,1.7,2.2,1.9,1.5,1.4,1.0,1.0,1.0,1.0,1.0,0.0,0.0,0.0,0.0,0.0,0.0,0.0,0.0
211025,622.6,613.1,603.1,591.0,616.6,578.1,586.8,626.4,636.7,724.5,712.8,734.9,703.0,721.1,757.8,743.7,750.0,735.2,723.6999999999999,694.9,708.7,699.9,681.9,669.5,11.0,17.03,20.0,15.0,11.0,11.0,9.0,2.6,1.8,0.8,0.1,0.9,1.0,4.0,4.0,4.0,4.0,0.0,30.0,30.0,30.0,30.0,0.0,0.0,0.0
211026,693.4,653.1,635.8,609.0,613.2,587.6,594.0,590.6,686.8,744.4,783.2,763.4,716.7,763.4,748.0,735.2,785.3,741.6,726.9000000000001,700.2,682.3,688.0999999999999,698.0,665.8000000000001,11.0,16.37,19.0,14.0,10.0,7.0,6.0,3.7,1.7,1.3,1.4,1.7,1.0,1.0,1.0,1.0,1.0,0.0,0.0,0.0,0.0,0.0,0.0,0.0,0.0
211027,655.1,656.5,654.8,631.0,617.7,628.1999999999999,649.1,603.2,673.9,716.4,765.0999999999999,779.8,754.0,736.2,735.9,752.5,736.7,746.5,719.6999999999999,687.1,704.1,703.5999999999999,713.1,679.4,10.9,15.61,20.0,14.0,10.0,8.0,7.0,3.1,1.5,2.0,1.6,1.8,3.0,1.0,1.0,1.0,3.0,20.0,0.0,0.0,0.0,20.0,0.0,0.0,0.0
211028,687.3000000000001,641.2,649.4000000000001,626.5,615.0,628.9,579.0,642.5,709.5,761.5,790.5,781.6,731.8,761.5,763.1,765.0999999999999,788.4,782.7,707.7,661.3,687.7,667.5,671.6,657.0,10.9,17.39,21.0,16.0,11.0,9.0,9.0,0.8,0.8,1.3,1.1,1.7,1.0,1.0,3.0,3.0,3.0,0.0,0.0,20.0,20.0,20.0,0.0,0.0,0.0
211101,642.4,644.2,637.7,622.8000000000001,604.9,596.1,620.9000000000001,628.0,723.5,734.5,777.1,777.3,761.3,765.1999999999999,765.4000000000001,790.5999999999999,778.5999999999999,775.0,723.0999999999999,746.1,713.5999999999999,708.0,717.0,704.3,10.8,13.22,17.0,13.0,9.0,7.0,5.0,3.1,1.8,1.2,1.1,1.6,3.0,4.0,3.0,1.0,1.0,20.0,30.0,20.0,0.0,0.0,0.0,0.0,0.0
211102,656.0,670.0,655.0,643.9,605.5,623.6999999999999,613.2,619.7,708.7,786.5,812.1,772.9000000000001,751.9,771.4000000000001,773.4,804.1,812.1,804.0,760.8,735.2,702.1,705.1,667.4,689.3,10.7,12.29,18.0,13.0,9.0,8.0,7.0,2.6,1.3,1.7,0.8,0.4,1.0,1.0,1.0,3.0,4.0,0.0,0.0,0.0,20.0,30.0,0.0,0.0,0.0
211103,680.9,689.7,642.5999999999999,625.6,638.0,627.5,633.9,641.5999999999999,692.0999999999999,751.9,746.3000000000001,742.5,697.8,718.4000000000001,726.5,754.3000000000001,750.2,733.7,692.8,667.4000000000001,735.5,725.0,695.8000000000001,711.4,10.7,14.77,21.0,15.0,10.0,8.0,7.0,2.0,1.9,1.8,1.6,1.9,1.0,1.0,1.0,1.0,1.0,0.0,0.0,0.0,0.0,0.0,0.0,0.0,0.0
211104,650.6,644.9,620.6,638.9,642.1999999999999,591.7,598.3000000000001,615.5,705.0,778.3,769.2,757.1,755.6,734.5999999999999,785.4,775.5999999999999,797.8000000000001,807.5,734.5,718.4,720.5999999999999,725.8000000000001,733.1999999999999,702.5999999999999,10.7,14.78,20.0,15.0,11.0,10.0,9.0,2.1,2.3,2.2,1.9,2.2,3.0,3.0,3.0,3.0,4.0,20.0,20.0,20.0,20.0,30.0,0.0,0.0,0.0
211105,681.5,642.8,657.5,660.1999999999999,655.4,650.0,620.8000000000001,635.1,669.5,704.5,822.5999999999999,777.6999999999999,742.5999999999999,783.4,799.3,807.4,767.0999999999999,754.4,707.4,684.3,687.3,654.3000000000001,666.8,664.3,10.6,10.83,22.0,16.0,12.0,9.0,8.0,2.8,2.0,1.9,1.6,1.6,1.0,1.0,1.0,1.0,1.0,0.0,0.0,0.0,0.0,0.0,0.0,0.0,0.0
211108,632.5,650.4,642.5,616.1,603.6,590.9,613.0,601.8,714.9000000000001,775.7,804.9,804.2,815.5,809.2,816.6,806.0999999999999,856.3,833.0999999999999,790.6,763.3,702.1,716.8000000000001,715.1,707.5,10.5,4.73,11.0,9.0,7.0,6.0,6.0,5.0,2.7,2.1,2.8,3.1,4.0,3.0,3.0,3.0,4.0,30.0,20.0,20.0,20.0,30.0,0.0,0.0,0.0
211109,663.1,664.2,635.6,626.5,608.3,597.6999999999999,619.1,620.8000000000001,659.9,780.7,824.0,813.9,780.9,802.9,795.2,773.2,790.1999999999999,785.2,721.2,686.6,696.0,692.0,677.9,691.8000000000001,10.5,5.36,10.0,9.0,8.0,8.0,7.0,6.0,1.8,1.6,1.6,1.3,4.0,4.0,4.0,4.0,4.0,30.0,30.0,60.0,30.0,30.0,0.0,0.0,0.0
211110,651.1999999999999,616.1,612.9,632.8,630.0,628.2,668.1,666.4,737.2,784.5,787.2,809.9000000000001,846.5,815.7,811.7,808.7,776.6,794.9000000000001,749.7,726.3,712.4,701.6,703.9,685.0,10.5,4.73,11.0,8.0,6.0,5.0,4.0,5.2,1.7,1.6,1.8,1.7,4.0,4.0,3.0,4.0,4.0,30.0,30.0,20.0,60.0,30.0,0.0,0.0,0.0
211111,678.6,669.6,644.1999999999999,686.9,653.2,656.9,668.4,631.1,755.7,782.5,788.7,783.4,830.5,823.8,853.0,841.4,868.2,842.4000000000001,774.5,765.4,779.4,712.0999999999999,752.0,714.0,10.4,5.4,10.0,8.0,6.0,4.0,4.0,2.6,1.5,1.9,1.4,1.2,4.0,4.0,4.0,4.0,4.0,60.0,30.0,30.0,30.0,30.0,0.0,0.0,0.0
211112,707.4,686.3,693.2,643.5,643.2,674.1999999999999,645.4,663.4,769.2,798.8,808.2,786.4,789.7,816.4,838.4,819.6,821.5,831.5,798.8,735.4000000000001,745.0,708.2,730.8,715.5,10.4,9.13,15.0,11.0,7.0,6.0,5.0,3.0,1.8,1.8,1.6,1.5,3.0,3.0,1.0,3.0,3.0,20.0,20.0,0.0,20.0,20.0,0.0,0.0,0.0
211115,651.7,660.7,651.3,625.3000000000001,621.4,604.5999999999999,608.0,647.0,706.0,825.0,811.7,796.5,797.3,820.5999999999999,811.4000000000001,791.5,824.6,769.9,780.9,735.0,734.4,724.0,707.3,704.4,10.3,12.34,16.0,10.0,6.0,5.0,3.0,2.8,1.5,1.3,1.2,1.9,1.0,1.0,1.0,1.0,1.0,0.0,0.0,0.0,0.0,0.0,0.0,0.0,0.0
211116,717.9,685.9,693.3000000000001,685.6,651.8,620.9,684.8,651.8,726.6,787.0999999999999,816.2,780.9,745.5,771.9000000000001,715.6999999999999,753.2,783.1,782.3,737.4,728.6,698.5,700.8000000000001,715.0999999999999,691.1,10.3,12.26,15.0,10.0,7.0,6.0,5.0,1.8,1.4,0.5,0.7,1.2,3.0,3.0,3.0,3.0,4.0,20.0,20.0,20.0,20.0,30.0,0.0,0.0,0.0
211118,636.1999999999999,635.4,658.8,621.6999999999999,604.4,613.2,597.8,630.3000000000001,695.9,765.8,767.3,761.5,744.5,713.1999999999999,757.9,755.7,766.3,772.4000000000001,721.4,743.4,732.8,728.3,697.5,720.0999999999999,10.3,12.86,18.0,13.0,9.0,8.0,8.0,2.4,1.6,1.2,1.4,1.8,3.0,1.0,1.0,1.0,1.0,20.0,0.0,0.0,0.0,0.0,0.0,0.0,0.0
211119,708.1,706.1999999999999,683.0,662.0999999999999,660.3,678.3,663.0,691.6999999999999,782.6,821.1999999999999,835.8,818.2,782.8,778.1,762.3,806.0,796.5,822.0,763.4000000000001,730.4,710.5,704.4,720.9,693.7,10.2,12.1,18.0,13.0,9.0,8.0,7.0,1.6,1.7,1.8,2.0,1.5,3.0,4.0,3.0,3.0,3.0,20.0,30.0,20.0,20.0,20.0,0.0,0.0,0.0
211122,703.1,686.6,650.5999999999999,688.9000000000001,696.8,681.9,701.4,739.0999999999999,779.2,854.8,817.9,835.3,842.6,869.9,910.7,918.7,870.6999999999999,832.4000000000001,795.5,746.9,739.0,719.9000000000001,724.6,743.0,10.2,6.92,6.0,5.0,4.0,4.0,4.0,4.2,1.4,2.0,1.9,1.6,4.0,4.0,4.0,4.0,4.0,60.0,30.0,30.0,30.0,30.0,0.0,0.0,0.0
211123,680.1999999999999,690.2,673.1999999999999,646.5,665.8,668.5,643.1999999999999,658.8,770.8000000000001,900.7,925.9,918.5,913.9,935.7,930.5,951.1,943.4,904.1,903.4,801.9000000000001,810.1,789.1,750.3000000000001,770.3000000000001,10.1,4.52,13.0,8.0,5.0,5.0,6.0,4.5,1.6,1.6,1.6,1.5,1.0,4.0,4.0,4.0,4.0,0.0,30.0,30.0,30.0,30.0,0.0,0.0,0.0
211124,739.1,745.3,703.8,667.0999999999999,681.0999999999999,679.1,720.9000000000001,695.9000000000001,820.6,862.8000000000001,881.8,907.8,851.0,846.4,833.3,824.5999999999999,827.5,817.3,792.0,768.5999999999999,732.9,737.0,750.0,746.6999999999999,10.1,9.21,12.0,7.0,3.0,2.0,1.0,4.1,1.3,1.3,1.5,1.3,1.0,3.0,1.0,1.0,3.0,0.0,20.0,0.0,0.0,20.0,0.0,0.0,0.0
211125,747.1,738.4,705.5999999999999,725.2,691.8,690.8,664.6999999999999,743.2,799.5,801.9,769.6,759.1,724.8,751.2,758.1,816.3,796.8,810.4000000000001,735.0999999999999,726.4,696.8000000000001,754.6,708.6,721.6,10.1,10.51,10.0,6.0,5.0,3.0,2.0,2.3,1.3,1.2,2.0,1.5,1.0,1.0,3.0,3.0,3.0,0.0,0.0,20.0,20.0,20.0,0.0,0.0,0.0
211126,685.8,686.8,686.0,679.9,684.9,712.8,721.8000000000001,710.0,806.3,825.7,815.6,791.0999999999999,807.5999999999999,794.9000000000001,828.9,850.0,846.4,828.5,759.5,755.3000000000001,724.0999999999999,720.2,703.4,687.5,10.1,13.54,10.0,5.0,2.0,1.0,0.0,2.3,2.1,1.5,1.7,1.8,1.0,1.0,1.0,1.0,1.0,0.0,0.0,0.0,0.0,0.0,0.0,0.0,0.0
211129,754.5,741.8,724.9,714.9000000000001,760.5,721.1999999999999,735.7,741.8,853.6,841.4,855.7,857.9000000000001,832.9,776.9000000000001,798.0,819.6999999999999,794.3,808.5,762.7,702.2,749.1,695.8,731.6,706.9000000000001,10.0,12.51,10.0,7.0,5.0,4.0,3.0,6.7,8.1,6.6,5.5,7.9,4.0,4.0,1.0,3.0,3.0,60.0,30.0,0.0,20.0,20.0,0.0,0.0,0.0
211201,737.3,740.6,700.8000000000001,682.1,698.8,695.8000000000001,681.3,714.2,835.6999999999999,959.3,957.3,970.5,958.7,1005.7,1029.0,997.9,1033.2,1001.1,888.7,823.4,843.5,841.5999999999999,838.1999999999999,821.0,10.0,4.57,8.0,5.0,4.0,4.0,4.0,2.9,1.8,2.3,1.6,1.7,4.0,4.0,4.0,4.0,4.0,30.0,30.0,30.0,30.0,30.0,0.0,0.0,0.0
211202,837.7,820.4,757.5,768.3000000000001,770.4,755.3,805.3,779.6,926.1,1034.8,989.9,941.5,978.3,955.9,972.7,1003.6,1017.9,1028.6,948.9,851.0,850.9,884.0,812.9,805.0,10.0,10.64,8.0,5.0,3.0,3.0,1.0,5.0,2.0,1.2,1.0,0.8,1.0,4.0,4.0,4.0,4.0,0.0,30.0,30.0,30.0,30.0,0.0,0.0,0.0
211203,810.6,719.1,760.5,739.1999999999999,746.5,702.6,717.0,779.0,866.7,987.3,960.0,954.1,927.4,961.5,1010.0,985.7,1025.1,969.7,892.1,832.5999999999999,813.0,842.0,842.5,824.9,9.9,6.6,10.0,6.0,2.0,0.0,-2.0,3.2,1.8,1.3,1.2,1.3,3.0,3.0,1.0,1.0,1.0,20.0,20.0,0.0,0.0,0.0,0.0,0.0,0.0
211206,824.4,846.3000000000001,767.6999999999999,756.8,747.0,713.3,771.2,772.3,868.6,935.1,977.8,965.6,896.5,894.2,888.6999999999999,914.1,926.7,949.5,842.3,779.6,792.6,802.5,763.1,782.3000000000001,9.9,12.14,12.0,8.0,4.0,2.0,1.0,3.4,1.7,1.4,2.1,0.9,1.0,1.0,1.0,1.0,1.0,0.0,0.0,0.0,0.0,0.0,0.0,0.0,0.0
211207,811.7,716.0,799.9,771.6,794.6,768.5,787.5,834.8,923.7,1032.8,989.0,928.5,906.1,886.0,926.4,942.4,944.5,953.2,867.4000000000001,835.5,795.1,765.2,803.3,801.1,9.9,11.56,14.0,8.0,5.0,3.0,2.0,1.6,1.9,1.5,2.1,1.5,1.0,1.0,1.0,3.0,3.0,0.0,0.0,0.0,20.0,20.0,0.0,0.0,0.0
211208,793.3000000000001,769.5,766.2,756.9,834.1999999999999,738.2,783.7,807.4,857.9,974.1,975.0,901.1,859.8,832.7,850.2,861.5,894.3,860.7,766.3000000000001,765.9,736.6999999999999,727.0,725.9,744.9,9.9,12.13,12.0,9.0,7.0,6.0,5.0,2.1,1.4,1.7,1.4,1.5,4.0,4.0,4.0,4.0,4.0,30.0,30.0,30.0,30.0,30.0,0.0,0.0,0.0
211209,769.9,742.0,721.1,685.4,672.4,702.3,700.8,726.4,833.1999999999999,932.3,919.7,866.6,789.1999999999999,754.3000000000001,774.7,794.5,744.7,780.4,742.6,714.7,715.4,728.5,714.3,708.0,9.9,8.08,13.0,9.0,6.0,5.0,5.0,3.1,1.4,1.1,1.3,1.8,4.0,3.0,1.0,3.0,3.0,30.0,20.0,0.0,20.0,20.0,0.0,0.0,0.0
211213,744.9000000000001,702.2,750.1,687.9000000000001,704.5,709.2,722.0,787.7,853.4,985.4,973.7,980.5,1006.0,943.9,996.9,957.6,959.5,997.4,946.1,872.6,819.2,843.5,780.1999999999999,780.8,9.8,12.83,8.0,5.0,1.0,0.0,0.0,2.6,1.8,2.0,2.3,1.6,4.0,3.0,1.0,3.0,1.0,30.0,20.0,0.0,20.0,0.0,0.0,0.0,0.0
211214,785.4,764.6,787.5999999999999,801.7,748.0,770.2,743.0,771.3000000000001,850.4,1036.4,1029.7,1057.3,974.9,940.9,969.8,995.3,1000.0,969.6,908.8,861.0999999999999,810.3,805.6999999999999,814.9,863.6,9.8,9.93,14.0,9.0,5.0,4.0,4.0,2.8,1.5,0.6,1.0,0.9,3.0,3.0,3.0,3.0,4.0,20.0,20.0,20.0,20.0,30.0,0.0,0.0,0.0
211215,743.6,768.1,742.1999999999999,774.0,723.7,738.5,798.5,760.5,887.9,982.1,967.4,1010.0,930.8,847.6,857.3000000000001,857.0999999999999,875.3,882.6,840.8,790.8000000000001,776.3000000000001,783.0,793.8,756.9,9.8,8.58,11.0,9.0,6.0,6.0,5.0,3.0,1.5,1.4,1.3,3.4,4.0,3.0,3.0,4.0,4.0,30.0,20.0,20.0,30.0,30.0,0.0,0.0,0.0
211216,774.5,762.4,735.5,715.2,692.9,714.2,710.2,759.7,875.6,933.6,940.6,1020.2,925.0,932.5,933.9,930.8,946.7,924.9,877.3000000000001,805.5,752.1,779.5,743.0,742.6999999999999,9.8,5.67,0.0,-2.0,-3.0,-5.0,-6.0,5.6,5.7,4.7,2.9,2.8,4.0,4.0,4.0,4.0,4.0,60.0,60.0,60.0,30.0,30.0,0.0,0.0,0.0
211217,710.5,744.3000000000001,710.5,713.9,693.9,697.5,725.5999999999999,745.7,943.6,1002.3,996.1,974.5,962.0,1031.5,1009.3,1083.0,1068.6,980.4,956.9,856.5,842.4,853.9,807.0,864.1,9.8,4.92,1.0,-1.0,-2.0,-2.0,0.0,0.7,1.5,1.4,1.6,1.6,4.0,4.0,4.0,4.0,4.0,30.0,60.0,30.0,30.0,30.0,0.0,0.0,0.0
211220,808.3,784.9,804.3000000000001,792.6,805.9,798.3,796.0,838.5,922.5,1068.7,1066.6,1065.1,983.5,987.3,952.3,941.0,889.5,929.2,890.7,814.1,830.3,817.8000000000001,815.3,888.9,9.8,9.46,13.0,8.0,3.0,-1.0,-2.0,3.0,2.0,2.3,2.5,2.8,1.0,1.0,1.0,1.0,1.0,0.0,0.0,0.0,0.0,0.0,0.0,0.0,0.0
211221,827.8000000000001,788.2,780.5,805.4,746.8000000000001,787.1,822.2,810.5,950.6,1026.2,1010.6,977.0,916.5,889.9,883.5,903.7,938.4,934.9,872.9,883.3000000000001,833.0,876.1,830.5,808.8,9.8,9.63,11.0,5.0,0.0,-2.0,-3.0,2.7,1.5,1.4,1.4,1.9,1.0,1.0,1.0,1.0,1.0,0.0,0.0,0.0,0.0,0.0,0.0,0.0,0.0
211227,862.1,868.5999999999999,836.0,849.5,886.9000000000001,861.9,888.1999999999999,896.7,1085.6,1175.6,1185.4,1139.6,1128.5,1082.4,1127.3,1143.3,1149.3,1139.0,1111.6,1011.1,1026.3,946.0,938.4,922.8,9.8,11.35,8.0,4.0,1.0,0.0,-1.0,2.6,1.3,1.1,1.4,1.2,4.0,4.0,4.0,4.0,4.0,30.0,30.0,30.0,30.0,30.0,0.0,0.0,0.0
211228,885.6,890.9,859.7,875.6999999999999,868.3000000000001,853.8000000000001,850.5,868.5,958.5,1124.9,1115.4,1062.9,1071.1,1063.9,1134.4,1102.5,1071.2,1091.4,997.6,928.1,933.0,862.5999999999999,902.8,896.1,9.8,7.49,8.0,5.0,3.0,1.0,0.0,4.7,2.0,3.2,2.8,3.0,4.0,4.0,4.0,4.0,4.0,30.0,30.0,30.0,30.0,30.0,0.0,0.0,0.0
211229,847.5,877.3,824.7,813.5,836.8,774.4,809.9000000000001,853.0,976.3,1021.6,1018.1,977.0,977.7,980.7,959.4,976.4,998.9,956.7,893.3000000000001,871.3000000000001,902.9,878.8,910.0,869.1999999999999,9.8,7.77,4.0,2.0,0.0,-2.0,-4.0,6.5,3.1,3.3,3.7,4.2,4.0,4.0,4.0,4.0,4.0,60.0,30.0,30.0,60.0,60.0,0.0,0.0,0.0
