,0,1,2,3,4,5,6,7,8,9,10,11,12,13,14,15,16,17,18,19,20,21,22,23,DS,SL,SR,TM_6,TM_9,TM_12,TM_15,TM_18,WS_6,WS_9,WS_12,WS_15,WS_18,SK_6,SK_9,SK_12,SK_15,SK_18,PP_6,PP_9,PP_12,PP_15,PP_18,PR_9,PR_15,PR_21
210104,139,130.4,115.5,101.3,119,97.5,107.4,101,135.6,140.2,122.2,118.9,125.5,121.9,108.7,100.5,113.2,123.7,149.4,148.3,146.3,157.3,157.9,150.3,9.9,5.8,10.07,-1,-2,-4,-5,-6,6.1,3.3,2.7,2.1,2.8,4,4,4,4,4,30,30,30,30,30,0,0,0
210105,138.9,126.5,117,108.7,117.7,104.3,114,99.9,128.2,130.8,135.1,128.1,137.2,126.8,138.9,121.8,119.8,143.5,155.9,146.4,150.8,154.4,154.6,167.2,9.9,3,7.74,0,-2,-2,-2,-5,2.4,1.1,2.5,6,6.6,4,4,4,4,4,30,30,30,60,80,0,1,5
210106,166,169.8,146.2,125,124.2,117,109.7,117.2,138.2,138.6,135.4,127.9,129,116.7,132.3,140.3,136.4,136.9,180.7,160,179.2,178.7,176.4,160.1,9.9,6.9,10.95,-7,-9,-11,-11,-14,6.5,4.3,2.3,2.1,2.9,4,4,4,4,4,90,90,90,90,80,5,10,5
210107,174.1,161.8,146.2,148.9,140.5,147.2,152.4,119.4,131.4,136,132.8,137.7,156.2,152.2,139.6,121.1,158,163.8,175.9,165.8,173.5,177.5,176.6,178.2,9.9,0,5.16,-7,-10,-12,-13,-13,3.7,1.3,1.3,1.6,2.2,4,1,1,3,4,30,10,10,60,60,0,1,1
210108,172.3,162.7,135.1,142.4,130.1,136.6,121.7,137.7,143.2,149.2,156.9,157.7,154,152.3,158.8,167.8,161,164.8,185.6,180.5,178.3,188.8,202.9,188.1,9.9,3.2,12.15,-3,-5,-10,-12,-10,4.7,4.9,1.9,1.3,1.5,3,4,1,1,1,20,30,10,10,0,0,0,0
210111,202.4,186.3,140.9,139.8,123.3,121.3,129.5,125,151.8,165.1,163.1,148,168.1,143.5,145.8,139.6,148,141,173.9,170,183.6,174.4,189.7,185.1,10,0.1,5.82,3,0,-2,-3,-3,2.5,1.4,1.5,1.5,1.4,4,4,4,3,3,30,30,30,10,20,0,0,0
210112,180.5,176.2,162.1,159.9,153.1,145.4,148.5,152,144.6,181.8,153.1,147.5,137.8,126.2,144.3,135,131.1,155.5,167,187.3,179.3,200.6,174.9,185.4,10,5.3,10.78,10,5,2,2,0,4.5,1.4,0.9,0.6,1.3,1,3,4,4,3,0,10,30,30,20,0,0,0
210113,197.5,169.7,153.4,135.1,137.4,134,129.7,138.9,141.3,141.4,148.9,141.8,123.1,121.9,127.6,126.6,130.9,152,199.4,165.3,175.9,166.8,158,162.3,10,8.1,11.74,11,5,3,4,4,3.8,2.4,3.8,3.4,2.2,1,1,1,3,4,0,0,0,20,30,0,0,0
210114,158.1,159.2,143.5,138.7,138.3,145.2,129.2,146.6,137.3,157.1,132.4,128.8,122.2,125.7,125.7,124.6,134.1,129.2,156.5,150.3,159.2,155.3,164.7,159.2,10,8.5,12.16,14,10,5,2,0,6,3.8,3.7,4.5,5,4,4,4,4,4,30,60,30,30,30,1,0,0
210115,173.6,158.2,151,143.5,136.6,127.5,153,134.5,138.6,142.4,141.7,123.7,118,121.6,132.5,128.5,135.3,135.4,155.8,155.8,165.3,163.1,141.2,160.4,10.1,2.9,7.46,0,-1,-3,-3,-4,6.5,4.2,4.1,3.8,2.7,3,4,4,4,4,20,30,30,30,60,0,0,1
210119,185.2,191.4,137.9,148.3,149.6,138.6,142.1,128.6,145.2,139.3,148.8,144.9,126.1,114.9,110.5,133.8,131.6,149.7,155.9,163.4,151.7,162.7,166.3,183.9,10.1,9.4,14.39,9,3,1,0,-1,3.1,1.7,2.7,2.4,2,1,3,4,3,4,0,20,30,20,30,0,0,0
210120,157.3,148.5,135.7,120.6,138.2,115.4,129.7,123.9,142.2,147.1,127.7,139.7,117.2,128.9,115,127.6,122.4,152.7,163.1,160,161.8,168.1,154.7,153.9,10.2,8.8,13.68,11,8,6,6,6,2.6,2.8,3.5,3.5,0.9,4,4,4,4,4,30,30,70,70,70,0,10,5
210121,151.4,140.8,132.5,117.1,111.1,114.1,109.1,109.4,124.2,133.5,127.6,126.2,139,135.3,130.2,146.8,128.6,149.1,160.6,140.6,147.9,160.4,155.5,157.1,10.2,2.5,5.47,11,10,7,6,6,2.3,1.8,1.9,1.8,1.3,4,4,4,4,4,30,30,30,30,30,0,0,0
210122,151.6,145.7,133.7,123,114.3,115.8,109.8,102.6,113.7,147,122.6,127.7,135.3,138.1,122.1,123.8,124.5,157.3,154.4,137.6,143.4,160.4,152.7,149,10.2,8.4,4.14,12,10,8,7,6,2.5,2.3,1.8,1.9,2.1,4,4,4,4,4,80,80,30,30,30,5,0,0
210125,159.9,150.2,124.3,120.7,114.5,112.2,106.6,100.9,135.9,120.9,119.8,119.2,108.1,110.2,106.4,104.9,107.7,124.8,152.7,145.5,145.7,158.9,167.2,154.2,10.3,9.2,13.75,9,8,5,3,1,4.9,4.4,4.4,4.3,3.8,4,4,4,4,3,60,30,30,30,20,1,0,0
210126,152.4,143.9,117.6,117.2,124.1,120.9,103,113.9,119.1,131.1,120.6,127.8,134.4,123.9,125.2,132.7,129.7,137.5,149.9,151.8,176.1,155.6,150.5,147,10.3,0.1,3.79,8,4,1,-1,-2,5,2.3,1.4,1.2,0.9,1,3,3,3,3,10,10,20,20,20,0,0,0
210127,133.7,143.4,132.4,134,124.3,112.8,104.9,114.4,122.1,123.1,112.3,109.4,110.4,113.8,109.9,123.1,106.6,142.4,141.6,144.5,149.8,163.1,154,160.6,10.4,3.6,14.25,3,-1,-3,-4,-4,10.2,9.2,9.1,9,9,4,4,4,4,4,70,60,60,60,70,1,5,1
210129,163.4,150.2,141.7,130.2,124.9,126.2,110.3,101.9,132.6,142.8,128.5,132.8,113.5,108.2,107.7,120,134.4,153,153,151.1,149.6,164.2,187,154.9,10.4,0,15.34,9,5,0,-2,-2,5.4,1.4,0.8,1.2,1.7,4,4,3,3,3,30,30,20,20,20,0,0,0
210202,143,133.8,132.3,124.4,114.8,115.2,116.5,121.9,115.8,122.4,112.2,118.4,128.1,101.7,108.9,109.6,114.3,124.6,154.2,155.1,162.4,162.6,158,159,10.5,9.6,16.45,5,2,1,2,4,3.2,1.1,2.4,2.6,4.1,1,4,4,4,4,0,30,30,30,80,0,0,5
210203,130.5,147.3,138.3,119.9,116.7,119.5,109.9,109.5,132.1,129.6,128.8,104.9,129.4,109.9,108.8,114.3,120,121.2,151.5,164.8,161.7,174.5,165.6,158.7,10.6,8.9,16.03,3,0,-4,-4,-5,4.8,1.8,1.1,0.6,0.9,1,1,4,3,1,0,10,30,20,0,0,0,0
210204,157.2,157.7,129.9,145.4,122.9,114.7,114.5,114,121,126.5,132.6,121.6,114.4,115.8,109.3,118.9,114.6,124.9,172.7,161.8,160.2,169.7,167.1,181.5,10.6,9.9,16.67,8,5,3,2,0,3.8,1.4,2.9,0.9,0.9,3,4,4,4,1,20,30,30,30,0,0,0,0
210205,169.8,163.5,137.8,133.7,123.3,135.8,109.3,105.8,122.4,125.9,119.3,135.5,129.2,109.5,111.3,113.3,118.4,128.2,153.4,150.2,155.3,174.2,158.5,158.8,10.6,8.6,11.02,12,9,6,5,3,4.2,2,2.8,3.1,2.3,3,1,1,1,3,10,0,0,10,10,0,0,0
210208,140.2,145.5,133.7,122.7,109.4,116.6,114.9,100.5,113.7,118.6,123,120.8,107.7,100.7,116.9,110.4,110,118.8,133.2,148.1,146.7,155.4,162.5,163,10.7,9.8,17.29,6,3,-1,-3,-3,4,1.1,0.4,1.2,1,1,1,1,1,1,0,0,0,0,0,0,0,0
210209,167.5,143.7,145.1,113,118.8,112,106.9,125.2,122,137.3,123.4,105.7,111.1,98.5,103.1,115,120.4,122.4,153.2,147,142.7,138.2,145.3,140,10.7,9.9,17.32,9,6,3,0,-1,3.6,1,0.7,1.2,1.4,3,3,3,1,3,20,20,10,0,10,0,0,0
210210,141.2,140.5,135.2,131.5,116.5,112.1,112.8,114.9,118,123,110.6,114.3,99,98.9,97.2,93.9,112.5,115,127.6,134.9,143.4,147.4,136.9,130.2,10.8,1,15.93,12,9,5,2,2,1.5,0.4,1.2,1.2,1.5,3,3,3,3,3,10,20,20,20,20,0,0,0
210215,145.4,125.4,117.9,115.4,97.8,112.6,94.6,113.9,124.5,147.7,131.4,120.9,128.8,113.9,115.8,114.7,124.5,132.8,178.7,155.5,161.8,178.2,160.2,164.5,10.9,2.8,7.26,6,0,-2,-3,-4,6.8,5.8,2.9,3.5,3.8,4,4,3,4,4,70,60,20,30,60,5,0,1
210216,162.9,147.5,138,122.5,126.7,129.6,107.3,108,119.1,115.2,120.4,101.8,121.8,117.3,123.4,148.4,145.4,153.9,164,167.7,174.6,172.9,166.8,172.4,11,7,13.96,-3,-3,-4,-5,-4,8.2,5.6,6,5.7,4.7,4,4,4,4,4,60,60,60,60,60,5,5,1
210217,190.2,163.7,131,132.1,140.7,128.8,122.3,142.5,139.8,143.7,142.8,132.8,142,136.6,135.7,147.4,125.3,138.7,150.5,163.1,163.4,162.3,192.8,162.4,11,1.6,6.82,1,0,-1,-2,-3,7.1,4,1.6,1.1,1,4,4,4,4,4,30,30,30,30,30,0,0,0
210218,167.6,169.8,157.3,133,134.4,128.3,145.8,117.1,144.3,141.1,144.1,131.7,142.9,135.6,125.2,130.7,126,150,162.1,158.2,177.1,167.6,178.6,157.8,11,6.1,9.52,10,7,4,4,5,5.9,4.6,6,5.7,3.8,1,1,1,1,1,0,0,0,0,0,0,0,0
210219,181.8,164.1,147.5,129.4,123.4,134.1,121.4,120.9,134.6,137.4,129.3,122.8,123.6,106.7,117.8,115.9,111.9,121.5,158.7,148.4,169.8,156.8,144.4,144.9,11.1,10.2,18.39,15,11,7,6,5,5.2,3.2,3.2,2.6,2.7,1,1,1,1,1,0,0,0,0,0,0,0,0
210222,139.3,131.3,121.1,115,120.2,98.2,95.2,107.1,107.5,116.1,119.6,113.5,114.2,122.3,117,96.6,119.4,132.9,151.2,129.2,144.1,142.6,148.4,155.5,11.2,9.9,16.61,7,4,0,-2,-3,4.9,3.1,2.7,3.2,3,3,1,1,1,4,20,10,0,10,30,0,0,0
210223,152.7,134.4,130.8,127.2,101.7,129.3,113.9,119.8,120,106.5,106.2,115.5,125.3,121.5,110.6,131,121.5,153.8,148.1,155.4,163.3,164.8,176.1,160.8,11.2,9.4,16.24,10,9,3,1,1,2.1,1.7,1.2,1.7,2.5,4,3,1,3,3,30,20,10,10,20,0,0,0
210224,159.2,129.8,144.5,132.1,124.5,126.8,121,122.6,141.1,134,140.7,132.9,152.8,135.1,137.5,127.6,153.3,149.5,154.7,158.5,170.2,158.7,163.6,176.4,11.2,0,5.49,9,8,7,5,4,0.9,1.6,0.7,1.7,1.9,4,4,4,4,4,60,60,60,60,60,5,5,1
210225,163.4,140.4,136.5,139,116.7,113.8,123.1,117.2,134.1,125.5,126.5,137.2,127.5,134.1,133.6,135.2,128.7,140.3,150.1,163.5,150.7,170.4,173.8,166.8,11.3,0,2.83,14,12,8,5,3,5.5,2.6,2.3,3.1,2.9,3,3,3,3,3,20,20,20,20,20,0,0,0
210226,155.4,144.9,120.1,110.7,109.9,96.5,102.6,105.3,107.5,113,95.6,107.7,96.3,105.9,119.6,126.6,114.7,133.9,143.4,150.9,159,136.4,141.2,150.6,11.3,0.4,15.45,13,11,6,3,1,5.7,2.8,2.5,1.7,2.3,3,3,3,3,3,20,20,20,20,20,0,0,0
210301,147,131.2,127.3,122.9,130.4,114.3,113.1,100,111.4,119.6,137.5,129.6,162.7,156.6,145.2,150,166.5,138.1,143.5,163.3,158.8,172.2,152.5,147.2,11.4,0,3.51,8,6,1,-1,-2,4.8,3.3,1.8,1.3,1.1,1,1,1,1,1,10,0,0,0,0,0,0,0
210302,156.5,136.9,123.3,116,113.6,99.4,111.2,113.6,143.2,116.1,132.9,128.9,133.1,115.1,130.4,132.5,131.5,139.5,153.7,152.8,142,155.2,144.1,161.5,11.5,6.9,15.61,11,9,5,3,3,2.2,1.9,2.1,2.2,2,3,3,3,3,3,20,20,20,20,20,0,0,0
210303,143.2,130.7,119.4,115.1,99.2,112.4,116,118.7,120.2,117.9,117.6,108.2,114.5,118.3,112.5,110.5,114.6,125.4,130.5,136.9,143.2,150.7,143.9,153.3,11.5,8.7,18.39,10,10,9,7,5,2.8,1.8,2.1,2,1.7,4,4,4,4,3,80,80,80,70,10,10,5,0
210304,145.7,135.5,113.6,120.8,101.8,118.2,98.7,104.5,134.2,128.2,129.3,136.2,134.5,129.7,131.1,133.7,127.7,143.2,161.4,141.3,134.3,144.4,151,147.8,11.5,0,5.31,17,14,9,6,5,3.3,1.7,2.1,2.1,2.9,1,1,1,3,3,0,0,0,20,20,0,0,0
210305,148.2,131.7,128.1,118.1,112.2,117,107,104.1,125.6,114.6,98.8,86.7,95.5,107.8,96.9,115.2,134.3,118,127.4,141.5,131.7,161.4,144.6,165.1,11.6,3,19.82,16,13,8,6,5,2.3,0.5,2.9,2.4,1.5,3,4,4,4,4,20,30,60,30,30,0,5,0
210308,149.7,119.9,114.6,110.1,97.1,96.2,94.6,99.8,118.6,115.8,123.4,119.1,111.7,99.4,119.7,109.2,109.9,123,138,126.8,150,167,150.5,150.7,11.7,8.8,19.79,13,9,6,3,2,3.8,3,2.8,2.5,2.6,3,3,3,3,1,20,20,20,20,10,0,0,0
210309,136.9,135.5,118.9,102.3,101.7,100.5,99.1,106.6,115.8,129.3,119,110.8,118.7,104.8,102.6,119.7,103.9,113.7,137,136.5,149.3,147.2,143.5,129.5,11.7,8.1,18.48,17,14,8,5,3,2.2,2.1,0.8,1.1,1.4,1,1,1,1,1,0,0,0,0,10,0,0,0
210310,126.3,111.9,100.2,99.9,94.8,92.2,83.5,98.2,124.3,100.7,100.3,100.5,100.5,92.1,96,101.1,104.5,113.3,128.9,132,122.9,134.4,134.7,138.6,11.8,10.4,20.71,16,14,11,9,8,2.1,1,1.4,1,2.2,3,3,4,4,4,20,20,30,30,60,0,0,5
210311,126.2,124,103.8,108.6,91.6,103.1,84.9,97.5,104.6,127.9,127.9,106.7,113.1,94,96.7,110.8,104.4,100.9,123,128.6,124.5,123.6,128.3,117.9,11.8,7.7,17.85,11,11,9,7,5,4.2,3.9,4,2.6,1.7,4,4,4,3,3,70,60,30,20,10,5,0,0
210312,121.1,125.8,100.9,81.3,105.7,99.3,89,88.7,119,129.5,101.4,94.9,92.7,105.1,100.7,99.6,105.7,108.1,127.3,141.7,118.4,122.6,132.7,128.5,11.8,9.9,6.05,15,12,7,5,3,4,2.9,1.6,0.8,0.9,3,1,1,1,1,20,10,0,0,0,0,0,0
210315,149.3,146.1,126.1,105,100.8,91.1,95.9,107.3,114.1,147.9,119.2,122.4,125.9,114.2,132.7,123,123,132.6,146.3,152.2,144.9,145.7,148.8,152.8,11.9,7.7,17.43,14,9,4,2,0,4.8,3.4,2.7,2.3,2.6,1,1,1,1,1,0,0,0,0,0,0,0,0
210316,135.4,137.4,112.8,93.3,93.7,97.5,81.7,107.2,114.3,126.5,107.8,95.3,113.4,122.3,111,113.2,116.6,118.4,149.2,161.2,153.8,152.9,148.7,163.8,12,10.3,21.36,17,13,7,5,4,2.1,2.3,0.9,1.2,1.1,1,1,1,1,1,0,0,0,0,0,0,0,0
210317,143.1,129.2,108.3,98.3,93,97.7,105.9,102,116.7,105.8,122,127.1,139.3,111.4,132.4,121.1,117.5,140.7,141.5,144.3,149.3,146.7,149.6,148.7,12,9.3,21.09,19,14,9,7,6,1.7,3.4,1,2.1,1.8,1,1,3,3,3,0,0,10,20,20,0,0,0
210318,147.6,142.4,124.1,112.8,88.2,94.5,107.9,92.3,110.7,106.4,103.5,105.1,111.2,104.4,122.1,119.9,111.9,113.3,148.5,142.6,140.9,156.1,157.3,144.9,12.1,10.7,21.93,19,17,12,10,9,1.7,1.1,2.5,2.3,3,3,4,3,4,4,20,30,20,30,30,0,0,5
210319,159.4,144.7,125.1,116.5,99.6,90.3,96.9,89.5,109.3,117,113,117.7,119.7,105.8,104.2,122.8,117.4,127.3,137.7,138.8,162.1,152.5,147.7,178.7,12.1,6.6,18.9,13,12,9,6,5,1.8,2.1,2.8,4.1,4,4,4,4,4,4,60,30,30,30,30,5,0,0
210322,157,132.6,119.1,116.8,108.8,93.2,82.1,99.5,121.4,104,112.7,123.7,130.5,110.7,115,118.2,123.9,128.7,157.5,161.5,146.9,150.7,162.2,164.3,12.2,10.9,23.98,16,13,7,5,3,5.5,3.1,2.1,1.8,1.9,1,1,1,1,1,0,0,0,0,0,0,0,0
210323,158.2,138.8,122.8,104.4,107.8,110.7,89.6,106.1,140.4,117.3,117.2,116.8,134.4,107.4,128.3,117.5,129.8,138.5,151.3,152.3,148,169.2,152.6,151.9,12.2,11,22.66,17,14,9,6,6,3.3,2,1.2,1.1,1,3,3,1,1,1,20,20,0,0,10,0,0,0
210324,159.5,147.2,128.6,120.2,109,97.7,85.5,102,113.3,132.9,111.9,119.4,136.1,131.3,110.9,108.3,122,136.7,141.8,129.4,167.3,126.7,143.3,161.8,12.3,5.7,15.14,21,17,10,6,5,2.7,2.4,0.9,1.1,1.1,1,1,1,1,1,0,0,0,0,0,0,0,0
210325,138.1,113.9,109.2,95.4,78.3,94.7,79.9,94.5,107.9,109.8,120.4,101.5,113.2,98.2,107.7,113.1,110.9,114.1,126.2,149.2,133.3,148.1,138.8,140,12.3,11.2,23.73,24,21,13,10,9,3.7,2.2,2.8,2.6,2.9,1,1,1,1,3,10,0,0,0,20,0,0,0
210326,141.2,149.1,124,104.5,105.6,88.3,104.2,95.8,112.4,99.3,118.6,118.6,107.3,107.9,100.3,113.8,118.2,111.8,126.8,144.5,125.8,139.3,153.6,128.4,12.4,5,21.84,16,16,16,14,10,7.6,6,4.4,3.5,4.5,4,4,4,4,4,60,60,62,73,66,40,20,5
210329,148.6,131.3,106.3,94.4,85.4,73.3,82.1,91.3,115.6,116.8,106.9,108.6,120.4,129.2,113.6,116.8,116.3,131.4,132.7,132.4,151.7,144.7,157.6,163.9,12.5,7,18.87,20,18,11,8,5,3.9,2.1,1.8,1.5,1.5,1,1,1,1,1,0,0,0,0,0,0,0,0
210330,150,135.4,110.6,89.1,91.2,98.3,80.9,78,132.1,113.5,114.4,114.5,123.4,100.5,113.7,113,114.3,130.9,132.8,143.7,146,136.2,145.1,157.1,12.5,9,22.3,23,20,14,10,8,1.4,0.4,1.3,1.9,2.3,1,1,1,1,1,0,0,0,0,10,0,0,0
210401,148.1,130.8,111.6,106.1,93.5,90.4,87,98.5,115.9,112.8,102.4,120.5,123.8,108.6,113.3,127,128.1,130.6,137.4,147.8,142.7,145.7,137.3,136.4,12.6,2.2,15.06,23,22,18,16,15,5.6,3,2.7,3.2,3.8,4,4,4,3,3,30,30,30,20,20,0,0,0
210402,148.8,121.5,108.2,111,104.5,78,82.6,91.6,88.8,97.7,95.2,121.8,116.2,117.5,118.2,132.6,131.4,129.6,144.2,139.8,132.4,148.3,129.9,140.1,12.6,0,13.43,17,18,16,13,12,4.5,4,1.3,0.5,2.3,4,4,4,4,4,60,60,60,60,60,5,5,5
210405,132.9,124.8,106.6,107.1,90.1,75,69.1,88.9,109.6,106.5,122.7,100.4,116.5,121.3,113.5,124.8,123.3,118.9,143.4,145.2,162.6,164,159.7,152.9,12.7,11.6,26.75,19,15,11,7,6,4.9,2.7,1.9,1.1,1.7,1,1,1,1,1,0,0,0,0,0,0,0,0
210406,163.1,142,121.2,92.6,90.8,80.3,83,95.7,103.7,108.2,115.9,107.5,124.4,110.5,110,101.3,113.5,122.6,134.1,145.4,150.5,159.8,157.6,166.9,12.8,7.7,22.13,21,18,12,8,7,3.9,3.3,0.9,0.7,0.9,1,1,1,1,1,0,0,0,0,0,0,0,0
210407,157.4,158.5,108,104.5,107.4,85.4,67,93.4,114.4,102.9,114.6,120.1,112.5,103.4,119,122.8,128.1,136.7,144,146.4,157.8,155.2,151.1,158,12.8,11.6,26.05,17,14,10,7,5,4.9,3.1,2.8,2.3,1.8,1,1,1,1,1,0,0,0,0,0,0,0,0
210408,163,152.3,126.2,111.9,88.7,90.7,79.2,95.4,106.2,108.2,107.7,119.4,126.4,120.6,109,113.8,119.7,130.2,132.9,148.6,165.6,165.4,153.1,154.3,12.8,10.8,26.36,20,16,12,8,6,0.2,4.1,2.9,3.7,2.5,1,1,1,1,1,0,0,0,0,0,0,0,0
210409,160.9,151.2,124.9,121.8,102,101.7,102.7,89,96.2,106,95.4,94.6,115.2,105.9,108.5,129.8,123,129.9,150.1,157.9,171.8,152.3,156.9,147.9,12.9,11.1,24.85,20,17,12,8,6,1.9,1.6,1.7,1.5,2.3,3,1,1,1,1,20,0,0,0,0,0,0,0
210412,148.1,137.8,112.7,104.9,80.8,74.7,84,112.7,106.9,109.8,125.7,125.5,137.4,124.4,129.5,127.2,127.7,147.7,136.7,142.4,138.2,146.3,148.5,141.8,13,0,4.33,14,10,7,6,5,6.1,3.9,2.9,3,3.3,1,1,1,3,1,10,0,10,20,0,0,0,0
210413,146.4,146.4,132.1,91.4,92,88.3,80.9,89.8,116.5,128.1,114.9,123.5,115.1,121.1,133.8,103.7,113.5,127.7,154,136.4,140.7,152.2,141,146.7,13,6.8,17.96,16,13,7,4,2,5.4,2.9,1.1,1.2,1.1,1,1,1,1,1,0,0,0,0,0,0,0,0
210414,174,129.2,127.7,115.7,94.7,107.5,82.7,89.9,104.5,110.4,107,99.3,120.7,93.6,120.4,119.7,124.6,136.4,134.9,147.2,136.9,148.7,149.9,138.9,13,11.9,27.8,18,16,10,9,8,3.6,2.8,2.7,3,3.1,3,3,1,1,3,20,10,0,10,20,0,0,0
210415,149.9,134.2,130.2,122.4,84.6,103.8,72.1,93.5,109.8,99.9,108.4,99.8,113.5,125.2,102.6,110.3,110.4,119.8,153,143.4,151.8,137.3,133.8,158,13.1,11.2,24.84,16,15,13,11,8,3.5,1.7,1.5,1.1,1.1,4,4,3,3,3,30,30,20,20,20,0,0,0
210416,145.1,133.8,137.2,111.2,109.8,107.5,76.8,89.9,94.2,93,97.4,121.9,110.2,140.9,124.3,129.9,128.4,124,137.5,141.7,144.1,157.3,159.3,148.4,13.1,12,10.87,15,12,8,7,7,6.6,5.2,3.6,3.5,3.1,1,1,1,1,3,10,0,0,0,20,0,0,0
210419,149.1,125.8,146.5,115.9,111.7,112.2,99.5,97.4,114.9,109.4,116,99.6,108.6,112.1,97.6,109.5,123.8,116.2,146.2,138.7,137.3,141.1,134.1,130.7,13.2,12.3,28.14,25,21,15,11,10,2.7,2.5,1.1,1.2,1.4,1,1,1,3,3,0,0,10,20,20,0,0,0
210420,148.3,144.9,128.5,119.2,110.1,118,108.6,107.5,113.8,98.1,99.8,99.3,98.1,99.4,104.2,100.2,106.2,124,136.7,138.2,136.8,140.6,134.3,147.2,13.3,12,27,27,24,18,14,13,3.5,1.8,1.4,1.7,1.7,4,4,4,4,4,30,30,30,30,30,0,0,0
210421,129,132.4,121.1,114.6,118.1,87.2,84.6,87.8,107.5,99.2,87.4,103.9,107.9,107.2,123.3,118.3,120.2,132.4,135.8,136.8,135.4,128.9,136.3,132.1,13.3,6.3,19.37,26,23,19,16,16,4.2,1.6,2,2.2,1.9,4,4,4,4,4,30,30,30,30,30,0,0,0
210422,134.5,134.8,117.4,103.3,100.3,96.3,90,102.7,101.1,111.8,110.7,113.6,133.3,141.8,122.7,123.9,122.5,125.4,123.7,119.5,121.9,132,129.8,127.1,13.3,0.3,10.47,26,23,18,14,13,4.8,2.1,1.4,1.3,1.7,1,4,3,3,3,10,30,20,20,20,0,0,0
210423,128,127.7,116.8,109,94.2,81.8,74.1,89.9,91.6,99.6,89.2,107.6,114.2,105.2,114.1,112.8,111.9,154,131,135.4,129.8,123.8,126,125.8,13.3,8.3,21.81,25,21,17,14,12,1.9,1.1,1.2,1.7,1.5,3,4,3,1,1,20,30,10,10,0,0,0,0
210426,138.4,137.3,113,97.7,107,79,84.9,84.5,100.8,96.4,103.3,116.3,114.2,122.7,113.2,114.2,119,120.1,140.5,137.2,139.9,150.6,145.5,146.2,13.5,12.2,26.52,21,20,17,14,14,3,2.1,1.6,1.3,2,4,4,3,3,4,30,30,20,20,30,0,0,0
210427,138.6,138.6,104.3,97.1,96.6,77,75.6,77.5,102.5,118.7,108.8,109.7,129.5,127.4,116.6,130.4,125.8,132.7,154.2,151.8,150.3,139.6,148.6,142.4,13.5,1.7,15.23,24,21,17,14,12,0.1,2.2,1.2,1.6,1.2,3,3,3,4,4,20,20,20,30,30,0,0,0
210428,130.7,126.6,100,97.8,81,73.7,65.4,81.2,104.8,95.1,102.4,124,141.4,123.7,112.9,109,127.7,129,146.8,143.8,142.5,148.8,143.4,140,13.5,7.6,21.43,23,22,17,14,13,3.4,4.2,3,5.1,8,1,1,3,4,4,0,0,10,60,67,0,1,5
210429,138.7,126.6,121.4,92.9,81.4,92.7,78.3,81.9,96.1,99.4,95.7,113.4,124.7,105.4,117.7,118.1,129.7,126.6,137.5,140.2,136,140.4,141.8,148.2,13.5,7,26.41,18,16,13,11,10,4.7,2.1,1.3,1.2,3.2,1,3,4,4,4,0,20,30,60,60,0,5,10
210503,141.8,126.7,104,98.8,88.7,83.8,81.4,76.9,100.6,87,103.4,103.8,122.2,105.9,99.1,124.3,127.6,134.5,118,133.1,128.4,139.6,150.2,143.9,13.7,10.5,28.3,20,18,18,16,13,5.1,6.6,5.4,3.8,3.5,4,4,4,4,4,60,60,67,60,30,5,20,0
210504,132.5,112.3,106.8,90.6,89.4,83.7,75.9,75,100.5,100.3,118.1,116.7,141.7,140.3,124.2,125.7,133.1,136.1,151.4,149,147,147.6,131.5,135.3,13.7,12.2,7.68,20,17,12,9,7,5.5,3.6,0.5,0.3,1.4,1,1,1,1,1,0,0,0,0,0,0,0,0
210506,129,122.7,97.4,92.7,80.3,80.7,70.3,78,94,90.2,124.8,106,130.2,125.7,121.6,126.6,123.4,132,129.4,141.1,134.2,135.2,132.1,148.4,13.8,8.4,22.42,19,17,12,9,7,3.2,4.2,0.4,1.2,0.3,3,1,1,1,1,20,0,0,0,0,0,0,0
210507,129.8,124.6,116.2,96.7,89.8,77.9,80.9,78.7,84.5,104.7,105.8,112.8,110.8,120.2,114,97.2,110.2,123.5,123,118.9,121.7,126.4,130.4,135.9,13.8,12.3,14.29,23,21,16,13,9,5,3.3,2.6,1.3,1.6,1,1,3,1,1,0,10,20,10,0,0,0,0
210510,149.1,133.7,107.4,92.7,85.2,74.2,66.8,81,123.9,109.9,113.3,115.8,142.4,126.1,125.5,126,129.5,118.4,135.7,130.2,144.5,139.2,151.7,136.9,13.9,0.3,11.37,23,22,19,16,15,4.6,2.7,2.6,1.8,1.9,3,3,3,1,1,20,20,10,10,0,0,0,0
210511,136.4,122,103.5,84.7,75.5,83.1,64.2,77.6,95.9,102.7,103.3,125.4,131.4,125.2,116,113.6,125.9,116.9,134.1,148.9,148.3,140.8,141.9,137.4,13.9,0.5,13.85,28,26,21,18,16,3.4,2.5,1,1.4,1.3,4,3,1,1,1,30,10,0,0,0,0,0,0
210512,141.1,121.9,103.8,94.5,88.3,81.2,66.2,97,104.2,96.9,102.2,115.7,132.1,123.2,138,145.6,162.1,179.8,173.1,184.2,177.7,174.4,160.1,183.4,13.9,8.7,23.31,29,25,21,18,16,1.2,1.5,1,1.4,0.9,3,3,3,1,1,10,20,20,0,0,0,0,0
210513,181.9,157.1,141.4,117.3,92.5,101.7,93.2,101.7,109.2,117.6,127.4,180.9,209.1,181.6,182.2,191,179.6,189.7,193.1,171.4,181.5,169.5,174.4,176.1,14,11.7,27.09,29,25,21,20,20,4,3.2,2.3,3.3,2.6,3,3,4,4,4,10,20,30,30,30,0,0,5
210514,181.8,160.4,136.5,118.7,110.2,105.5,89,104,126.1,141.8,143.6,165.7,199.8,187.1,177.6,188.4,190,203.5,193.7,183.8,184.6,208.6,180.7,199.9,14,0.1,20.85,23,23,22,21,21,3.3,2.4,2.4,2.7,2.8,4,4,4,4,4,60,30,30,60,70,1,5,20
210517,181,170.8,143.6,134.1,121.5,117.5,107.7,111,135.2,136.5,155.5,151.2,175.7,151.1,168.9,146.2,158.7,169.4,162.5,164.2,167.3,174.9,176.1,177.4,14.1,0,6.29,24,22,18,15,13,2.3,3,0.8,0.6,0.9,4,3,1,1,1,30,20,0,0,0,0,0,0
210518,168.2,167.2,136.6,120.6,107,113.8,82.8,98.6,119.3,133.3,125.9,144.7,157.3,134.3,162.4,177.6,166.6,165,174.4,168.9,157.9,161,163.7,173.1,14.1,6.1,20.51,28,26,21,18,17,1.9,1.3,1.7,1.6,1.8,1,1,3,3,4,0,0,10,20,30,0,0,0
210519,178.9,151.5,133.8,121.4,111.1,108.8,112.9,87.6,97.1,97.8,114.9,130.9,151.8,163.6,171.9,173.5,179.1,177.2,196.8,184,178.4,170,185.4,180.4,14.1,8.4,26.71,18,18,17,15,15,0.2,1.7,2.3,3.9,3,4,4,4,4,4,80,70,30,30,30,5,0,0
210520,160.1,151.6,142.8,125.9,106.9,107.4,99.1,105.9,134,128.2,151.4,168.2,162.3,142.6,144,149.5,150.9,147.6,180.8,163.1,181.2,162.2,179,175.3,14.1,0,5.17,20,18,15,13,12,3.7,3.6,1.4,1.3,1.4,3,3,3,1,1,20,20,20,0,0,0,0,0
210521,170.8,154.3,142.4,129,112.9,102.7,114.2,110.4,108.9,115.7,129.8,157.5,143.1,139.3,144.8,143.4,161.6,149.4,154.8,176.1,167.2,180.1,162.2,164.6,14.2,9.5,19.07,26,24,18,15,13,3.4,2.6,1.2,1.4,1.5,1,1,1,1,1,0,0,0,0,0,0,0,0
210524,179.2,169.9,143.4,132.9,123.9,116.5,122.6,118.2,133.4,138.6,139,162.6,166.6,144.7,163.2,162.1,156.6,168,173.8,165.9,171.2,183.3,175.2,164.7,14.2,8.9,25.07,22,20,15,13,12,5.2,3.5,1,0.9,1.3,1,1,1,1,1,0,0,0,0,0,0,0,0
210525,166.2,162.9,133.2,119.4,119.6,123,106.8,118.8,127.2,140.8,152.9,147.8,139.4,130.4,151.3,156.9,144.1,160,176.4,174.7,176,180.8,175.2,175.1,14.3,8.7,24.88,24,22,19,16,15,4,5,5.2,3.6,1.4,4,4,3,4,4,30,30,20,30,61,0,0,10
210526,160.1,155,142.8,134.9,103.5,95,92.4,116.5,149.2,132.8,148.6,151.1,168.1,150.7,166.3,171.2,157.5,176,155.7,167.3,167.1,164.5,165.1,162.8,14.3,2.5,15.72,23,21,16,14,13,3.5,2.8,1.2,1.6,1.8,3,1,1,1,1,20,0,0,0,0,0,0,0
210527,168.9,148,130.3,115.9,115.9,112.3,95,107.5,134.6,150.9,163.2,142.6,177.6,161.1,154.4,163.5,152.1,167.7,174.8,168.5,152.6,169.4,171.7,160.4,14.3,5.4,14.99,22,19,16,15,14,4.6,4.3,3,3.8,2.9,4,1,4,4,1,70,10,30,30,0,10,0,0
210528,166.2,147.9,140.9,126.7,108.3,106.1,90.2,86.2,130.1,119.4,130.8,163.1,175,169.5,188.7,160.6,167.2,180.4,166.1,154.4,149.2,160.6,166.3,157.9,14.3,11.2,19.25,25,23,18,15,14,3.2,2,1.7,1.2,2.1,1,1,3,3,3,0,0,10,10,20,0,0,0
210601,195.3,192,148.3,141.5,113.9,120.1,117.2,108.4,154.1,151.6,148.3,160.6,186.4,165.1,180,188.4,197.6,202.9,237.9,213.8,186.7,188.1,196,192,14.4,11.8,27.42,29,26,22,20,19,4.1,2.7,2.5,2.9,2.3,1,1,1,1,1,0,0,0,0,0,0,0,0
210602,204,174.9,148.9,150.5,117.2,121.5,105.8,127.3,144,159,158.5,168.1,193.4,180.6,186.9,191.4,190.9,188.2,202.1,194.2,185,205.9,186.2,184.6,14.4,7.5,21.53,23,22,19,19,18,3.4,1.1,2.9,1.4,2.1,4,4,4,4,4,30,30,60,30,30,0,1,0
210603,214.8,185.3,146.6,138,137.1,133.2,118.2,110.5,131.4,145.6,170.1,184.4,199.9,185.5,200.1,195.6,181,182,203.2,188.4,188.4,185.2,180,190.7,14.4,0,5.13,25,24,18,15,14,3.9,3.5,1.7,1.7,1.3,1,1,1,1,1,0,0,0,0,0,0,0,0
210604,186.3,169.4,165.8,135.3,128.9,136.9,111.7,112.5,129.6,135.5,137.1,164.2,158.4,154.2,174.3,180.8,167.8,177.8,192.8,188.6,173.6,167.2,166.6,167.8,14.4,10.6,29.77,28,25,21,19,17,4.8,3.6,1.7,1.7,1.7,1,1,1,1,1,0,0,0,0,0,0,0,0
210607,177.7,179.4,149.5,129,126.1,123.5,110,119.9,142.8,154.9,172.9,164.6,182.6,183.2,180.7,197.5,182.8,193.9,198.8,200.1,195.1,198.9,202.7,194.6,14.5,10.6,25.55,32,30,24,22,20,1.5,1.6,1.1,1.1,1.3,1,1,1,1,1,0,0,0,0,0,0,0,0
210608,200.9,184.6,183.1,142.9,132.9,116.4,105.9,111.2,149.6,144.1,169.4,171.4,226.2,193.5,208.7,211.2,215.9,208.9,229.6,228.2,223,208.5,219.1,219.1,14.5,11.7,28.42,32,29,24,22,21,3.8,3.2,2.2,2,2.1,1,1,1,1,1,0,0,0,0,0,0,0,0
210609,211.2,206.1,199.5,165.6,142.2,145.3,140.8,143.9,156.6,160,179.1,179,212.2,206.4,222,220.8,234,228.7,234.3,232.1,215.3,217.6,221.3,211,14.5,12.2,28.61,28,25,23,22,22,5.5,4.2,5,4.1,4.5,4,4,4,4,4,30,30,60,66,80,0,20,70
210610,212.1,186.6,193.1,165.8,143.1,128.1,112.9,151.9,179.4,174.8,181.1,186.8,219.2,193.5,205.6,212.9,213.8,213.6,223.8,222.6,206.1,198.2,200.1,204.6,14.5,2.2,11.99,27,27,22,20,19,0.9,1.8,1.2,0.7,0.9,4,3,3,4,4,30,20,10,30,30,0,0,0
210611,199.3,204.2,172.1,151.5,138.8,137.5,136.2,137.4,151.2,154.2,186.1,189.3,213.3,203,198.7,199.1,227,219.8,238.9,220.7,229.3,243.1,232.9,229.4,14.5,12.7,23.36,30,28,24,22,20,1.9,3.1,0.9,0.8,0.1,3,3,3,4,4,20,10,20,30,30,0,0,0
210622,158,148.3,146.4,131.2,115.1,118.3,111.7,126.8,132.8,146.3,135.5,152.9,167.9,176.7,193.4,182,169.9,176.9,196.5,189.9,188.7,177,189.2,188.6,14.5,9.5,25.03,24,24,21,20,19,2.3,2.4,1.4,1.6,1.5,4,4,4,4,4,60,60,60,30,30,10,1,0
210623,179.7,170.9,156.3,137.6,147.6,136.9,126.3,117.6,140.2,138,157.2,164.3,160.4,177.5,177.7,169.3,170.3,166.2,163.3,179.2,174.8,179.3,167.8,168.7,14.5,4.1,15.77,26,24,22,21,19,1.3,2.1,0.9,0.8,1.1,3,4,4,4,4,60,60,60,60,30,5,5,0
210624,170,168.7,151.5,140.7,122.1,123.3,107.1,117.8,144.2,150,149.4,165.5,180.7,172,171.6,166.8,173.5,196.5,166.8,165.7,168.2,170.5,172.4,166.6,14.5,3.9,16.34,29,27,23,22,21,2.2,2.1,0.7,0.9,1.1,4,4,4,4,4,30,30,30,30,30,0,0,5
210625,166.4,169.4,145.7,121.6,117.8,129.6,109.9,120.8,143.4,138.1,161.1,172,166.1,187.8,177.4,170.4,175.9,186.1,184.4,185.7,177.4,168,158.6,168.4,14.5,7.4,18.37,28,26,24,22,20,2.3,2,1.3,1.4,1.3,3,4,4,3,1,20,60,30,20,0,1,0,0
210628,183.7,174.7,144,140.7,151.4,136.6,136.4,127,153.2,159.5,166.2,168.9,163.8,178.4,194.5,201.4,180.2,169.2,186.8,191.7,187,188.2,179.1,184.1,14.5,5,15.34,28,27,23,21,21,2,1.8,0.4,1.3,1.2,3,4,3,3,3,60,60,20,20,20,40,0,0
210629,168.4,153,151.4,130,139.3,117.4,135.3,114.7,145.7,141.8,163.3,158.7,178.5,172.7,194.7,188,193.1,182.4,187.7,181.7,200.1,192.2,180.6,190.3,14.5,2.4,18.5,28,28,24,22,21,0.7,1.2,1.3,1.3,1.6,4,3,4,3,1,60,60,30,20,0,20,0,0
210701,192.9,185.9,150.9,152.6,132.2,124.4,126.1,117.3,146.2,167.8,163.6,165.5,186.8,179.1,182.4,172.8,187.6,187,189.6,182.8,203.3,189.7,218.8,208.2,14.5,8.6,23.86,30,28,25,24,23,0.8,1.7,1.7,1.9,1.9,3,3,4,3,1,60,60,30,20,0,4,0,0
210702,189.8,198.8,170,142.5,123.2,126.2,138.5,129.3,146.7,170.5,168.4,184.1,185.6,194.7,187.6,208,196.5,208.1,194.1,195,200.3,195.1,212.2,177,14.5,0.1,17.21,22,24,25,25,24,5.7,4.5,4.9,5.4,4.1,4,4,4,4,4,60,60,60,63,66,2,3,0
210705,192.8,172.6,160.1,146.3,145.6,139.6,127,142.6,154.5,178.4,163.6,166.5,180.7,163.5,163.9,158.6,169.1,173,193.6,178.9,190.4,191.1,192.8,187.3,14.5,0,5.21,24,25,24,24,24,1.8,1.8,1.1,0.9,1.2,4,4,4,4,4,60,60,60,60,63,1,1,2
210706,187,165.9,156.3,123.1,120.5,134.5,119.3,120.1,143.4,163,152.2,163,173.5,168.7,167.4,164.9,168.2,184.3,193,199,190.6,200,190.9,197.2,14.4,0,3.27,26,26,25,25,24,1.7,1.7,1.5,1.9,1.4,4,4,4,4,4,60,30,60,30,30,0,0,0
210707,193,181,161.7,152.7,128.1,124.1,120.4,147.5,159.4,178.9,180.2,183,210.7,198.8,185.9,194,187.9,193.6,212.1,198.3,212.3,215.6,209.6,210.6,14.4,0.1,7,27,26,24,23,23,2.6,2.3,1.4,1.8,1.7,3,4,4,4,4,20,30,60,30,30,0,0,0
210708,199.9,183.6,167.5,167.5,158.8,149.7,136.2,144.9,165.4,162.8,173.7,184.6,210.8,196.8,191,196.5,194.6,211.7,198.9,201.7,200.3,195.7,199.5,214.3,14.4,0.8,11.66,30,28,25,24,23,3.9,2.9,1.3,1.1,1.9,3,3,4,4,4,60,20,30,30,30,0,0,0
210709,196.2,173.2,174,161.9,145.7,129.7,140.1,150.8,163.7,187.9,180.1,187.1,195.3,195.6,208.5,208.3,218.9,215.4,222.2,216.3,211.7,206.6,204.8,207.9,14.4,4,17.77,30,28,26,25,24,2.5,2.8,1.2,1.8,1.8,4,3,4,3,4,30,20,30,20,30,0,0,0
210712,207.3,198.3,179.7,163.6,159.6,149.6,159.1,157.9,177.2,162,164.5,202.6,193.7,197.6,207.6,190.5,206.5,195.2,223,227.4,233.5,225.4,238.6,224.1,14.4,6.3,21.16,31,30,27,26,25,3.3,2.3,1.9,2.4,2,3,1,1,1,1,20,0,0,0,0,0,0,0
210713,211.3,191,179.8,173.6,148.6,154.7,158,150.5,167.7,186.6,205.1,194.3,230.1,223.4,214.8,212.9,208.7,200,227.8,264.6,232.8,236.7,223.2,225.1,14.3,8.1,22.3,31,30,27,25,24,3,3,1.6,1.5,1.6,4,4,1,1,3,30,30,0,0,20,0,0,0
210714,216.6,215.9,184.6,155.4,146.7,143.3,136.4,144.1,174.6,176.8,190.8,213,210.1,204.5,198.8,195.4,203.1,201.9,238.5,229.7,227.2,217.4,224.3,235.3,14.3,2.2,16.15,32,30,27,25,24,2.5,2.1,1.5,1.2,1.5,3,4,4,3,4,60,30,30,20,30,0,0,0
210715,217.7,191.8,190.5,168.7,187.6,143.3,136.6,152.3,165.5,182.7,192.1,190.5,205.5,211,217.4,211.2,236.5,177.5,221.5,234.2,232.2,231.6,221.5,208.2,14.3,9.6,26.02,30,29,26,25,23,1.5,1.3,1.2,1.3,1.2,3,3,3,3,3,60,20,20,20,20,0,0,0
210716,209.4,208.9,180.6,175.5,164.9,155.4,148.1,149.4,163.1,188.1,181.6,203,199.6,216.1,206.5,197.2,215.3,227.5,212.1,196.6,231.2,230,217.6,203,14.3,6.4,18,29,28,25,24,24,2.5,1.9,1.3,1.9,1.5,3,3,3,1,1,60,20,20,0,0,0,0,0
210719,209.7,197.7,177.2,155.2,135.9,140,143.9,162.5,159.4,180.4,173.4,198.7,207.3,202.7,210.8,209.1,211.9,205.3,201,233.8,221.5,224.7,218.4,212.7,14.2,7.9,20.79,32,31,27,25,23,2.3,1.4,1.5,1.2,1.4,4,1,1,1,1,30,0,0,0,0,0,0,0
210720,196.4,181.4,173.3,164.7,161,164.4,147.6,141,176.4,181.4,174.7,199.5,193.2,205.2,204.1,225,206,202.1,206.1,219,212.3,211.6,218.9,214.2,14.2,3.2,17.52,34,33,28,25,23,2.5,2,1.2,1.2,1.6,1,1,1,1,1,0,0,0,0,0,0,0,0
210721,193.1,194.1,179.7,154.2,130.2,132.4,141.9,155.3,174.8,178.5,189.2,200.3,203.3,201.1,210.9,207.2,217.8,202.5,230.4,221.3,239.4,216.2,236.4,224.1,14.2,10.9,26.22,33,32,27,25,24,2.6,2.1,1.5,1.9,1.1,1,1,3,3,1,0,0,20,20,0,0,0,0
210722,222.4,201.6,185.1,164.5,145.6,140.3,146.5,162.8,202.4,195.6,170.1,210.4,197.2,198,205,199.6,197,203.2,229.6,217.6,222,236.7,245.8,218.3,14.2,10.6,23.56,33,31,27,25,24,3,2,1.1,1.4,1.5,1,1,4,3,4,0,0,30,20,30,0,0,0
210723,208.4,205.7,173,161.9,151.6,154.3,146.4,147.2,171.3,183.8,191.1,196.8,208.6,221.5,226.9,237.5,219,197.5,197.8,213.1,207.8,224.4,225.1,227.6,14.1,8,22.38,34,32,27,25,24,3.4,1.9,1.5,1.9,2.2,3,3,1,1,1,20,20,0,0,0,0,0,0
210726,219.7,219.2,183.5,177.9,153.2,162.7,147.5,156.7,184.7,177.5,173.1,187.4,196.5,203.2,197.5,194.1,202.9,193.6,216.5,214.4,231.8,233.2,221.3,221.2,14.1,8.3,20.25,34,32,28,26,24,2.4,2.6,1,1,1,3,1,3,3,3,20,0,20,20,20,0,0,0
210727,215.7,204.5,248.6,153.9,166.1,137.5,146,151.2,162.9,169.7,171.9,180.1,201.1,207,207.8,204.3,211,214.9,222.6,208.7,237.2,232.7,221.5,231,14,9.7,19.96,34,31,28,26,24,1.6,2.5,0.8,1.2,0.9,3,4,4,3,3,20,30,60,20,20,0,0,0
210728,227.1,203,171.5,161.2,153,135.7,155.6,160.4,162.5,183.2,182.6,211.9,222.9,238.6,225.4,222,222,221,233,228.8,239.9,240.2,226.4,233.8,14,7.3,19.15,33,31,27,25,23,2.7,2.2,1.1,1.3,1.4,1,1,1,1,1,0,0,0,0,0,0,0,0
210729,224.6,203.7,178.2,160.1,162.9,153.8,139.6,160.4,164.8,170.8,187.4,202.7,218.9,212.7,214.4,215.4,210,215.9,213.9,214.8,211.2,226.2,241.1,238.7,14,7.7,20.75,32,30,28,26,26,3.2,2.7,2,1.8,1.5,4,4,4,4,4,30,30,30,30,30,0,0,0
210730,215.1,186.1,168.6,169.8,142.6,141.6,144,146.2,162.2,171.2,174.4,173.9,205.8,218.2,212.1,198.7,196.5,217.3,211.3,210.2,219.7,230.8,215.2,233.8,14,3.3,20.07,34,31,27,26,25,2.1,2.5,0.9,0.5,0.8,1,1,1,1,3,0,0,0,0,20,0,0,0
210802,210.7,195.7,187.4,160.6,154.8,148.5,138.7,158.3,188.5,184.5,183.8,197.1,208.4,202.2,210.9,223.2,211.3,214.8,210.9,204.6,218,227.1,240.8,216.8,13.9,2.4,12.71,32,31,27,25,24,3,2.6,1.5,1.1,1.3,4,1,1,1,1,60,0,0,0,0,0,0,0
210803,205.7,199.1,177.3,163.2,146.9,155.3,156.3,165.9,174.9,174.7,181.3,193.2,204.8,214.2,221.2,209.7,205.7,209.6,217.3,207.6,220.8,213.2,217,223.3,13.9,5.6,17.07,33,32,28,26,25,2.6,2,1.3,1.1,1.2,3,1,1,1,1,60,0,0,0,0,0,0,0
210804,213.7,210,193.3,170.3,167.6,140.6,135.8,160.7,172.9,183.9,181.6,204.2,216.9,199,202.9,211.8,211.6,210.8,225.8,244.8,219.5,221.2,223.7,209.9,13.8,9.1,23.1,33,31,28,26,25,1,1.8,1.1,1.1,1.4,4,3,4,3,3,60,60,30,20,20,11,0,0
210805,222,191.5,170.8,168.7,149.6,165.7,161.5,153,159.5,184.7,191.8,217.8,220.2,224.8,219.5,209.3,210.2,205.8,231,215.7,219.7,230.1,251.9,214.7,13.8,5.9,18.02,35,32,28,26,25,1.3,2.7,1.6,1.8,1.6,1,1,1,1,1,0,0,0,0,0,0,0,0
210806,207.5,199.3,174.3,177.4,145.2,160.1,159.9,151.2,179.4,185.1,194.4,214.7,211.4,209.3,218.4,222.4,220.2,238.4,221,224.1,231.5,221.2,214.7,226.6,13.8,1.7,24.15,33,30,27,26,25,3.6,2.3,1.6,1.3,0.9,4,3,3,3,1,60,20,20,20,0,0,0,0
210809,198.2,194.9,168.7,159.6,142.9,147,146.2,131.8,164.4,176.9,178.4,178.4,179.6,179,201.9,198.8,195.5,215.7,224.3,221,210,218.7,219.7,214.5,13.7,10.1,25.99,31,29,26,24,22,2.3,2.6,0.9,0.8,0.8,3,3,3,3,1,20,20,20,20,0,0,0,0
210810,229.9,202.9,171.2,146.2,149.5,146.8,139.6,151.2,167.8,173,186.7,201.2,211.8,198.9,194.8,189.3,200.2,197.6,225.2,211.5,210.3,218.6,210,219.2,13.7,7.1,20.12,32,30,26,24,23,2.6,2.8,0.9,1,1,3,3,1,3,1,20,20,0,20,0,0,0,0
210811,197.3,183.3,174.8,160.7,132.8,146.1,144.4,153.3,149.9,167.9,182.2,211.1,192.7,207.9,209.1,196.8,222.3,227.3,225.1,211.3,216.3,220.6,215.2,208.2,13.6,6.1,17.82,32,28,26,25,24,1.1,1.3,1.1,0.9,1.1,4,4,4,4,3,30,30,30,30,20,0,0,0
210812,237,177.9,162.3,147.9,127.3,134.8,121.7,137.6,161.2,162.6,179,178.9,221.5,208,200.6,203.5,200.1,216.1,224,218.8,223,223,221.1,220.2,13.6,3.9,14.3,31,29,26,25,24,1.4,1.4,0.8,1.3,0.9,4,4,4,4,4,30,30,30,60,60,0,3,3
210813,223,196.1,176.7,168.5,147.6,150.2,141.8,147.1,170,168.4,175.1,178.2,180.7,180.3,194.7,194.2,194.5,190.5,204.5,198.5,202.8,185.7,214.9,214.1,13.6,5.6,11.44,28,27,24,22,21,2,1.1,1.1,1.6,1.2,4,4,3,1,1,30,30,20,0,0,0,0,0
210816,197.2,183.6,185.5,155.1,157.4,137.3,141.7,143.2,157.8,151.3,148.1,195.5,186.3,204.9,192.2,195.8,206.2,195.9,214.4,204.3,207.1,214.8,195,203.7,13.5,2.7,4.29,31,28,24,22,21,2.4,1.3,1.1,1.3,1.3,4,4,4,3,3,60,30,30,20,20,0,0,0
210817,192.7,160.5,163.3,131.4,140.3,130.2,130.3,137.5,153.9,158.5,183.2,209.7,210.6,196.9,220.4,211.1,194.7,190.4,204.6,207.2,200.3,215.7,212.9,213,13.4,9.5,24.47,28,25,23,22,21,2.1,1.7,0.9,0.4,0.7,3,4,3,3,4,60,60,60,20,30,0,0,0
210818,197.5,198.1,168.6,145.8,153.5,145.3,137,139.1,161.4,185.6,164.7,185.7,192,196.9,201.1,195.7,181.5,181,183.1,191.8,183.6,192.7,185.7,211.9,13.4,4.5,13.72,28,25,23,21,20,2.7,0.5,0.4,1.5,1.1,3,3,3,3,1,60,60,20,20,0,4,0,0
210819,183.2,180.3,163.8,141.1,143.3,147.5,149.6,142.4,161,152.8,163.4,164.6,187.1,184.2,176.4,180.9,184.4,183.8,197.1,192.3,176.5,183.7,194.5,193.7,13.4,5.4,15.44,29,27,25,24,24,3.9,3.1,2.5,3.7,3.2,3,1,3,4,4,20,0,20,30,30,0,0,0
210820,174.6,170.1,147.9,134,129.5,135.5,127.3,121.8,162.8,170.3,173.1,174.3,204.8,184.8,195.3,201.7,206.4,197.3,212,210.8,204.7,199.6,194.6,204.4,13.3,6.2,21.48,26,27,25,24,23,5.5,3.7,2.3,2.2,2,4,4,4,4,4,60,60,60,60,30,1,0,0
210823,221.7,198,190.4,172.8,168.2,161,144.2,160.7,158.4,174.7,173.6,185.3,184.5,188.2,193.9,191.6,205,190.6,211.6,210.3,205.7,208.2,200.8,204,13.2,0,0,28,27,25,25,24,5.8,4.1,2.8,2.3,1.7,4,4,4,4,4,60,30,30,30,30,0,0,0
210824,203.4,192.2,177.6,151.3,145.6,136.9,137.5,151.2,165.1,172.5,183.6,206.2,192.4,194.6,209.3,189.6,204.4,218.7,202.4,198.9,213,222.5,213.1,219.8,13.2,0,0,26,26,25,24,23,1.6,1.7,1.5,1.3,1.2,4,4,4,4,3,62,60,30,30,20,0,0,0
210825,198.7,190.3,170.2,163.6,156.9,141.8,143.2,142.6,159.1,167,171.1,179.9,215,208.7,206.3,212.7,205.2,202.7,212.6,201.8,225.6,209.9,216.3,207.8,13.2,0.4,8.42,30,28,24,23,22,2.4,1.5,1.2,1,1.1,3,3,1,1,1,20,20,0,0,0,0,0,0
210826,211.3,215.7,180.5,164.8,140.8,148.2,147,154.5,164.1,171.6,178.1,180.4,187.3,202.5,217.8,211.8,215.1,224.9,206.5,218.1,214.4,199.1,203.9,196.7,13.1,6.4,21.14,28,25,24,22,22,4.3,1.4,1.2,1.5,1.3,4,4,4,4,3,60,60,30,30,20,7,0,0
210827,213.4,182.1,171.2,157.4,132.3,120.3,121.7,147.1,157.3,178.1,193.2,188.7,220,217.4,207.9,224.2,222.2,208.1,196.1,201.3,202.1,200.8,192.8,193.7,13.1,0.7,7.63,29,27,23,22,22,2.3,1.7,1.1,1,0.4,4,4,4,3,4,30,30,60,20,30,0,0,0
210830,204.6,176.7,166.1,142.9,139,132.9,126.3,142.4,172,183.1,200.7,207.7,219.2,223.6,228.5,231.4,215.3,221.5,229.6,211.7,217.1,219.8,229.6,228.3,13,5.2,16.25,29,27,25,24,24,1.5,0.8,1.4,2,2.5,4,4,4,4,4,60,30,30,30,30,0,0,0
210901,222.8,195.8,172.5,151.2,151.7,128.2,165.7,141.5,171.2,173.8,207.3,221,216.7,225.9,222.4,225.7,218.7,215,212.8,224.1,220,220,192.2,217.4,12.9,0.4,5.5,24,23,22,21,20,2.5,1.3,1.4,1.9,2.1,4,4,4,4,4,60,60,30,60,60,0,0,0
210902,188,183.2,161,162,133.3,121.3,147.5,138.6,181,164.3,194.5,184.3,216.2,199.2,200.6,186.7,186.2,192.6,198,209.2,198.9,195.6,213.4,196.6,12.9,0,5.69,28,25,22,21,20,1.4,1.2,0.2,1.3,1.1,3,4,4,4,4,20,60,30,30,30,0,0,0
210903,195.7,185.2,161.4,128.3,119.4,136.3,131.3,131.1,141.2,160,163,184.8,214.8,221.5,222.7,220.1,222,239.7,225.8,210.8,226.1,220.8,208,215.1,12.9,0,14.17,27,25,23,22,21,0.5,0.8,1.6,1.9,1,4,4,4,4,4,30,30,30,30,30,0,0,0
210906,184,184.6,157.5,118.9,122.9,117.7,109.1,123.5,164,153.4,175.3,182.4,190.1,173.5,176.1,195,186.2,188.8,200.2,211.5,193.9,208.3,218.9,198.8,12.8,0,6.07,26,24,22,21,21,4.4,2.4,2.1,2.3,2.2,4,4,4,4,4,60,30,30,30,30,0,0,0
210907,201.2,173.7,168.1,136,124.1,126,111.7,129.7,151,151.3,195.5,184.4,198.4,190.1,205.6,199.6,196.8,195.4,212.7,191.9,202.7,190.1,194,183.3,12.7,0.4,6.73,27,24,20,18,18,3.3,2.3,1.2,0.9,1.1,1,1,1,1,1,0,0,0,0,0,0,0,0
210908,196.7,168.1,143.4,121,117.9,122.7,106.4,112.5,170.6,156.5,187.7,203.2,215.6,203.2,213.7,206.1,203.3,202.2,200.9,221.8,203.8,193.8,201.2,197.5,12.7,7,19.76,29,26,23,21,20,1,1.1,0.5,1.2,1.3,4,4,4,4,4,30,30,30,30,30,0,0,0
210909,193.5,175.2,141.3,138.2,120.5,117.5,104.2,120.2,137.5,144.6,174,174.4,208.1,204.3,205,214.1,225,204.6,200.3,197.5,208.2,212,209.9,204.1,12.6,4.3,16.68,24,23,21,20,20,2.6,1.1,1.4,1.3,1.1,4,4,4,4,4,30,30,30,30,30,0,0,0
210910,190.8,170.6,152.2,150.3,134.8,117.6,116.2,123.6,147.2,160.5,181.6,180.9,200.3,198.8,191.2,209.2,197.6,200.3,206,198.2,211.5,203.3,230.6,199.8,12.6,8,7.33,30,27,23,21,20,1.8,1.5,0.8,0.7,1.4,1,1,3,3,3,0,0,20,20,20,0,0,0
210913,215.5,196.8,167.7,155.3,132,128.5,123.3,128.5,157.1,196.5,195.7,189.8,212.2,203.6,218.6,212.2,226.4,194.8,221.9,232.6,226.6,232.6,242.1,218.3,12.5,4,15.62,25,24,22,21,20,4.3,2.9,2.3,2.6,2.2,4,4,4,4,3,60,60,30,60,20,0,0,0
210914,204.7,217.7,169.8,150.4,146.8,140.2,125.9,137.6,161.6,160,185.6,173.7,193.5,187.1,186.8,191.8,215.4,200.6,230.4,200,206.1,211,230.4,223.6,12.5,0.5,7.06,28,25,21,19,19,3.9,3.2,2.5,2.3,2.1,4,3,4,4,3,30,20,30,30,20,0,0,0
210915,217.5,188.5,159.8,149.6,140.6,133.9,118.9,135.2,157.9,145.5,180.7,178.2,203.7,197.3,218.7,224.1,228.8,217.7,222.1,219.3,213.6,209.8,217,214.5,12.4,10.3,22.98,27,24,22,21,20,3.3,1.9,3.4,3.8,9.6,4,4,4,4,3,30,30,70,60,20,0,5,0
210916,210.8,193.3,164.3,144.8,137.1,135.8,116,123,148.4,153.6,175.2,182.5,208.4,198.3,201.6,180.2,197.7,207.1,204.3,197.2,211.1,223.8,204.2,218.8,12.4,3.3,9.8,28,25,22,20,19,4.5,3,2.5,0.8,0.6,4,4,4,4,4,30,30,30,30,30,0,0,0
210917,203.8,200.3,171.9,151.6,134.4,141.2,136.3,130.4,157.8,153.1,170.6,184.4,196.2,192,215.3,200.5,196.2,204.7,200.7,183.7,173.9,176.9,172.5,185.3,12.3,7.8,15.23,28,25,21,20,18,1,1.2,0.6,1.2,1.2,4,4,3,4,3,30,30,20,30,20,0,0,0
210920,143.3,130.4,113.4,116.5,127,125.5,105.8,105.4,123.5,108.7,129.7,137.2,147,158.2,159.2,180.8,181.8,163,161,141.8,154,150.9,152.3,148.9,12.2,10.6,21.96,26,24,21,20,20,3.1,1.7,1.7,1.7,1.7,3,3,1,1,4,20,20,0,0,30,0,0,0
210921,152.6,145.9,140.7,127.6,127.1,118.9,128.2,130,114.4,121.9,145.5,131.8,140,147.5,146.4,153.9,156.5,155.9,162,159.7,164.8,154.9,157.4,154.6,12.2,3.8,11.06,28,24,20,18,17,3.9,1.7,1.4,1.1,1.6,1,1,1,1,1,0,0,0,0,0,0,0,0
210922,157.8,143.1,120,124,112.1,120.7,107.3,108,119.7,116.9,129.6,123.7,161.2,160.9,175.3,168.4,187.7,177.3,172.8,174.4,180.3,178.8,188.4,184.7,12.2,8.8,18.2,26,22,18,16,16,3.4,1.5,1.1,1.2,1.7,1,1,3,1,1,0,0,20,0,0,0,0,0
210923,167.6,161.6,125.3,119.1,120.4,104,113.5,115.2,132,146.4,172,172.4,183.4,188.2,195.9,185.7,183,188.8,190.9,182.5,192,176.8,171.3,180.8,12.1,10.1,21.43,27,24,20,19,17,1.4,1.3,1.7,1.6,1.4,1,4,4,1,1,0,30,30,0,0,0,0,0
210924,163.8,154.7,133,126.2,127.3,119.8,110.9,106.6,116.1,126.2,137.3,147.7,173.8,176.7,187.2,202.6,203.9,197.2,200.4,184.4,186.6,191.3,192.4,184.9,12.1,2.2,19.35,26,23,20,18,17,2.6,2,1.2,1.3,1.2,4,4,3,3,3,30,30,20,20,20,0,0,0
210927,200.3,179.6,151.3,135.2,127.4,125.3,114.6,119.9,160.1,141.8,165.9,187.7,210.5,200.8,213.4,218.4,202.3,211.5,205.3,211.9,201.4,218.7,199.7,221.2,12,3.4,12.17,26,24,22,22,22,1.7,1.8,2.3,2.1,2.1,4,4,4,4,4,30,30,30,30,30,0,0,0
210928,201.8,205.1,162.9,144.2,135,116.2,123.5,123.1,144.3,173.2,217.1,182.4,228.6,210.9,190.5,198.6,201.7,195.9,201.9,214.5,214.9,209.2,217.6,211.3,11.9,1.5,10.69,24,23,21,21,20,1.9,2.2,0.8,1,2,4,4,4,4,4,60,60,60,60,30,4,3,0
210929,197.1,182.5,163,149.7,130.2,131.7,110.8,135.4,169.3,161.2,169.4,204.9,214.7,205.8,200,207.6,222.5,205.6,212.8,198.5,227.3,233.7,227.1,224.5,11.9,10.5,3.32,28,25,20,19,17,2.3,2.1,1.1,1.7,1,1,1,1,1,1,0,0,0,0,0,0,0,0
211004,190.3,180.4,158.4,143.1,129.3,134.9,129,128.3,157.7,154.3,168.6,194.1,207.1,217.5,218.3,229.5,222.3,215.3,228.2,213.6,235.1,234.2,226.6,215.7,11.7,8,17.12,28,25,21,18,17,2.8,1.3,1.1,0.9,0.7,1,3,1,1,1,0,20,0,0,0,0,0,0
211005,214.2,198.3,165.3,136.1,141.7,135.6,111.9,133.2,149.7,165.2,182.1,202.9,235.1,227.7,230.7,234.1,230.2,224,239,207.7,202.9,202.8,199.8,189.2,11.7,10.5,18.9,29,25,22,20,19,0.2,1.2,0.8,1.6,1.7,1,1,4,4,1,0,0,30,30,0,0,0,0
211007,204.4,180.5,173,136.3,118.3,113.2,123.8,129.3,164.5,143.8,181.1,199,234,215,204.8,209,199.4,208,192.2,207.1,209.8,199,206.3,194.9,11.6,4.5,10.76,26,24,22,21,20,0.8,0.9,1.2,1.2,1.7,4,4,4,3,3,30,30,30,20,20,0,0,0
211008,192.3,171.6,160.9,129.2,118,130,122.3,126.5,140.2,148.9,170.5,189.8,190.5,193.9,204.1,204.5,187,198.9,220.9,200.5,200.1,199.7,203.9,199.8,11.6,4.9,10.27,29,26,22,21,19,2.4,1.3,1.6,1.7,1.3,3,1,1,1,1,20,0,0,0,0,0,0,0
211011,199.9,190.3,179,167.5,137.5,117.6,114.1,117,140.4,131.3,140.9,159.2,169.8,170.6,181.2,157.8,166.1,167,183.9,181.4,177.1,195.5,196.2,199.9,11.5,0,4.91,22,20,18,17,17,3.5,2,2.1,2.5,1.4,4,4,4,4,4,30,30,30,30,30,0,0,0
211012,189.9,182.8,133.1,119.3,111.9,103.6,98.3,116.8,129.4,135.9,149.7,160.4,162.7,167.3,170.7,164.8,164.6,172.9,170.3,166.4,165.8,168.3,170.6,178.3,11.4,0,3.81,26,23,21,19,18,1.4,0.3,1.1,1.3,1.5,4,4,4,4,4,30,30,30,30,30,0,0,0
211013,166.1,156.6,137,116.1,104,111.9,96.5,105.8,128.9,125.3,134.4,160.4,168.5,176,191.5,188.8,170.9,176.4,186,182.6,185.4,196.4,172.4,189.8,11.4,0.9,10.16,25,22,19,17,17,2.6,1.2,1,0.9,0.9,3,1,3,4,4,20,0,20,30,30,0,0,0
211014,184.5,171.8,160.9,123.8,120.5,110.3,100.8,106,119.6,140.6,145.9,166.7,192.6,212.3,195.1,203.6,192.5,195.2,202.7,187.6,186.9,182,196,180.7,11.4,7.9,14.09,20,19,18,17,17,2.8,2.4,2.2,1.8,2.6,4,4,4,4,4,60,60,60,60,30,0,0,0
211015,196.8,192.2,153.1,133.9,120.9,104,94.1,99.6,120.7,169,156.1,162.8,175.6,165.4,187.6,183.4,165.7,168.3,178.5,179.2,174.4,173.5,189.6,191.2,11.3,10.2,10.14,13,11,9,7,5,5.4,3.7,4.8,5.1,5.2,4,4,4,3,1,30,30,30,20,0,0,0,0
211018,155.7,152.5,129.6,125.4,108.7,105.9,81.3,84.8,109.5,105.8,106.9,98.3,116.6,131.7,119.2,122.6,121.9,133.5,153.5,164.2,150.5,156.2,141,162.4,11.2,9.9,19.2,16,12,9,7,4,5.5,2.3,1.6,1.6,1.4,3,1,1,1,1,20,0,0,0,0,0,0,0
211019,159.2,155.2,146.3,108.4,113,91.5,98.3,82.1,119.5,106.6,107.5,113.5,120.2,130.3,125.4,127.3,125.4,138.2,162,151.7,141.1,142.9,158.9,142.9,11.2,5,11.65,16,12,8,6,4,2.3,1.4,1.7,1.3,1.6,1,1,1,1,1,0,0,0,0,0,0,0,0
211020,142.3,138.8,137.3,104.3,105.3,83.4,86.2,83.2,94.8,94.1,108.5,110.1,117.8,126.9,152.3,134.5,139.2,134,155.2,144.9,157,149.9,154.7,143.7,11.1,5.7,13.02,16,12,8,7,6,3.1,1.7,1.3,1.4,1.4,4,4,1,1,1,30,30,0,0,0,0,0,0
211021,149.2,151.3,149.6,127.4,123.7,94.5,106.4,86.6,105,101.6,110.5,118.5,126.3,126.3,134.5,127.9,127.7,142.5,147.9,158.5,146.6,150.8,147.3,157.1,11.1,9.4,17.83,16,13,9,7,5,5.1,1.9,1.5,1.5,1.4,1,1,1,1,1,0,0,0,0,0,0,0,0
211022,156.7,141.1,142.2,136.3,125.1,117.6,109.5,115.5,103.4,102.3,99.5,107.1,108.9,135,136.3,120.9,127.3,160.9,160.4,150,157.3,171.7,158.6,168,11.1,9.5,17.73,19,14,9,7,6,1.7,2.2,1.9,1.5,1.4,1,1,1,1,1,0,0,0,0,0,0,0,0
211025,149.1,130.3,113,108,101.7,106.4,84.8,86.3,88.8,91.1,89.5,108.5,108.7,103.7,113.1,122.3,119.8,120.8,138.4,155.3,137,142,157.4,149.5,11,9.8,17.03,20,15,11,11,9,2.6,1.8,0.8,0.1,0.9,1,4,4,4,4,0,30,30,30,30,0,0,0
211026,140.7,127.9,117.1,125.2,104.2,93.2,94.7,92,87,87.4,92.5,114.1,110,103.1,111,120.3,129.9,131.7,131.6,142.9,148.8,142.4,146.9,144,11,9.6,16.37,19,14,10,7,6,3.7,1.7,1.3,1.4,1.7,1,1,1,1,1,0,0,0,0,0,0,0,0
211027,145.7,132.2,123.9,108.4,104.1,91.3,93,95.6,112.3,95.5,95.3,114.2,108.2,106.2,110.7,115.7,133.4,137.4,136.1,145.7,151.1,138.6,147,131.1,10.9,9.9,15.61,20,14,10,8,7,3.1,1.5,2,1.6,1.8,3,1,1,1,3,20,0,0,0,20,0,0,0
211028,134.8,143.2,113.4,112.9,109,100.5,91.5,91.2,103.9,98.4,89.3,96.2,115.1,119.5,120.9,119.4,132.1,148.5,136.9,145.7,146.7,158.7,155.4,141.5,10.9,9.7,17.39,21,16,11,9,9,0.8,0.8,1.3,1.1,1.7,1,1,3,3,3,0,0,20,20,20,0,0,0
211101,151.6,139.1,128.8,101.3,112.4,97.8,102.7,104.8,114.6,113.6,105.8,107.5,134.7,109.7,130.7,113.3,140.2,144.6,139.7,156.9,171.8,169.1,172.4,163,10.8,8.3,13.22,17,13,9,7,5,3.1,1.8,1.2,1.1,1.6,3,4,3,1,1,20,30,20,0,0,0,0,0
211102,140.4,123.8,132,117.8,108.2,100.5,91.8,110.3,120.3,115.3,122.8,115.5,135.6,116.6,131.4,147.7,168.8,154.1,171.6,148.8,155.8,166.4,144.6,167.2,10.7,6.1,12.29,18,13,9,8,7,2.6,1.3,1.7,0.8,0.4,1,1,1,3,4,0,0,0,20,30,0,0,0
211103,172.8,157.2,123.3,119.2,110,110,101.6,89.1,104.7,114.3,119,154.7,123.7,125.9,116.9,128.3,134.4,158.7,148.3,153,164.3,159.1,157.1,161.1,10.7,8,14.77,21,15,10,8,7,2,1.9,1.8,1.6,1.9,1,1,1,1,1,0,0,0,0,0,0,0,0
211104,156.9,144,129.6,116.3,96.5,107.6,93.5,109,119.6,105.8,117.3,117.8,124.3,119.2,116.5,129.7,126.8,137.9,153.2,145.8,147,153.1,160.4,159.1,10.7,9.4,14.78,20,15,11,10,9,2.1,2.3,2.2,1.9,2.2,3,3,3,3,4,20,20,20,20,30,0,0,0
211105,152,138,123.4,108,103.4,108.4,97.9,95.9,119.2,111.9,103.7,104.6,128.2,115.8,122.1,118.3,124.7,139.7,151.3,147.8,149.4,148.5,171.7,164.4,10.6,8,10.83,22,16,12,9,8,2.8,2,1.9,1.6,1.6,1,1,1,1,1,0,0,0,0,0,0,0,0
211108,156,137.8,135,114.4,106.1,93.4,91,120.7,120.4,138.1,128.2,149.7,137.7,149.3,134.1,151.4,146.2,169,163.1,166.6,163.2,169.9,174.6,182.7,10.5,1,4.73,11,9,7,6,6,5,2.7,2.1,2.8,3.1,4,3,3,3,4,30,20,20,20,30,0,0,0
211109,158.7,144.2,137.8,141.5,113.5,119.7,98,106.6,114,110.2,127.8,126.6,151.7,135.3,139.1,149.1,138.9,140.3,182.8,160.9,163.9,164.7,167,170.2,10.5,0.8,5.36,10,9,8,8,7,6,1.8,1.6,1.6,1.3,4,4,4,4,4,30,30,60,30,30,0,0,0
211110,166.3,153.8,144.7,124.7,130,122.1,122.2,119.9,106.4,116.9,135.3,147.4,146.6,158.8,143.2,141.2,151.6,148.5,147.3,158.9,181,177,177,175.6,10.5,1.3,4.73,11,8,6,5,4,5.2,1.7,1.6,1.8,1.7,4,4,3,4,4,30,30,20,60,30,0,0,0
211111,170.3,155.7,143,122.9,124.3,97.4,97.5,101.9,114.8,131.3,131.5,142.7,147.5,156.6,134.5,142.4,146.9,168.9,164.6,162.9,162.5,162.2,172.3,167.7,10.4,1.5,5.4,10,8,6,4,4,2.6,1.5,1.9,1.4,1.2,4,4,4,4,4,60,30,30,30,30,0,0,0
211112,148.8,150.5,143.2,122.4,124.2,110.7,122.3,112.2,115.5,117,113.3,131.4,139.5,121.9,128.8,133.1,137.6,140,148.5,150.3,182.5,168.2,170.2,152.3,10.4,6.7,9.13,15,11,7,6,5,3,1.8,1.8,1.6,1.5,3,3,1,3,3,20,20,0,20,20,0,0,0
211115,166.4,159.5,158.9,125.6,114,122.7,94,120.1,118.4,126.4,125.8,133.5,125,123.4,134.2,132,134.9,156.2,175.8,179,157.1,165,174.1,162,10.3,8.6,12.34,16,10,6,5,3,2.8,1.5,1.3,1.2,1.9,1,1,1,1,1,0,0,0,0,0,0,0,0
211116,169.8,161.2,123.9,158.9,119.5,117.6,99.9,96.2,114.6,110.6,139,142.1,142.2,121.2,138.1,123.2,126.8,152.1,182.4,175.4,152.7,169.8,190.2,165.6,10.3,8.8,12.26,15,10,7,6,5,1.8,1.4,0.5,0.7,1.2,3,3,3,3,4,20,20,20,20,30,0,0,0
211118,160,159.6,155.6,131.5,127.3,119.8,115.9,91.7,117.2,134.3,120.6,125.7,130.7,123.1,114.6,128.1,133.1,148.3,161.4,176.9,174.2,154.7,159.6,155.8,10.3,9,12.86,18,13,9,8,8,2.4,1.6,1.2,1.4,1.8,3,1,1,1,1,20,0,0,0,0,0,0,0
211119,156.6,145.7,164.1,133.7,129.3,93.9,92.9,94.4,126.1,116.1,101.7,101.5,124,114.1,124.2,132.4,125.9,143,149.9,184.4,160,154,159.7,150.8,10.2,0.4,12.1,18,13,9,8,7,1.6,1.7,1.8,2,1.5,3,4,3,3,3,20,30,20,20,20,0,0,0
211122,141.8,135.5,123.5,117.4,101.1,102.9,86,111.2,107.7,112.4,126.6,135.2,142.3,137,145.9,138.4,143.5,153.8,178.4,180.3,155.9,160.2,174.3,163.7,10.2,1.9,6.92,6,5,4,4,4,4.2,1.4,2,1.9,1.6,4,4,4,4,4,60,30,30,30,30,0,0,0
211123,164.5,151,131.7,134.7,118.4,111.9,107,128.8,120.8,111.8,134,145.4,145.2,129.5,137.3,148.1,149.6,159.7,188.6,183.4,188,176.3,162.2,169.6,10.1,0.6,4.52,13,8,5,5,6,4.5,1.6,1.6,1.6,1.5,1,4,4,4,4,0,30,30,30,30,0,0,0
211124,181.5,149.1,140.7,123.5,122.7,125.6,120.1,109.6,129.9,112.5,130,131.8,136,130.4,154.9,141.1,141.7,153,177.1,179.1,167.2,155.4,165.1,159.4,10.1,5.6,9.21,12,7,3,2,1,4.1,1.3,1.3,1.5,1.3,1,3,1,1,3,0,20,0,0,20,0,0,0
211125,177.6,173.6,144.2,150.8,137,115.3,120.5,127.7,141.7,122.4,126.1,132.6,145.6,155.8,144.7,138.3,151.3,139.9,162.2,180.8,175.2,167.5,167.3,172.7,10.1,7.4,10.51,10,6,5,3,2,2.3,1.3,1.2,2,1.5,1,1,3,3,3,0,0,20,20,20,0,0,0
211126,167.4,169.5,151.7,136.3,132.4,132.6,134.9,137.5,128,122,124.4,129.7,138.4,143.1,125.6,137.2,140.5,155.2,179,159.1,166.8,164,162.1,178.1,10.1,9.2,13.54,10,5,2,1,0,2.3,2.1,1.5,1.7,1.8,1,1,1,1,1,0,0,0,0,0,0,0,0
211129,168.7,168.9,148.8,135.8,134.8,120,116.9,121.5,138.2,136.9,129.1,156.1,162.9,146.4,141.1,138,145.2,151.2,165.2,179.7,177.5,176.3,159.6,160.8,10,0,12.51,10,7,5,4,3,6.7,8.1,6.6,5.5,7.9,4,4,1,3,3,60,30,0,20,20,0,0,0
211201,186.2,155.1,140.5,128,125.5,110.1,125.9,134,131.2,135.6,140.6,156.8,168.5,162.1,168.1,166.8,164.1,196.1,190.5,180.4,193.1,190.2,191.4,184.7,10,0.6,4.57,8,5,4,4,4,2.9,1.8,2.3,1.6,1.7,4,4,4,4,4,30,30,30,30,30,0,0,0
211202,185.3,179.8,164,136.8,122.6,131.5,129.7,121.2,139.6,134.7,120.5,137.2,134.5,140.3,160.3,144,148.7,162.9,188.8,170.5,174.6,168.6,171.9,188.8,10,6,10.64,8,5,3,3,1,5,2,1.2,1,0.8,1,4,4,4,4,0,30,30,30,30,0,0,0
211203,176.6,173.7,159.4,153.7,135.3,122.7,130.8,126.3,123.5,130.7,151.9,154.3,152.6,139.3,144.9,150,157.1,174.5,172.7,197.8,184.6,179.6,181.7,171.3,9.9,9.1,6.6,10,6,2,0,-2,3.2,1.8,1.3,1.2,1.3,3,3,1,1,1,20,20,0,0,0,0,0,0
211206,176.7,178.7,156.6,140.3,126,120.4,115.9,111,148.7,120.6,128.9,198.3,146.6,147.8,131.3,131.9,128.1,145.4,166.2,176.9,154,164.6,175.9,170.3,9.9,8.9,12.14,12,8,4,2,1,3.4,1.7,1.4,2.1,0.9,1,1,1,1,1,0,0,0,0,0,0,0,0
211207,161.2,150,143.5,129.7,119.7,129.9,116,109.3,135.1,128.9,118.4,137.1,152.2,140.9,130.2,143.8,135,157.4,170.4,184.7,175.4,170.1,167.9,168.6,9.9,8.7,11.56,14,8,5,3,2,1.6,1.9,1.5,2.1,1.5,1,1,1,3,3,0,0,0,20,20,0,0,0
211208,167.1,169.5,145.1,150.9,141.9,138,120.5,127.8,121,122.2,131,133.5,143.6,132.5,123.7,148.7,140.5,142.5,181.1,197.1,181.6,180.8,152.2,178.2,9.9,9,12.13,12,9,7,6,5,2.1,1.4,1.7,1.4,1.5,4,4,4,4,4,30,30,30,30,30,0,0,0
211209,179.7,166.3,148.3,141.7,128,136.6,111,121.1,121.7,126.6,132.8,156.7,154.5,139.9,138.6,121.4,138.5,144,175.6,176.9,173.4,157.2,164.8,170.8,9.9,2.8,8.08,13,9,6,5,5,3.1,1.4,1.1,1.3,1.8,4,3,1,3,3,30,20,0,20,20,0,0,0
211213,172.4,179,163.1,161.6,138.1,136.2,140.5,140.4,149.8,125.5,138.8,142.6,145.1,134.4,156.3,142.4,159.2,164.7,222,197.2,183.9,191.4,169.9,181.5,9.8,9.1,12.83,8,5,1,0,0,2.6,1.8,2,2.3,1.6,4,3,1,3,1,30,20,0,20,0,0,0,0
211214,197,190.1,166.8,159.4,134.5,148,144.3,140.7,143.2,150.4,141,149.3,153.3,140.7,136.3,139.6,162.9,165.4,185.4,163.7,179,173.1,174.7,181,9.8,5.7,9.93,14,9,5,4,4,2.8,1.5,0.6,1,0.9,3,3,3,3,4,20,20,20,20,30,0,0,0
211215,184.6,182.1,185.8,167.9,137.2,139.7,141.7,133.6,151.8,138.9,135.2,154.5,130.4,129.5,136.5,148.2,148.9,169.4,175.6,188.2,173.9,179.4,178.3,175,9.8,4.7,8.58,11,9,6,6,5,3,1.5,1.4,1.3,3.4,4,3,3,4,4,30,20,20,30,30,0,0,0
211216,166,165.2,154,148.4,155.4,136,125.5,128.2,141.5,140.5,133.8,154.4,144.8,156.7,142.9,156.6,162.2,164.4,184.5,173.6,171.1,166.1,182.6,163.7,9.8,0.7,5.67,0,-2,-3,-5,-6,5.6,5.7,4.7,2.9,2.8,4,4,4,4,4,60,60,60,30,30,0,0,0
211217,179.8,184.4,160.1,149.7,125.3,137.5,135.6,123.3,135,139.5,141.3,142.2,155.5,170.1,162,175.5,187.6,183.6,180.7,203.3,192.9,180.9,193.9,198,9.8,7.3,4.92,1,-1,-2,-2,0,0.7,1.5,1.4,1.6,1.6,4,4,4,4,4,30,60,30,30,30,0,0,0
211220,161.3,178.8,146.2,142.9,122.4,118.4,131.5,123.9,125.5,130.3,138.8,144.4,159.4,144.7,151,134.3,136.5,159.1,166.3,171.2,182.3,179.6,171.8,165.5,9.8,7.1,9.46,13,8,3,-1,-2,3,2,2.3,2.5,2.8,1,1,1,1,1,0,0,0,0,0,0,0,0
211221,171.3,173.3,154.2,143.6,133.2,120.2,126.6,135.6,132.2,139.8,138.3,145,133.8,135.7,141.1,132.7,142.4,138,167.9,169.3,178.5,183.4,163.8,168,9.8,9,9.63,11,5,0,-2,-3,2.7,1.5,1.4,1.4,1.9,1,1,1,1,1,0,0,0,0,0,0,0,0
211227,191.2,193.3,184.2,181,195,187.5,193.3,178.3,189.7,202,174.4,169.5,150.4,153.3,143.2,181.6,168.2,169.2,188.2,177,183.8,186.6,197.3,190,9.8,6.5,11.35,8,4,1,0,-1,2.6,1.3,1.1,1.4,1.2,4,4,4,4,4,30,30,30,30,30,0,0,0
211228,188.9,185.9,180.4,164.4,163.4,174.1,145.8,158.3,156,145,135.3,141.3,144.8,151,140.3,159.2,155.4,156.4,164.4,166.1,154.8,175.9,167.9,179.6,9.8,2.4,7.49,8,5,3,1,0,4.7,2,3.2,2.8,3,4,4,4,4,4,30,30,30,30,30,0,0,0
211229,165,161.3,163.1,160.6,153.3,151.4,150.5,149.1,146.3,147.3,140.6,134.5,143.2,130.4,144.7,137.6,145.3,135.2,192.8,176.2,190.4,166.6,166.2,167.8,9.8,3.6,7.77,4,2,0,-2,-4,6.5,3.1,3.3,3.7,4.2,4,4,4,4,4,60,30,30,60,60,0,0,0
